study_id,title,authors,year,venue,doi_or_url,publication_type,peer_reviewed,formal_corpus_role,transportation_scope,task_stage,learned_component,road_context,agent_types,input_modalities,output_object,risk_sources,shift_construction,shift_realism,shift_detectable,safety_consequence,signal_risk_relation_level,monitoring_horizon,risk_label_source,method_category,uncertainty_output,uncertainty_type,uncertainty_provenance,risk_definition,loss_function,calibration_target,decision_relevance_primary,decision_mechanisms,operational_threshold,feedback_availability,guarantee_target,statistical_guarantee_type,statistical_guarantee_strength,formal_control_guarantee,guarantee_scope,guarantee_violation_tested,under_shift_validity,claim_status,intervention_primary,intervention_secondary,trigger_rule,fallback_policy,intervention_cost,online_latency,transportation_impact,datasets_simulator,predictive_metrics,calibration_metrics,safety_metrics,utility_metrics,boundary_decision
HAND-S13,Ranging from Prediction to Planning via Machine Learning Approaches for Autonomous Driving: A Survey,Ding Li; Qichao Zhang; Dongbin Zhao,2026,Artificial Intelligence Review,10.1007/s10462-026-11604-8,journal,yes,contextual,road-autonomous-driving,risk-monitoring,uncertainty-estimator,NR:road context not specified,vehicle,image,NR:output object not explicit,model_misspecification,online temporal change,NR:shift realism not stated,no,NR:safety consequence not explicitly operationalized,qualitative-narrative,NR:actionable monitoring horizon not reported,NR:risk label source not explicitly reported,deterministic_confidence,NR:uncertainty output not explicitly reported,unspecified,not-applicable,"Signal/method: a prior review mapping marginal, conditional, and interactive prediction into planning, including uncertainty, risk tolerance, distribution shift, and closed-loop evaluation. Boundary: it directly maps the prediction-planning interface but does not systematically code calibration guarantees, risk thresholds, runtime minimal intervention, or online recalibration.",reported,NA:no explicit calibration target,none,discrete-trigger,reported,delayed observed outcome,NA:no explicit guarantee target,none,G0,none,NA:no statistical guarantee,NA:no statistical guarantee,NA:no statistical guarantee,not-applicable,no_intervention,none,NA:no runtime intervention,NA:no runtime intervention,reported,NR:end-to-end online latency not reported,reported,nuScenes; Waymo; Argoverse; CARLA; SUMO; INTERACTION; NGSIM; HighD; Lyft; Shifts,ADE; FDE; accuracy/AUROC,NA:no calibration metrics,collision,efficiency/travel-time; comfort,contextual
HAND-T11,In-Distribution Barrier Functions: Self-Supervised Policy Filters that Avoid Out-of-Distribution States,Fernando Castaneda; Haruki Nishimura; Rowan McAllister; Koushil Sreenath; Adrien Gaidon,2023,L4DC 2023,NR:DOI or canonical URL not available,conference,yes,contextual,single vehicle; general visual navigation,policy; control filter,behavior-cloned policy; learned encoder/dynamics/iDBF,driving corridor; navigation,vehicle; robot; obstacle,image; latent state; demonstrations,filtered action,environmental_shift; epistemic_uncertainty; model_misspecification,self-supervised forward samples contrasting demonstration support,synthetic; learned-support,no,collision; leaving safe demonstration distribution,learned-correlation,one-step latent forward filtering; no advance-time report,behavior-cloning action likelihood/demo support,selective_prediction; failure_prediction,learned barrier/support score,epistemic/unspecified,model-output-score,departure from demonstrated safe-state distribution,reported,none,constraint-or-cost,learned-support QP filter,QP/filter strength derived from learned iDBF; no risk probability,state observation each step; no label-based recalibration,demonstration-distribution support,none,G0,none,one-step action filter,yes:collision/intervention tests,no,not-applicable,policy_filter,none,QP rejects actions predicted to leave learned support,behavior-cloned nominal policy,intervention/safety trade-off reported qualitatively,NR,ego collision/task success only,visual navigation and driving-corridor simulations,task performance,none,collision rate,intervention/task completion,contextual
HAND-T13,Adaptive Conformal Prediction for Motion Planning among Dynamic Agents,Anushri Dixit; Lars Lindemann; Skylar X. Wei; Matthew Cleaveland; George J. Pappas; Joel W. Burdick,2023,L4DC 2023,NR:DOI or canonical URL not available,conference,yes,contextual,general robot-dynamic agent,motion forecasting; planning,one-step predictor; adaptive CP; MPC,unstructured dynamic environment,robot; flying obstacle,state; trajectory,online prediction set radius; control,temporal_drift; interaction_uncertainty,online sequential errors; flying-disc simulation,synthetic,no,collision/unsafe planning; MPC infeasibility,formal-quantitative,one-step updates embedded across planning horizon,realized next-state prediction error,online_or_adaptive_conformal; conformal_prediction,prediction set/radius,total/unspecified,set-based,miscoverage of dynamic-agent prediction set and induced safety,NR:risk or safety loss not explicitly reported,long-run average coverage/safety,constraint-or-cost,adaptive CP radius in MPC,target miscoverage delta; adaptive recursion,next observation supplies delayed one-step error online,long-run prediction-set coverage and safety,sequential_or_time_uniform,G4,recursive-feasibility,time-average one-step coverage and safety,yes:coverage/success plus infeasibility exposed,long-run adaptation; not arbitrary shift guarantee,conditional,mpc_filter,replanning,adaptive CP radius enters obstacle margin,none if MPC infeasible,larger sets cause conservatism/infeasibility; rates reported,NR,robot success only,flying-disc dynamic-agent simulation; 1000 Monte Carlo trials,prediction error,coverage/miscoverage,collision/success; feasibility,path cost/conservatism,contextual
HAND-T14,"Heterogeneous Predictor-based Risk-Aware Planning with Conformal Prediction in Dense, Uncertain Environments",Jeongyong Yang; KwangBin Lee; SooJean Han,2026,NeuS 2026,NR:DOI or canonical URL not available,conference,yes,contextual,general robot-dynamic multiagent,motion forecasting; planning; compute routing,heavy/light predictors; CP risk estimator; MPC,dense unstructured environment,robot; dynamic obstacles,state; trajectories,CP radii; collision probability; predictor route; control,interaction_uncertainty; model_misspecification; compute_budget,random dense dynamic-obstacle episodes,synthetic,no,collision; unprotected residual risk; deadline miss,formal-quantitative,multi-step horizon H; exact seconds NR,trajectory errors and collision geometry,conformal_prediction; probabilistic_model,prediction radius; Gaussian collision probability,aleatoric/total,hybrid:set-based+learned-parametric,CP-matched probability of collision plus residual risk for unrouted obstacles,NR:risk or safety loss not explicitly reported,trajectory coverage and collision constraint,constraint-or-cost,predictor routing; chance-constrained MPC,risk/compute routing thresholds and delta budget,offline calibration; runtime outcomes not used to recalibrate,routed-obstacle joint coverage/collision risk,joint_multiagent,G3,chance-constrained-control,horizon and routed obstacle set,partial:residual risk/compute budgets tested,no claim for interactive/shifted traffic,conditional,mpc_filter,predictor_routing,P-CRI risk and compute budget choose heavy/light predictor; CP radius constrains MPC,residual-risk accounting when obstacles omitted,safety-path length-compute trade-off,budget 30-60 ms,path length/success; no traffic system,dense dynamic-obstacle numerical environment,prediction accuracy NR in coding focus,CP coverage,collision/success/residual risk,path steps; compute budget,contextual
REC-014E89FBE24D,Autonomous vehicles in mixed-autonomy traffic: game theoretic human-like decision making countermeasures,"Chen, Qitong; Zhao, Dong; Liu, Congzhi; Yang, Meng; Shi, Yehui",2024,Complex Engineering Systems,10.20517/ces.2024.69,Review,yes,contextual,vehicle-vehicle; traffic-system; road-autonomous-driving,control-interface; policy-learning,policy,intersection,vehicle,V2X,NR:output object not explicit,model_misspecification,NA:no explicit distribution-shift construction,NA:no explicit distribution-shift evaluation,no,collision,qualitative-narrative,NR:actionable monitoring horizon not reported,collision,deterministic_confidence,NR:uncertainty output not explicitly reported,unspecified,not-applicable,Prior review mapping game-theoretic uncertainty and interaction signals to autonomous-driving decision/control methods; it provides direct interface context but no original runtime system or safety evaluation.,reported,NA:no explicit calibration target,none,none,reported,NR:feedback timing not reported,NA:no explicit guarantee target,none,G0,none,NA:no statistical guarantee,NA:no statistical guarantee,NA:no statistical guarantee,not-applicable,no_intervention,none,NA:no runtime intervention,NA:no runtime intervention,reported,NR:end-to-end online latency not reported,reported,INTERACTION; NGSIM,accuracy/AUROC,NA:no calibration metrics,constraint-violation,completion/success; efficiency/travel-time; comfort,contextual
REC-016C15AEE33F,"Distribution shift, generalization and OOD challenge in offline reinforcement learning: a comprehensive survey: Distribution shift, generalization and OOD challenge in offline RL...","Riahi Samani, Ali; Zhao, Xujiang; Chen, Feng",2026,Neural Computing and Applications,10.1007/s00521-026-11966-8,Review,yes,contextual,road-autonomous-driving,planning; policy-learning,policy,NR:road context not specified,vehicle; robot; heterogeneous,image,NR:output object not explicit,weather_or_visibility,online temporal change,natural,yes,NR:safety consequence not explicitly operationalized,qualitative-narrative,NR:actionable monitoring horizon not reported,reward-or-cost,deep_ensemble,variance,unspecified,ensemble-derived,"This is a comprehensive survey reviewing how uncertainty quantification signals (ensemble variance, MC-dropout uncertainty, Bellman uncertainty, model prediction variance, etc.) are used in offline RL to penalize out-of-distribution (OOD) actions and guide conservative value function/policy updates. Methods reviewed include MOPO, MOReL, PBRL, UWAC, EDAC, CODAC, and many others.",reported,NA:no explicit calibration target,none,none,reported,delayed observed outcome,NA:no explicit guarantee target,none,G0,none,NA:no statistical guarantee,NA:no statistical guarantee,NA:no statistical guarantee,not-applicable,no_intervention,none,NA:no runtime intervention,NA:no runtime intervention,reported,NR:end-to-end online latency not reported,NR:transportation-system impact not reported,MuJoCo; INTERACTION; Shifts,accuracy/AUROC,NA:no calibration metrics,NR:safety metrics not extracted,completion/success; efficiency/travel-time; reward/return,contextual
REC-019334CD9E57,INTERPRETABLE DEEP REINFORCEMENT LEARNING FOR AUTONOMOUS SYSTEMS: INTEGRATING CAUSAL INFERENCE WITH POLICY GRADIENTS,"Mahdi, Abdullah Farhan; Abed, Baraa Mohammed",2025,International Journal of Applied Mathematics,10.12732/ijam.v38i4s.239,Article,yes,contextual,vehicle-pedestrian; mobile-robot-or-general-robotics; road-autonomous-driving,perception-interface; planning; control-interface; policy-learning,policy,urban,vehicle; pedestrian; robot; vessel; heterogeneous,NR:input modality not reported in extracted evidence,action,weather_or_visibility; long_tail_scenario,NA:no explicit distribution-shift construction,NA:no explicit distribution-shift evaluation,no,collision,empirical-validated,NR:actionable monitoring horizon not reported,collision; reward-or-cost,formal_or_reachability_bound,variance,unspecified,model-output-score,The signal is a causal effect quantifier (Φ_SCM) computed via do-calculus interventions that measures whether an action causally affects outcomes.,NR:risk or safety loss not explicitly reported,NA:no explicit calibration target,monitoring-only,discrete-trigger,reported,delayed observed outcome,NA:no explicit guarantee target,none,G0,none,NA:no statistical guarantee,NA:no statistical guarantee,NA:no statistical guarantee,not-applicable,monitoring_only,emergency_braking,fixed-or-conditioned-threshold; see intervention evidence,emergency braking/stop,reported,reported at PDF p. 6: latency >300ms,NR:transportation-system impact not reported,Waymo; CARLA; Safety Gym,NR:predictive metrics not extracted,NA:no calibration metrics,collision; intervention/failure,completion/success; efficiency/travel-time; reward/return,contextual
REC-02FAE5132592,Multiple vehicle cooperation and collision avoidance in automated vehicles: survey and an AI-enabled conceptual framework,"Muzahid, Abu Jafar Md; Kamarulzaman, Syafiq Fauzi; Rahman, Md Arafatur; Murad, Saydul Akbar; Kamal, Md Abdus Samad; Alenezi, Ali H",2023,SCIENTIFIC REPORTS,10.1038/s41598-022-27026-9,Article,yes,contextual,traffic-system; road-autonomous-driving,perception-interface; planning; control-interface; policy-learning,policy,highway; urban; intersection,vehicle,V2X,NR:output object not explicit,weather_or_visibility,NA:no explicit distribution-shift construction,NA:no explicit distribution-shift evaluation,no,collision,qualitative-narrative,NR:actionable monitoring horizon not reported,collision,deterministic_confidence,NR:uncertainty output not explicitly reported,unspecified,not-applicable,"The signal: The paper surveys collision risk prediction, threat assessment, and uncertainty assessment methods (e.g., Time-to-X metrics, collision risk prediction, uncertainty assessment) as literature review topics. It then proposes an AI-enabled conceptual framework for multiple vehicle cooperation and collision avoidance (MVCCA) with a threat assessment phase containing three risk levels, but this framework is purely conceptual—no system is implemented or empirically validated.",reported,collision,none,none,reported,NR:feedback timing not reported,collision-risk,none,G0,none,NA:no statistical guarantee,NA:no statistical guarantee,NA:no statistical guarantee,not-applicable,no_intervention,none,NA:no runtime intervention,NA:no runtime intervention,reported,NR:end-to-end online latency not reported,reported,INTERACTION,accuracy/AUROC,NA:no calibration metrics,TTC/min-distance,efficiency/travel-time; comfort; reward/return,contextual
REC-059366A50CDB,A Survey on Cyber-Physical Security of Autonomous Vehicles Using a Context Awareness Method,"Zaboli, Aydin; Hong, Junho; Kwon, Jaerock; Moore, John",2023,IEEE ACCESS,10.1109/access.2023.3338156,Article,yes,contextual,vehicle-pedestrian; traffic-system; road-autonomous-driving,perception-interface; planning; control-interface,NA:no learned component clearly identified,urban,vehicle; pedestrian; heterogeneous,image; radar; V2X,action,weather_or_visibility; malicious_or_untrusted_information,NA:no explicit distribution-shift construction,NA:no explicit distribution-shift evaluation,no,collision,qualitative-narrative,NR:actionable monitoring horizon not reported,reward-or-cost,generative_or_diffusion,NR:uncertainty output not explicitly reported,unspecified,not-applicable,"The paper is a survey/review that discusses active inference (ActInf) models based on POMDPs for autonomous driving, covering traffic sign recognition (TSR), object classification (OC), context awareness (CAW), and cyber-physical security. It reviews how ActInf uses variational free energy (VFE) and expected free energy (EFE) to guide action selection under uncertainty (e.g.,). A mathematical ActInf-based POMDP model for collision avoidance is described in Section III-C with states, ac",reported,NA:no explicit calibration target,none,cost-or-objective,reported,delayed observed outcome,NA:no explicit guarantee target,none,G0,none,NA:no statistical guarantee,NA:no statistical guarantee,NA:no statistical guarantee,not-applicable,no_intervention,none,NA:no runtime intervention,NA:no runtime intervention,reported,NR:end-to-end online latency not reported,reported,INTERACTION,accuracy/AUROC,NA:no calibration metrics,NR:safety metrics not extracted,efficiency/travel-time; reward/return,contextual
REC-07B15F68212B,The Road to Safe Automated Driving Systems: A Review of Methods Providing Safety Evidence,"Gyllenhammar, Magnus; Rodrigues de Campos, Gabriel; Torngren, Martin",2025,IEEE TRANSACTIONS ON INTELLIGENT TRANSPORTATION SYSTEMS,10.1109/tits.2025.3532684,Review,yes,contextual,road-autonomous-driving,planning,NA:no learned component clearly identified,NR:road context not specified,vehicle,image,NR:output object not explicit,model_misspecification,NA:no explicit distribution-shift construction,NA:no explicit distribution-shift evaluation,no,infeasible-planning,qualitative-narrative,NR:actionable monitoring horizon not reported,planning-infeasibility,deterministic_confidence,NR:uncertainty output not explicitly reported,unspecified,not-applicable,"This paper is a literature review/survey that maps the landscape of methods providing safety evidence for Automated Driving Systems (ADSs). It reviews four categories of methods: design techniques, verification & validation, run-time risk assessment, and run-time (self-)adaptation. While Section VI (Run-time Risk Assessment) discusses threat-assessment metrics and Dynamic Risk Assessment (DRA) methods that connect situation awareness to quantitative risk measurement for run-time decision-making [PDF_",NR:risk or safety loss not explicitly reported,NA:no explicit calibration target,none,none,NA:no runtime intervention,NR:feedback timing not reported,NA:no explicit guarantee target,none,G0,none,NA:no statistical guarantee,NA:no statistical guarantee,NA:no statistical guarantee,not-applicable,no_intervention,none,NA:no runtime intervention,NA:no runtime intervention,reported,NR:end-to-end online latency not reported,NR:transportation-system impact not reported,INTERACTION,accuracy/AUROC,NA:no calibration metrics,NR:safety metrics not extracted,efficiency/travel-time,contextual
REC-082EA594CC67,Partially Observable Markov Decision Processes in Robotics: A Survey,"Lauri, Mikko; Hsu, David; Pajarinen, Joni",2023,IEEE TRANSACTIONS ON ROBOTICS,10.1109/tro.2022.3200138,Article,yes,contextual,vehicle-pedestrian; traffic-system; mobile-robot-or-general-robotics; road-autonomous-driving,perception-interface; planning; control-interface; policy-learning,policy,intersection,vehicle; pedestrian; robot; heterogeneous,state,NR:output object not explicit,environmental_shift; weather_or_visibility,NA:no explicit distribution-shift construction,NA:no explicit distribution-shift evaluation,no,NR:safety consequence not explicitly operationalized,qualitative-narrative,NR:actionable monitoring horizon not reported,reward-or-cost,probabilistic_model,distribution,unspecified,model-output-score,"This is a survey paper (a prior review) covering the application of POMDP planning to robotics across six categories, including autonomous driving (Section IV-B, PDF_PAGE 9). The paper reviews existing work and the POMDP framework's general interface—belief states as probability distributions over hidden system states—rather than presenting a single specific uncertainty/risk signal that is ACTUALLY consumed by a planner/decision-maker and evaluated for safety/task consequences. Per the screening criteria, ""prior re",reported,NA:no explicit calibration target,none,none,NA:no runtime intervention,delayed observed outcome,NA:no explicit guarantee target,none,G0,none,NA:no statistical guarantee,NA:no statistical guarantee,NA:no statistical guarantee,not-applicable,no_intervention,none,NA:no runtime intervention,NA:no runtime intervention,reported,NR:end-to-end online latency not reported,NR:transportation-system impact not reported,INTERACTION; HighD,accuracy/AUROC,NA:no calibration metrics,intervention/failure,efficiency/travel-time; reward/return,contextual
REC-0A5B6962EB3F,Pedestrian Collision Avoidance System for Scenarios with Occlusions,Markus Schraner; Maxime Bouton; Mykel J. Kochenderfer; Daniel Watzenig,2019,2019 IEEE Intelligent Vehicles Symposium (IV),10.1109/ivs.2019.8814076,IEEE Conferences,yes,contextual,vehicle-pedestrian; road-autonomous-driving,perception-interface; planning; control-interface; policy-learning,predictor,urban,vehicle; pedestrian; heterogeneous,state,action,weather_or_visibility; sensor_or_perception_error,NA:no explicit distribution-shift construction,NA:no explicit distribution-shift evaluation,no,collision,empirical-validated,NR:actionable monitoring horizon not reported,TTC; reward-or-cost,formal_or_reachability_bound,NR:uncertainty output not explicitly reported,unspecified,not-applicable,"POMDP belief and AEB collision risk directly change driving actions and have road-scenario safety evaluation, but the belief, transition, prediction and threshold logic are hand-specified rather than learned.",reported,collision,constraint-or-cost,discrete-trigger,reported,NR:feedback timing not reported,collision-risk,none,G0,none,NA:no statistical guarantee,NA:no statistical guarantee,NA:no statistical guarantee,not-applicable,trajectory_modification,none,fixed-or-conditioned-threshold; see intervention evidence,emergency braking/stop,reported,NR:end-to-end online latency not reported,reported,NR:dataset or simulator not extracted,NR:predictive metrics not extracted,NA:no calibration metrics,collision; TTC/min-distance,efficiency/travel-time; comfort,contextual
REC-0AE457EC30BF,Long-term safe reinforcement learning with binary feedback,Akifumi Wachi; Wataru Hashimoto; Kazumune Hashimoto,2024,Proceedings of the Thirty-Eighth AAAI Conference on Artificial Intelligence and Thirty-Sixth Conference on Innovative Applications of Artificial Intelligence and Fourteenth Symposium on Educational Advances in Artificial Intelligence,10.1609/aaai.v38i19.30164,Conference Paper,yes,contextual,road-autonomous-driving,control-interface; policy-learning,policy,NR:road context not specified,vehicle; robot; heterogeneous,NR:input modality not reported in extracted evidence,safety-constraint,weather_or_visibility; epistemic_uncertainty,NA:no explicit distribution-shift construction,NA:no explicit distribution-shift evaluation,no,constraint-violation; unsafe-control,qualitative-narrative,NR:actionable monitoring horizon not reported,constraint-violation; reward-or-cost,formal_or_reachability_bound; probabilistic_model,NR:uncertainty output not explicitly reported,epistemic,not-applicable,"Binary safety feedback (safe/unsafe) modeled via a GLM with logistic link, producing a pessimistic lower bound ℓ(s,a) on the true safety predictor f⋆(s,a) — an epistemic-uncertainty-aware safety estimate (PDF_PAGE 3–4, Assumption 1; PDF_PAGE 5, Eq. 9). (b) Changes",reported,constraint,constraint-or-cost,cost-or-objective,reported,delayed observed outcome,NA:no explicit guarantee target,none,G0,none,NA:no statistical guarantee,NA:no statistical guarantee,NA:no statistical guarantee,not-applicable,uncertainty_conditioned_policy,none,fixed-or-conditioned-threshold; see intervention evidence,NR:fallback policy not reported,reported,NR:end-to-end online latency not reported,NR:transportation-system impact not reported,NR:dataset or simulator not extracted,accuracy/AUROC,NA:no calibration metrics,constraint-violation,reward/return,contextual
REC-15CF4A976397,Online and Predictive Warning System for Forced Lane Changes Using Risk Maps,T. Puphal; B. Flade; M. Probst; V. Willert; J. Adamy; J. Eggert,2022,IEEE Transactions on Intelligent Vehicles,10.1109/tiv.2021.3091188,IEEE Journals,yes,contextual,vehicle-pedestrian; vehicle-vehicle; road-autonomous-driving,perception-interface; behavior-prediction; motion-forecasting; planning; control-interface,world-model,highway; intersection,vehicle; pedestrian; cyclist; robot; heterogeneous,image,action; warning-or-alarm,weather_or_visibility,NA:no explicit distribution-shift construction,NA:no explicit distribution-shift evaluation,yes,collision,learned-correlation,reported,NR:risk label source not explicitly reported,probabilistic_model,NR:uncertainty output not explicitly reported,unspecified,not-applicable,"Survival-analysis Risk Maps are consumed by a planner and alter lane/speed recommendations, but the risk/prediction/planning component is prescribed rather than learned; learned YOLO perception alone does not satisfy the frozen core rule.",NR:risk or safety loss not explicitly reported,trajectory; collision,constraint-or-cost,none,NR:operational threshold not reported,NR:feedback timing not reported,NA:no explicit guarantee target,none,G0,none,NA:no statistical guarantee,NA:no statistical guarantee,NA:no statistical guarantee,not-applicable,warning_only,none,continuous constraint-or-cost,NR:fallback policy not reported,reported,NR:end-to-end online latency not reported,NR:transportation-system impact not reported,INTERACTION,accuracy/AUROC,NA:no calibration metrics,NR:safety metrics not extracted,comfort,contextual
REC-15D1BC44F7B3,Review of Computational Techniques for Modelling Eco-Safe Driving Behavior,"Jain, Neetika; Mittal, Sangeeta",2023,International Journal of Automotive and Mechanical Engineering,10.15282/ijame.20.2.2023.08.0806,Review,yes,contextual,vehicle-pedestrian; traffic-system; road-autonomous-driving,perception-interface; planning; control-interface,NA:no learned component clearly identified,parking,vehicle; pedestrian; heterogeneous,image; V2X,action,weather_or_visibility,NA:no explicit distribution-shift construction,NA:no explicit distribution-shift evaluation,no,collision,qualitative-narrative,NR:actionable monitoring horizon not reported,collision,deterministic_confidence,NR:uncertainty output not explicitly reported,unspecified,not-applicable,"The paper does not present a novel uncertainty/risk signal — it reviews and catalogs driving behavior attributes (e.g., harsh acceleration/deceleration, overspeed, sharp turns) and computational models (shallow ML, deep learning, game theory) from the existing literature.",NR:risk or safety loss not explicitly reported,NA:no explicit calibration target,none,none,reported,delayed observed outcome,NA:no explicit guarantee target,none,G0,none,NA:no statistical guarantee,NA:no statistical guarantee,NA:no statistical guarantee,not-applicable,no_intervention,none,NA:no runtime intervention,NA:no runtime intervention,reported,reported at PDF p. 4: real-time driving modelling. Table 2 s,reported,INTERACTION; NGSIM,accuracy/AUROC,sharpness/set-size,NR:safety metrics not extracted,efficiency/travel-time; comfort,contextual
REC-176B8DE53EC0,Runtime Monitoring and Fault Detection for Neural Network-Controlled Systems,"Lan, Jianglin; Zhan, Siyuan; Patton, Ron; Zhao, Xianxian",2024,IFAC-PapersOnLine,10.1016/j.ifacol.2024.07.227,Conference paper,yes,contextual,road-autonomous-driving,perception-interface; risk-monitoring; control-interface,NA:no learned component clearly identified,urban; intersection,vehicle; robot; vessel; heterogeneous,state; image; V2X,NR:output object not explicit,weather_or_visibility,NA:no explicit distribution-shift construction,NA:no explicit distribution-shift evaluation,no,NR:safety consequence not explicitly operationalized,qualitative-narrative,NR:actionable monitoring horizon not reported,NR:risk label source not explicitly reported,formal_or_reachability_bound,NR:uncertainty output not explicitly reported,unspecified,not-applicable,"The signal is a robust interval bound on the neural-network controller and vehicle states/outputs, used to flag actuator, sensor, and communication-data faults during runtime. In the road ACC simulation, the monitor detects violations of interval-containment conditions, but it does not change the NN controller, planning constraints, candidate selection, or vehicle action; the conclusion explicitly leaves remedial actions as future work. Safety/task evaluation consists of ACC car-following with a defined safe headwa",NR:risk or safety loss not explicitly reported,NA:no explicit calibration target,monitoring-only,none,NR:operational threshold not reported,delayed observed outcome,NA:no explicit guarantee target,none,G0,none,NA:no statistical guarantee,NA:no statistical guarantee,NA:no statistical guarantee,not-applicable,monitoring_only,warning_only,continuous constraint-or-cost,NR:fallback policy not reported,NR:intervention cost not reported,NR:end-to-end online latency not reported,NR:transportation-system impact not reported,NR:dataset or simulator not extracted,accuracy/AUROC,sharpness/set-size,NR:safety metrics not extracted,NR:utility metrics not extracted,contextual
REC-1885100AF364,Gaussian Process Based Model Predictive Control for Overtaking in Autonomous Driving,"Liu, Wenjun; Liu, Chang; Chen, Guang; Knoll, Alois",2021,FRONTIERS IN NEUROROBOTICS,10.3389/fnbot.2021.723049,Article,yes,contextual,road-autonomous-driving,planning; control-interface,uncertainty-estimator,parking,vehicle; cyclist; robot; vessel; heterogeneous,NR:input modality not reported in extracted evidence,action,weather_or_visibility,NA:no explicit distribution-shift construction,NA:no explicit distribution-shift evaluation,no,collision; infeasible-planning,empirical-validated,reported,planning-infeasibility,formal_or_reachability_bound,variance,unspecified,model-output-score,"Gaussian-process model-mismatch estimates and posterior variance change MPC overtaking actions, but the uncertainty output is propagated without empirical calibration or coverage validation.",NR:risk or safety loss not explicitly reported,NA:no explicit calibration target,constraint-or-cost,none,NR:operational threshold not reported,NR:feedback timing not reported,set-coverage,none,G0,none,NA:no statistical guarantee,NA:no statistical guarantee,NA:no statistical guarantee,not-applicable,mpc_filter,none,continuous constraint-or-cost,NR:fallback policy not reported,NR:intervention cost not reported,NR:end-to-end online latency not reported,NR:transportation-system impact not reported,Shifts,accuracy/AUROC,NA:no calibration metrics,NR:safety metrics not extracted,reward/return,contextual
REC-1B3C8BA03BF5,An Efficient Reachability-Based Framework for Provably Safe Autonomous Navigation in Unknown Environments,"Bajcsy, Andrea; Bansal, Somil; Bronstein, Eli; Tolani, Varun; Tomlin, Claire J.",2019,Proceedings of the IEEE Conference on Decision and Control,10.1109/cdc40024.2019.9030133,Conference paper,yes,contextual,vehicle-vehicle; road-autonomous-driving,perception-interface; planning; control-interface; policy-learning,policy,urban,vehicle; robot; heterogeneous,state; image; LiDAR,NR:output object not explicit,weather_or_visibility,online temporal change,natural; synthetic,no,collision; constraint-violation,learned-correlation,NR:actionable monitoring horizon not reported,constraint-violation,formal_or_reachability_bound,NR:uncertainty output not explicitly reported,unspecified,not-applicable,"The risk/uncertainty signal is the backward reachable set (BRS) / safe set computed via Hamilton-Jacobi reachability analysis. This BRS defines the set of states from which the vehicle cannot avoid entering the unsafe region despite best control effort; its complement is the safe set. The associated least-restrictive safety controller (Eq. 9, pp. 4–5) provides the intervention signal.",NR:risk or safety loss not explicitly reported,NA:no explicit calibration target,constraint-or-cost,discrete-trigger; filter-or-revision,NR:operational threshold not reported,delayed observed outcome,safe-set-invariance,none,G0,reachability,NA:no statistical guarantee,NA:no statistical guarantee,NA:no statistical guarantee,not-applicable,trajectory_modification,none,continuous constraint-or-cost,replanning,reported,NR:end-to-end online latency not reported,NR:transportation-system impact not reported,NR:dataset or simulator not extracted,NR:predictive metrics not extracted,NA:no calibration metrics,NR:safety metrics not extracted,efficiency/travel-time,contextual
REC-1B634123421E,"Risk perception and quantitative assessment for intelligent vehicles: a systematic review of methodologies, policy implications, and transportation systems integration","Xiao, Daiquan; Liu, Yuan; Xu, Xuecai; Šarić, Željko",2026,Digital Transportation and Safety,10.48130/dts-0026-0011,Review,yes,contextual,vehicle-pedestrian; vehicle-vehicle; traffic-system; road-autonomous-driving,perception-interface; motion-forecasting; planning; control-interface; policy-learning,NA:no learned component clearly identified,urban; intersection,vehicle; pedestrian; vessel; heterogeneous,image; LiDAR; radar; V2X,action; warning-or-alarm,weather_or_visibility,NA:no explicit distribution-shift construction,NA:no explicit distribution-shift evaluation,no,collision,qualitative-narrative,NR:actionable monitoring horizon not reported,TTC,deterministic_confidence,NR:uncertainty output not explicitly reported,unspecified,not-applicable,"The signal: This is a systematic review/survey paper — it presents no novel uncertainty or risk signal. Instead, it taxonomizes and synthesizes existing work across four dimensions (risk architecture, risk identification/prediction, quantitative risk evaluation, risk decision-making) and discusses policy implications and ethical trade-offs.",NR:risk or safety loss not explicitly reported,trajectory; collision,none,none,NA:no runtime intervention,NR:feedback timing not reported,NA:no explicit guarantee target,none,G0,none,NA:no statistical guarantee,NA:no statistical guarantee,NA:no statistical guarantee,not-applicable,no_intervention,none,NA:no runtime intervention,NA:no runtime intervention,reported,NR:end-to-end online latency not reported,reported,CARLA; SUMO; INTERACTION; NGSIM,accuracy/AUROC,NA:no calibration metrics,TTC/min-distance,efficiency/travel-time; comfort,contextual
REC-1C01087E366D,Socially-Compatible Behavior Design of Autonomous Vehicles With Verification on Real Human Data,"Wang, Letian; Sun, Liting; Tomizuka, Masayoshi; Zhan, Wei",2021,IEEE ROBOTICS AND AUTOMATION LETTERS,10.1109/lra.2021.3061350,Article,yes,contextual,vehicle-pedestrian; vehicle-vehicle; traffic-system; road-autonomous-driving,perception-interface; behavior-prediction; planning; control-interface; policy-learning,policy; uncertainty-estimator,intersection,vehicle; pedestrian; robot; vessel; heterogeneous,trajectory,candidate-plan; action,weather_or_visibility,NA:no explicit distribution-shift construction,NA:no explicit distribution-shift evaluation,no,collision,empirical-validated,NR:actionable monitoring horizon not reported,reward-or-cost,generative_or_diffusion; deterministic_confidence,score,unspecified,model-output-score,"The signal is behavior-prediction uncertainty represented by the other vehicle’s action distribution and a confidence score (the gap between its two most probable responses). It is explicitly consumed by the UAPP planner as a confidence reward, changing ranked candidate trajectories and resulting speed/braking actions. Road-interaction simulations evaluate task/safety-related consequences using relative distance and interaction time, reporting confidence-driven behavior as more dangerous; real roundabout data also",reported,NA:no explicit calibration target,constraint-or-cost,cost-or-objective,NR:operational threshold not reported,delayed observed outcome,NA:no explicit guarantee target,none,G0,none,NA:no statistical guarantee,NA:no statistical guarantee,NA:no statistical guarantee,not-applicable,trajectory_modification,none,continuous constraint-or-cost,NR:fallback policy not reported,reported,NR:end-to-end online latency not reported,reported,INTERACTION,accuracy/AUROC,NA:no calibration metrics,NR:safety metrics not extracted,efficiency/travel-time; comfort; reward/return,contextual
REC-1D39C2058D0E,Fluid-inspired field representation for risk assessment in road scenes,"Li, Xuanpeng; Zhu, Lifeng; Xue, Qifan; Wang, Dong; Zhang, Yongjie Jessica",2020,COMPUTATIONAL VISUAL MEDIA,10.1007/s41095-020-0190-8,Article,yes,contextual,vehicle-pedestrian; vehicle-vehicle; traffic-system; road-autonomous-driving,perception-interface; behavior-prediction; motion-forecasting; planning; control-interface; policy-learning,policy,urban; intersection,vehicle; pedestrian; cyclist; robot; heterogeneous,image; LiDAR; radar,warning-or-alarm,weather_or_visibility; sensor_or_perception_error,NA:no explicit distribution-shift construction,NA:no explicit distribution-shift evaluation,no,collision,empirical-validated,NR:actionable monitoring horizon not reported,TTC,generative_or_diffusion; probabilistic_model,NR:uncertainty output not explicitly reported,unspecified,not-applicable,The signal is a fluid-inspired risk field (density map computed from tracked-object state spaces via advection and diffusion processes).,NR:risk or safety loss not explicitly reported,trajectory; collision,monitoring-only,none,NR:operational threshold not reported,delayed observed outcome,NA:no explicit guarantee target,none,G0,none,NA:no statistical guarantee,NA:no statistical guarantee,NA:no statistical guarantee,not-applicable,monitoring_only,warning_only,continuous constraint-or-cost,emergency braking/stop,NR:intervention cost not reported,NR:end-to-end online latency not reported,reported,KITTI; INTERACTION,NR:predictive metrics not extracted,NA:no calibration metrics,TTC/min-distance,NR:utility metrics not extracted,contextual
REC-1D725BDAB411,Influencing Factors of Driving Decision-Making Under the Moral Dilemma,S. Li; J. Zhang; P. Li; Y. Wang; Q. Wang,2019,IEEE Access,10.1109/access.2019.2932043,IEEE Journals,yes,contextual,vehicle-pedestrian; road-autonomous-driving,perception-interface; control-interface; policy-learning,NA:no learned component clearly identified,highway,vehicle; pedestrian; robot; vessel; heterogeneous,NR:input modality not reported in extracted evidence,action,weather_or_visibility; sensor_or_perception_error,NA:no explicit distribution-shift construction,NA:no explicit distribution-shift evaluation,no,collision,empirical-validated,NR:actionable monitoring horizon not reported,collision,deterministic_confidence,variance,unspecified,model-output-score,"The signals are ethical/legal dilemma factors—collision-target type and quantity, right of way, and inferred accident liability—quantified from a VR driving-simulator study. These factors are associated with participants’ braking/steering collision choices and are proposed as inputs to a future AV moral algorithm, but the paper does not implement or evaluate a learned prediction, planning, policy, or learned risk/uncertainty component that consumes the signal at runtime. Safety/task evidence consists of simulated c",NR:risk or safety loss not explicitly reported,NA:no explicit calibration target,constraint-or-cost,none,NR:operational threshold not reported,delayed observed outcome,NA:no explicit guarantee target,none,G0,none,NA:no statistical guarantee,NA:no statistical guarantee,NA:no statistical guarantee,not-applicable,trajectory_modification,none,NR:trigger rule not explicitly reported,NR:fallback policy not reported,reported,NR:end-to-end online latency not reported,NR:transportation-system impact not reported,NR:dataset or simulator not extracted,NR:predictive metrics not extracted,NA:no calibration metrics,NR:safety metrics not extracted,efficiency/travel-time; comfort,contextual
REC-21321C5E86FF,Joint Out-of-Distribution Detection and Uncertainty Estimation for Trajectory Prediction,"Wiederer, Julian; Schmidt, Julian; Kressel, Ulrich; Dietmayer, Klaus; Belagiannis, Vasileios",2023,2023 IEEE/RSJ International Conference on Intelligent Robots and Systems (IROS),10.1109/iros55552.2023.10341616,Conference paper,yes,contextual,vehicle-vehicle; traffic scene,motion forecasting,trajectory predictor reliability heads,urban; mixed,vehicle,state; trajectory; map features,OOD score; predicted log(wADE),cross_city_or_domain; behavior_shift; epistemic_uncertainty; model_misspecification,Shifts ID/OOD domain split,natural,yes,large trajectory prediction error; no action consequence,qualitative-narrative,prediction horizon inherited from HiVT/Shifts; runtime warning lead not evaluated,realized wADE and dataset domain,failure_prediction; probabilistic_model,GMM NLL; predicted log error,epistemic/total,hybrid:learned-parametric+model-output-score,scene OOD and expected trajectory error are distinct reliability signals,NR:risk or safety loss not explicitly reported,none,none,none,NA:no intervention threshold,realized trajectories available with delay; not used online,none,none,G0,none,scene OOD and trajectory error,yes:OOD/error tests,no guarantee,not-applicable,no_intervention,none,NA,NA,NA,about 0.14 ms extra,none,Shifts,ADE/FDE; wADE retention AUC; OOD AUROC,none,none,latency,contextual
REC-2454AE469195,"The Application of Driver Models in the Safety Assessment of Autonomous Vehicles: Perspectives, Insights, Prospects",C. Wang; F. Guo; R. Yu; L. Wang; Y. Zhang,2024,IEEE Transactions on Intelligent Vehicles,10.1109/tiv.2023.3333796,IEEE Journals,yes,contextual,vehicle-vehicle; traffic-system; road-autonomous-driving,perception-interface; planning; control-interface,NA:no learned component clearly identified,NR:road context not specified,vehicle,NR:input modality not reported in extracted evidence,action,weather_or_visibility,NA:no explicit distribution-shift construction,NA:no explicit distribution-shift evaluation,no,collision; infeasible-planning,qualitative-narrative,NR:actionable monitoring horizon not reported,collision; TTC; planning-infeasibility,post_hoc_calibration; probabilistic_model,interval; distribution,unspecified,model-output-score,"The paper surveys risk perception metrics (TTC, TTB, inverse tau, fuzzy safety metrics) used in driver models to trigger braking or steering maneuvers, as well as reference driver models (Japanese driver model, RSS, FSM, NIEON) that incorporate risk-awareness thresholds. However, these signals are used to model human driver behavior for simulation-based testing or to define reference benchmarks — they are not uncertainty/risk signals consumed by an AV's own runtime planner.",NR:risk or safety loss not explicitly reported,NA:no explicit calibration target,none,discrete-trigger,reported,NR:feedback timing not reported,NA:no explicit guarantee target,none,G0,none,NA:no statistical guarantee,NA:no statistical guarantee,NA:no statistical guarantee,not-applicable,no_intervention,none,NA:no runtime intervention,NA:no runtime intervention,reported,NR:end-to-end online latency not reported,reported,Waymo; INTERACTION; HighD,accuracy/AUROC,ECE,TTC/min-distance,comfort,contextual
REC-278C14063EAD,Physics enhanced residual policy learning (PERPL) for safety cruising in mixed traffic platooning under actuator and communication delay,"Long, Keke; Shi, Haotian; Liang, Shixiao; Li, Xiaopeng",2026,Transportation Research Part C: Emerging Technologies,10.1016/j.trc.2026.105792,Article,yes,contextual,traffic-system; road-autonomous-driving,control-interface; policy-learning,policy; uncertainty-estimator,highway; mixed,vehicle,V2X,action; safety-constraint,environmental_shift; cross_city_or_domain; weather_or_visibility; communication_delay_or_loss,online temporal change,natural,no,collision; unsafe-control,empirical-validated,NR:actionable monitoring horizon not reported,reward-or-cost,deterministic_confidence,NR:uncertainty output not explicitly reported,unspecified,not-applicable,"A learned PPO residual policy is filtered by a runtime safe-headway barrier that changes acceleration and prevents collisions, but the barrier/risk signal is fixed and has no statistical risk calibration.",reported,NA:no explicit calibration target,constraint-or-cost,none,NR:operational threshold not reported,delayed observed outcome,NA:no explicit guarantee target,none,G0,none,NA:no statistical guarantee,NA:no statistical guarantee,NA:no statistical guarantee,not-applicable,trajectory_modification,none,continuous constraint-or-cost,NR:fallback policy not reported,reported,NR:end-to-end online latency not reported,reported,NGSIM,accuracy/AUROC,NA:no calibration metrics,NR:safety metrics not extracted,comfort,contextual
REC-27A50BC81C4A,Safe Speed Control and Collision Probability Estimation Under Ego-Pose Uncertainty for Autonomous Vehicle,V. Kibalov; O. Shipitko,2020,2020 IEEE 23rd International Conference on Intelligent Transportation Systems (ITSC),10.1109/itsc45102.2020.9294531,IEEE Conferences,yes,contextual,traffic-system; road-autonomous-driving,perception-interface; motion-forecasting; planning; control-interface; policy-learning,NA:no learned component clearly identified,urban; intersection,vehicle; vessel; heterogeneous,state; image,risk-score,environmental_shift,NA:no explicit distribution-shift construction,NA:no explicit distribution-shift evaluation,no,collision,qualitative-narrative,reported,NR:risk label source not explicitly reported,probabilistic_model,distribution; probability,unspecified,model-output-score,"The runtime signal is collision probability computed from a probabilistic ego-pose particle distribution, predicted vehicle trajectories, and static/dynamic obstacle intersections. It directly changes action: the system selects a maximum safe speed and slows or stops the vehicle when predicted collision probability exceeds its threshold. Road-relevant real-vehicle experiments evaluate speed reduction near walls, narrow openings, turns, and collision avoidance. However, the full text describes model-based dynamics,",NR:risk or safety loss not explicitly reported,trajectory; collision,constraint-or-cost,discrete-trigger,reported,NR:feedback timing not reported,collision-risk,none,G0,none,NA:no statistical guarantee,NA:no statistical guarantee,NA:no statistical guarantee,not-applicable,speed_reduction,uncertainty_conditioned_policy,chance-constraint,NR:fallback policy not reported,NR:intervention cost not reported,NR:end-to-end online latency not reported,reported,NR:dataset or simulator not extracted,accuracy/AUROC,NA:no calibration metrics,NR:safety metrics not extracted,comfort,contextual
REC-29E5D30A5B07,A Comprehensive Survey on Cooperative Intersection Management for Heterogeneous Connected Vehicles,"Gholamhosseinian, Ashkan; Seitz, Jochen",2022,IEEE ACCESS,10.1109/access.2022.3142450,Article,yes,contextual,vehicle-pedestrian; vehicle-vehicle; traffic-system; road-autonomous-driving,perception-interface; motion-forecasting; planning; control-interface; policy-learning,NA:no learned component clearly identified,highway; urban; intersection,vehicle; pedestrian; cyclist; vessel; heterogeneous,state; V2X,NR:output object not explicit,weather_or_visibility,NA:no explicit distribution-shift construction,NA:no explicit distribution-shift evaluation,no,collision,qualitative-narrative,NR:actionable monitoring horizon not reported,collision,selective_prediction; probabilistic_model,NR:uncertainty output not explicitly reported,unspecified,not-applicable,"This is a comprehensive survey paper that reviews approximately 379 primary studies on cooperative intersection management for heterogeneous connected vehicles. It surveys architectures (V2I, V2V), scheduling policies (FCFS, optimization, heuristics), modeling methods (spatio-temporal reservation, trajectory planning), and goals (safety, efficiency, infotainment, environment) across signalized, semi-autonomous, and autonomous intersections. Section IX discusses collision avoidance and",NR:risk or safety loss not explicitly reported,trajectory; collision,none,none,reported,NR:feedback timing not reported,collision-risk,none,G0,none,NA:no statistical guarantee,NA:no statistical guarantee,NA:no statistical guarantee,not-applicable,no_intervention,none,NA:no runtime intervention,NA:no runtime intervention,reported,NR:end-to-end online latency not reported,reported,INTERACTION,NR:predictive metrics not extracted,NA:no calibration metrics,NR:safety metrics not extracted,efficiency/travel-time,contextual
REC-2A4B3F035434,Corner Case Detection and Generation for Autonomous Driving: An Overview,"Liang, Yunji; Liu, Junteng; Yan, Xiaokai; Zheng, Xiaolong; Tang, Lei; Huangfu, Luwen; Samtani, Sagar; Yu, Zhiwen",2026,IEEE TRANSACTIONS ON INTELLIGENT TRANSPORTATION SYSTEMS,10.1109/tits.2026.3688488,Article,yes,contextual,vehicle-pedestrian; road-autonomous-driving,perception-interface; planning; control-interface; policy-learning,NA:no learned component clearly identified,NR:road context not specified,vehicle; pedestrian; vessel; heterogeneous,image; LiDAR; radar,NR:output object not explicit,cross_city_or_domain; weather_or_visibility; long_tail_scenario; malicious_or_untrusted_information,synthetic perturbation; online temporal change; adversarial construction,natural; synthetic; adversarial,yes,NR:safety consequence not explicitly operationalized,qualitative-narrative,NR:actionable monitoring horizon not reported,NR:risk label source not explicitly reported,deterministic_confidence,NR:uncertainty output not explicitly reported,unspecified,not-applicable,"The signal consists of perception-stage corner cases (data-level sensor anomalies, model-level failures such as adversarial perturbations and domain shifts, and semantic-level deviations including OOD objects and abnormal spatial relations) detected via statistical, uncertainty-aware, or neuron-coverage methods that produce confidence/uncertainty scores.",NR:risk or safety loss not explicitly reported,NA:no explicit calibration target,none,discrete-trigger,reported,delayed observed outcome,set-coverage,none,G0,none,NA:no statistical guarantee,NA:no statistical guarantee,NA:no statistical guarantee,not-applicable,no_intervention,none,NA:no runtime intervention,NA:no runtime intervention,reported,NR:end-to-end online latency not reported,reported,CARLA; SUMO; INTERACTION; Shifts,accuracy/AUROC,NA:no calibration metrics,NR:safety metrics not extracted,efficiency/travel-time,contextual
REC-2B662C3AA4B4,Impact of ADAS and V2X Penetration Rates on Cooperative Active Safety,"Lucas-Estan, M.C.; Coll-Perales, B.; Khan, M.I.; Gozalvez, J.; Altintas, O.",2025,"2025 IEEE Future Networks World Forum: Beyond Connectivity: 6g for a Sustainable and Intelligent Future, FNWF 2025",10.1109/fnwf66845.2025.11317364,Conference paper,yes,contextual,traffic-system; road-autonomous-driving,perception-interface; policy-learning,NA:no learned component clearly identified,highway; intersection,vehicle,image; LiDAR; radar; V2X,action,traffic_density_shift,NA:no explicit distribution-shift construction,NA:no explicit distribution-shift evaluation,no,collision,learned-correlation,NR:actionable monitoring horizon not reported,collision,deterministic_confidence,NR:uncertainty output not explicitly reported,unspecified,not-applicable,"The runtime signal is an ADAS detection or V2X emergency-braking notification, translated into a reduced driver response time and HMI alert. It does change action: the notified driver begins emergency braking earlier, with response time selected from ADAS/V2X availability and reception conditions. However, the paper specifies detection/communication and rule-based response-time modeling, not a learned prediction, planning, policy, or learned risk/uncertainty component. Safety is evaluated in SUMO highway emergency-",NR:risk or safety loss not explicitly reported,NA:no explicit calibration target,constraint-or-cost,discrete-trigger,NR:operational threshold not reported,NR:feedback timing not reported,NA:no explicit guarantee target,none,G0,none,NA:no statistical guarantee,NA:no statistical guarantee,NA:no statistical guarantee,not-applicable,emergency_braking,none,NR:trigger rule not explicitly reported,emergency braking/stop,reported,reported at PDF p. 4: latency is Packet rate 10 Hz,NR:transportation-system impact not reported,SUMO,NR:predictive metrics not extracted,NA:no calibration metrics,collision,NR:utility metrics not extracted,contextual
REC-2D7135EE209D,VTGNet: A Vision-Based Trajectory Generation Network for Autonomous Vehicles in Urban Environments,"Cai, Peide; Sun, Yuxiang; Wang, Hengli; Liu, Ming",2021,IEEE TRANSACTIONS ON INTELLIGENT VEHICLES,10.1109/tiv.2020.3033878,Article,yes,contextual,vehicle-pedestrian; traffic-system; road-autonomous-driving,perception-interface; planning; control-interface; policy-learning,planner,urban; intersection,vehicle; pedestrian; heterogeneous,image,action; warning-or-alarm,weather_or_visibility; epistemic_uncertainty; aleatoric_uncertainty,synthetic perturbation; online temporal change,natural; synthetic,no,collision,qualitative-narrative,NR:actionable monitoring horizon not reported,NR:risk label source not explicitly reported,deterministic_confidence,variance,aleatoric; epistemic,model-output-score,"The paper proposes VTGNet, an imitation-learning end-to-end trajectory generator that outputs aleatoric (data) uncertainty (σx, σy, σv) alongside each trajectory waypoint using the Kendall & Gal [29] loss formulation. However, this uncertainty signal is not consumed by the planner to modify the trajectory or change behavior at runtime. Ablation studies (M0 vs. M1, Fig 9) show that modeling uncertainty during training improves prediction accuracy, but this is a training-time effect — at inference the",reported,NA:no explicit calibration target,monitoring-only,none,NR:operational threshold not reported,delayed observed outcome,NA:no explicit guarantee target,none,G0,none,NA:no statistical guarantee,NA:no statistical guarantee,NA:no statistical guarantee,not-applicable,monitoring_only,trajectory_modification,continuous constraint-or-cost,NR:fallback policy not reported,NR:intervention cost not reported,NR:end-to-end online latency not reported,NR:transportation-system impact not reported,CARLA,accuracy/AUROC,NA:no calibration metrics,NR:safety metrics not extracted,completion/success,contextual
REC-2E8426AC5C59,Path planning algorithms in the autonomous driving system: A comprehensive review,"Reda, Mohamed; Onsy, Ahmed; Ghanbari, Ali; Haikal, Amira Y.",2024,ROBOTICS AND AUTONOMOUS SYSTEMS,10.1016/j.robot.2024.104630,Short survey,yes,contextual,road-autonomous-driving,perception-interface; planning; control-interface; policy-learning,policy,highway,vehicle; robot; heterogeneous,image; LiDAR; radar,action,weather_or_visibility,NA:no explicit distribution-shift construction,NA:no explicit distribution-shift evaluation,no,collision,qualitative-narrative,NR:actionable monitoring horizon not reported,collision,deterministic_confidence,NR:uncertainty output not explicitly reported,unspecified,not-applicable,"No specific uncertainty/risk signal is proposed or studied — the paper catalogs existing path planning techniques (graph-based, sampling-based, ML/DL, meta-heuristic optimization) and briefly mentions risk estimation in the assessment stage (Section 6,) without detailing any signal that is consumed by a planner.",reported,NA:no explicit calibration target,none,none,NA:no runtime intervention,NR:feedback timing not reported,NA:no explicit guarantee target,none,G0,none,NA:no statistical guarantee,NA:no statistical guarantee,NA:no statistical guarantee,not-applicable,no_intervention,none,NA:no runtime intervention,NA:no runtime intervention,reported,reported at PDF p. 8: computation time and 94 s,NR:transportation-system impact not reported,CARLA; SUMO; INTERACTION,accuracy/AUROC,sharpness/set-size,NR:safety metrics not extracted,completion/success; efficiency/travel-time; comfort,contextual
REC-2EC41680B549,Machine Learning-Based Road Safety Prediction Strategies for Internet of Vehicles (IoV) Enabled Vehicles: A Systematic Literature Review,K. R. Reddy; A. Muralidhar,2023,IEEE Access,10.1109/access.2023.3315852,IEEE Journals,yes,contextual,general-autonomous-system,planning; control-interface,NA:no learned component clearly identified,urban,vehicle,NR:input modality not reported in extracted evidence,NR:output object not explicit,weather_or_visibility,NA:no explicit distribution-shift construction,NA:no explicit distribution-shift evaluation,no,collision,qualitative-narrative,reported,NR:risk label source not explicitly reported,deterministic_confidence,NR:uncertainty output not explicitly reported,unspecified,not-applicable,"No specific uncertainty/risk signal is designed or presented — the paper surveys existing ML-based methods for road traffic analysis, collision prediction, and driver behavior analysis, and discusses federated learning as a decentralized technique.",NR:risk or safety loss not explicitly reported,NA:no explicit calibration target,none,none,NA:no runtime intervention,NR:feedback timing not reported,NA:no explicit guarantee target,none,G0,none,NA:no statistical guarantee,NA:no statistical guarantee,NA:no statistical guarantee,not-applicable,no_intervention,none,NA:no runtime intervention,NA:no runtime intervention,NA:no runtime intervention,NR:end-to-end online latency not reported,reported,NR:dataset or simulator not extracted,accuracy/AUROC,NA:no calibration metrics,NR:safety metrics not extracted,NR:utility metrics not extracted,contextual
REC-2F5A73478398,Software Verification and Validation of Safe Autonomous Cars: A Systematic Literature Review,"Rajabli, Nijat; Flammini, Francesco; Nardone, Roberto; Vittorini, Valeria",2021,IEEE ACCESS,10.1109/access.2020.3048047,Article,yes,contextual,traffic-system; road-autonomous-driving,perception-interface; planning; control-interface,NA:no learned component clearly identified,NR:road context not specified,vehicle,image; V2X,action; warning-or-alarm,long_tail_scenario,NA:no explicit distribution-shift construction,NA:no explicit distribution-shift evaluation,no,task-failure,qualitative-narrative,NR:actionable monitoring horizon not reported,NR:risk label source not explicitly reported,deterministic_confidence,NR:uncertainty output not explicitly reported,unspecified,not-applicable,"This paper is a Systematic Literature Review (SLR) on software verification and validation of safe autonomous cars. It does not present any novel uncertainty/risk signal that is consumed by a planner or decision-maker. Instead, it surveys and categorizes existing V&V approaches including simulation, mutation testing, fault injection, software safety cages, formal methods, and test-case generation. While it discusses other works that use uncertainty sentiments (e.g., reference [23] on DNN confidence/uncertainty/surp",NR:risk or safety loss not explicitly reported,NA:no explicit calibration target,none,none,reported,delayed observed outcome,NA:no explicit guarantee target,none,G0,none,NA:no statistical guarantee,NA:no statistical guarantee,NA:no statistical guarantee,not-applicable,no_intervention,none,NA:no runtime intervention,NA:no runtime intervention,reported,NR:end-to-end online latency not reported,NR:transportation-system impact not reported,INTERACTION,accuracy/AUROC,NA:no calibration metrics,TTC/min-distance; intervention/failure,efficiency/travel-time,contextual
REC-2F68EF300184,Understanding responsibility under uncertainty: A critical and scoping review of autonomous driving systems,"Rowe, Frantz; Jeanneret Medina, Maximiliano; Benoit Journé; Coëtard, Emmanuel; Myers, Michael",2024,JOURNAL OF INFORMATION TECHNOLOGY,10.1177/02683962231207108,Article,yes,contextual,vehicle-pedestrian; road-autonomous-driving,perception-interface; planning; control-interface; policy-learning,NA:no learned component clearly identified,highway,vehicle; pedestrian; robot; heterogeneous,NR:input modality not reported in extracted evidence,action,weather_or_visibility,NA:no explicit distribution-shift construction,NA:no explicit distribution-shift evaluation,no,collision,qualitative-narrative,NR:actionable monitoring horizon not reported,collision,deterministic_confidence,NR:uncertainty output not explicitly reported,unspecified,not-applicable,"This is a critical and scoping literature review on responsibility, safety, trust, and predictability in autonomous driving systems. It does not present or test any specific learned prediction, planning, policy, or risk component. The paper discusses ""uncertainty"" and ""unpredictability"" at a conceptual/socio-technical level — uncertainty about responsibility allocation between stakeholders, environmental unpredictability (weather, road users), and unpredictability of opaque ML-based systems",NR:risk or safety loss not explicitly reported,NA:no explicit calibration target,none,none,NA:no runtime intervention,NR:feedback timing not reported,NA:no explicit guarantee target,none,G0,none,NA:no statistical guarantee,NA:no statistical guarantee,NA:no statistical guarantee,not-applicable,no_intervention,none,NA:no runtime intervention,NA:no runtime intervention,NA:no runtime intervention,NR:end-to-end online latency not reported,NR:transportation-system impact not reported,Waymo; INTERACTION,NR:predictive metrics not extracted,NA:no calibration metrics,NR:safety metrics not extracted,NR:utility metrics not extracted,contextual
REC-30BCADC6E2F9,Toward Safer Autonomous Vehicles: Occlusion-Aware Trajectory Planning to Minimize Risky Behavior,"Trauth, Rainer; Moller, Korbinian; Betz, Johannes",2023,IEEE Open Journal of Intelligent Transportation Systems,10.1109/ojits.2023.3336464,Article,yes,contextual,vehicle-pedestrian; vehicle-vehicle; traffic-system; road-autonomous-driving,perception-interface; planning,planner; uncertainty-estimator,urban; intersection; parking,vehicle; pedestrian; cyclist; robot; vessel; heterogeneous,state; LiDAR,risk-score,weather_or_visibility; long_tail_scenario; sensor_or_perception_error,NA:no explicit distribution-shift construction,NA:no explicit distribution-shift evaluation,no,collision,empirical-validated,NR:actionable monitoring horizon not reported,collision,formal_or_reachability_bound; probabilistic_model,probability,unspecified,model-output-score,"Occlusion-derived collision probability and injury harm directly alter trajectory cost, feasibility and stopping behavior with urban safety evaluation, but the resulting risk estimates lack demonstrated calibration or coverage.",NR:risk or safety loss not explicitly reported,collision,constraint-or-cost,candidate-scoring,reported,NR:feedback timing not reported,set-coverage; collision-risk,none,G0,none,NA:no statistical guarantee,NA:no statistical guarantee,NA:no statistical guarantee,not-applicable,trajectory_modification,none,fixed-or-conditioned-threshold; see intervention evidence,emergency braking/stop,reported,NR:end-to-end online latency not reported,reported,CommonRoad,accuracy/AUROC,NA:no calibration metrics,collision; TTC/min-distance,efficiency/travel-time; comfort,contextual
REC-323481C715C3,Exploration of the intelligent control system of autonomous vehicles based on edge computing,"Ming, Guo",2023,PLOS ONE,10.1371/journal.pone.0281294,Article,yes,contextual,road-autonomous-driving,perception-interface; control-interface,NA:no learned component clearly identified,parking,vehicle; vessel; heterogeneous,NR:input modality not reported in extracted evidence,action; warning-or-alarm,model_misspecification,NA:no explicit distribution-shift construction,NA:no explicit distribution-shift evaluation,no,collision,qualitative-narrative,NR:actionable monitoring horizon not reported,NR:risk label source not explicitly reported,deterministic_confidence,NR:uncertainty output not explicitly reported,unspecified,not-applicable,"CNN collision-warning levels change braking actions and are evaluated with road-vehicle safety outcomes, but warning probabilities/scores are assessed only by discrimination and error metrics, not calibrated risk.",NR:risk or safety loss not explicitly reported,NA:no explicit calibration target,constraint-or-cost,none,NR:operational threshold not reported,NR:feedback timing not reported,NA:no explicit guarantee target,none,G0,none,NA:no statistical guarantee,NA:no statistical guarantee,NA:no statistical guarantee,not-applicable,warning_only,none,NR:trigger rule not explicitly reported,emergency braking/stop,NR:intervention cost not reported,NR:end-to-end online latency not reported,NR:transportation-system impact not reported,NR:dataset or simulator not extracted,accuracy/AUROC,NA:no calibration metrics,NR:safety metrics not extracted,reward/return,contextual
REC-33A58BD4D0BB,Improving intelligent perception and decision optimization of pedestrian crossing scenarios in autonomous driving environments through large visual language models,"Teng, Xiao; Huang, Lin; Shen, Zhenjiang; Li, Wankai",2025,SCIENTIFIC REPORTS,10.1038/s41598-025-14827-x,Article,yes,contextual,vehicle-pedestrian; vehicle-vehicle; road-autonomous-driving,perception-interface; planning; control-interface,NA:no learned component clearly identified,intersection,vehicle; pedestrian; heterogeneous,image; V2X,NR:output object not explicit,weather_or_visibility,NA:no explicit distribution-shift construction,NA:no explicit distribution-shift evaluation,no,collision,qualitative-narrative,NR:actionable monitoring horizon not reported,NR:risk label source not explicitly reported,deterministic_confidence,NR:uncertainty output not explicitly reported,unspecified,not-applicable,"the VLM (GPT-4o with Vision) predicts collision risk levels (low/medium/high) for pedestrians and vehicles in pedestrian crossing scenarios, based on visual scene input processed through standardized prompts and JSON-formatted checklists. The risk prediction is part of a three-stage pipeline: perception → prediction (collision risk) → decision (action recommendations). (b) Whether it changes",NR:risk or safety loss not explicitly reported,collision,monitoring-only,none,NR:operational threshold not reported,delayed observed outcome,collision-risk,none,G0,none,NA:no statistical guarantee,NA:no statistical guarantee,NA:no statistical guarantee,not-applicable,monitoring_only,warning_only,continuous constraint-or-cost,NR:fallback policy not reported,reported,NR:end-to-end online latency not reported,reported,CARLA; INTERACTION,accuracy/AUROC,NA:no calibration metrics,NR:safety metrics not extracted,efficiency/travel-time,contextual
REC-33B5757F9BD8,Survey of testing techniques of autonomous driving software; [自动驾驶软件测试技术研究综述],"Feng, Yang; Xia, Zhilong; Guo, An; Chen, Zhenyu",2021,Journal of Image and Graphics,10.11834/jig.200493,Review,yes,contextual,road-autonomous-driving,perception-interface; control-interface,NA:no learned component clearly identified,NR:road context not specified,vehicle,image,NR:output object not explicit,model_misspecification,NA:no explicit distribution-shift construction,NA:no explicit distribution-shift evaluation,no,NR:safety consequence not explicitly operationalized,qualitative-narrative,NR:actionable monitoring horizon not reported,NR:risk label source not explicitly reported,generative_or_diffusion,NR:uncertainty output not explicitly reported,unspecified,not-applicable,"No uncertainty/risk signal is proposed or evaluated — the paper surveys testing methods for perception, decision/planning, and control components (data augmentation, neuron coverage, adversarial testing, game-theoretic verification, STL-based test generation, etc.).",NR:risk or safety loss not explicitly reported,NA:no explicit calibration target,none,none,NA:no runtime intervention,NR:feedback timing not reported,set-coverage,none,G0,none,NA:no statistical guarantee,NA:no statistical guarantee,NA:no statistical guarantee,not-applicable,no_intervention,none,NA:no runtime intervention,NA:no runtime intervention,NA:no runtime intervention,NR:end-to-end online latency not reported,NR:transportation-system impact not reported,Waymo; KITTI; INTERACTION,accuracy/AUROC,NA:no calibration metrics,NR:safety metrics not extracted,NR:utility metrics not extracted,contextual
REC-341452D01FD7,Microwave Sensing for Avoidance of High-Risk Ground Conditions for Mobile Robots,"Blanche, J.; Mitchell, D.; West, A.; Harper, S.; Groves, K.; Lennox, B.; Watson, S.; Flynn, D.",2023,"2023 IEEE International Conference on Omni-Layer Intelligent Systems, COINS 2023",10.1109/coins57856.2023.10189266,Conference paper,yes,contextual,mobile-robot-or-general-robotics; road-autonomous-driving,perception-interface; planning; control-interface; policy-learning,NA:no learned component clearly identified,unstructured,vehicle; robot; heterogeneous,map; image; LiDAR; radar,NR:output object not explicit,weather_or_visibility,NA:no explicit distribution-shift construction,NA:no explicit distribution-shift evaluation,no,collision,qualitative-narrative,NR:actionable monitoring horizon not reported,NR:risk label source not explicitly reported,deterministic_confidence,NR:uncertainty output not explicitly reported,unspecified,not-applicable,"The signal is FMCW radar return-signal amplitude and phase at a fixed ground range, used to detect moisture/standing water as a ground-integrity and traction-risk proxy. Although the paper proposes thresholding these measurements into a costmap for autonomous path planning, the reported work only performs static and UGV transit sensing tests; it does not show the signal changing a planner’s route, constraints, control, or runtime action. Evaluation demonstrates contrast between dry, damp, and wet concrete during mo",NR:risk or safety loss not explicitly reported,NA:no explicit calibration target,monitoring-only,discrete-trigger,reported,NR:feedback timing not reported,NA:no explicit guarantee target,none,G0,none,NA:no statistical guarantee,NA:no statistical guarantee,NA:no statistical guarantee,not-applicable,monitoring_only,warning_only,fixed-or-conditioned-threshold; see intervention evidence,NR:fallback policy not reported,NR:intervention cost not reported,NR:end-to-end online latency not reported,NR:transportation-system impact not reported,NR:dataset or simulator not extracted,NR:predictive metrics not extracted,NA:no calibration metrics,NR:safety metrics not extracted,reward/return,contextual
REC-344249EF4A22,Autonomous Collision Avoidance at Sea: A Survey,"Burmeister, Hans-Christoph; Constapel, Manfred",2021,Frontiers in Robotics and AI,10.3389/frobt.2021.739013,Review,yes,contextual,unmanned-surface-vessel,perception-interface; planning; control-interface,NA:no learned component clearly identified,NR:road context not specified,vehicle; robot; vessel; heterogeneous,image; radar,action,weather_or_visibility,NA:no explicit distribution-shift construction,NA:no explicit distribution-shift evaluation,no,collision,qualitative-narrative,NR:actionable monitoring horizon not reported,NR:risk label source not explicitly reported,deterministic_confidence,NR:uncertainty output not explicitly reported,unspecified,not-applicable,"This is a survey/review paper on collision avoidance at sea for Maritime Autonomous Surface Ships (MASS), not a primary research paper presenting a specific uncertainty/risk signal consumed by a planner. It reviews 48 publications across MPC, Deep RL, APF, VO, A*, and other methods for COLREGs-compliant collision avoidance in maritime settings. The paper systematically surveys the landscape: algorithmic foundations, validation methods (mostly custom simulation, some field tests), control outputs (course/speed chang",NR:risk or safety loss not explicitly reported,NA:no explicit calibration target,none,none,reported,NR:feedback timing not reported,set-coverage,none,G0,none,NA:no statistical guarantee,NA:no statistical guarantee,NA:no statistical guarantee,not-applicable,no_intervention,none,NA:no runtime intervention,NA:no runtime intervention,NA:no runtime intervention,reported at PDF p. 10: Real Time 14–21. doi:10.1016/j.ifacol.2016.10.315 S,NR:transportation-system impact not reported,INTERACTION,NR:predictive metrics not extracted,NA:no calibration metrics,NR:safety metrics not extracted,NR:utility metrics not extracted,contextual
REC-3576C51171A4,Research Trends in Road Safety (2013-2023): A Bibliometric Review Using Science Mapping Techniques on Human and Technological Factors,"Setyowati, Dina Lusiana; Perdana, Abhirama Swastyayana Dian; Latif, Antinah; Widyarto, Widyarto",2025,Media Publikasi Promosi Kesehatan Indonesia,10.56338/mppki.v8i8.7466,Review,yes,contextual,vehicle-pedestrian; traffic-system; road-autonomous-driving,perception-interface; planning; control-interface; policy-learning,NA:no learned component clearly identified,urban; intersection,vehicle; pedestrian; cyclist; vessel; heterogeneous,V2X,NR:output object not explicit,weather_or_visibility,NA:no explicit distribution-shift construction,NA:no explicit distribution-shift evaluation,no,collision,qualitative-narrative,NR:actionable monitoring horizon not reported,collision,deterministic_confidence,NR:uncertainty output not explicitly reported,unspecified,not-applicable,"This is a bibliometric review that maps research trends in road safety (2013–2023) using science mapping techniques (bibliographic coupling and co-word analysis). It does not present or evaluate any specific uncertainty/risk signal that is consumed by a planner or decision-maker to change constraints, candidate selection, control, or action. The paper summarizes thematic clusters (e.g., driver cognition, ADAS, risk perception, pedestrian safety) from the existing literature, but does not itself implement, test, or",NR:risk or safety loss not explicitly reported,NA:no explicit calibration target,none,none,reported,delayed observed outcome,NA:no explicit guarantee target,none,G0,none,NA:no statistical guarantee,NA:no statistical guarantee,NA:no statistical guarantee,not-applicable,no_intervention,none,NA:no runtime intervention,NA:no runtime intervention,reported,NR:end-to-end online latency not reported,NR:transportation-system impact not reported,SUMO; INTERACTION,accuracy/AUROC,NA:no calibration metrics,NR:safety metrics not extracted,comfort,contextual
REC-3705430C7E45,A review on motion sickness of autonomous driving vehicles,"Fu, Zhijun; Wu, Jinliang; Liu, Xiaohuan; Yin, Yuming; Zhang, Zhigang",2024,Journal of Vibroengineering,10.21595/jve.2024.23947,Article,yes,contextual,road-autonomous-driving,perception-interface; motion-forecasting; planning; control-interface,predictor,urban,vehicle,image,NR:output object not explicit,weather_or_visibility,NA:no explicit distribution-shift construction,NA:no explicit distribution-shift evaluation,no,NR:safety consequence not explicitly operationalized,qualitative-narrative,NR:actionable monitoring horizon not reported,NR:risk label source not explicitly reported,deterministic_confidence,NR:uncertainty output not explicitly reported,unspecified,not-applicable,"This is a review paper on motion sickness in autonomous vehicles — it surveys symptoms, etiology, detection methods (questionnaires, physiological signals like EEG/HRV/EGG), and mitigation strategies. No specific uncertainty, risk, or failure signal related to planning or decision-making is presented or developed. The paper discusses comfort (motion sickness) as a physiological/ergonomic concern, not a learned risk or uncertainty signal for planning.",NR:risk or safety loss not explicitly reported,NA:no explicit calibration target,none,none,NA:no runtime intervention,NR:feedback timing not reported,NA:no explicit guarantee target,none,G0,none,NA:no statistical guarantee,NA:no statistical guarantee,NA:no statistical guarantee,not-applicable,no_intervention,none,NA:no runtime intervention,NA:no runtime intervention,reported,NR:end-to-end online latency not reported,NR:transportation-system impact not reported,Waymo,NR:predictive metrics not extracted,NA:no calibration metrics,NR:safety metrics not extracted,efficiency/travel-time; comfort,contextual
REC-39FF90A95A68,A review of learning-based motion planning: toward a data-driven optimal control approach,"Hu, Jia; Chang, Yang; Wang, Haoran",2026,Transportation Research Part C: Emerging Technologies,10.1016/j.trc.2026.105767,Review,yes,contextual,vehicle-pedestrian; traffic-system; road-autonomous-driving,perception-interface; planning; control-interface; policy-learning,policy,intersection,vehicle; pedestrian; cyclist; heterogeneous,NR:input modality not reported in extracted evidence,NR:output object not explicit,weather_or_visibility,NA:no explicit distribution-shift construction,NA:no explicit distribution-shift evaluation,no,NR:safety consequence not explicitly operationalized,qualitative-narrative,reported,NR:risk label source not explicitly reported,deterministic_confidence,NR:uncertainty output not explicitly reported,unspecified,not-applicable,"This is a systematic review/survey paper on learning-based motion planning and the Data-Driven Optimal Control (DDOC) paradigm for autonomous driving (PDF_PAGE 2: ""this paper presents the first systematic review of the Data-Driven Optimal Control (DDOC) paradigm""). It does not present a concrete uncertainty/risk signal that is consumed by a planner or decision-maker to change actions. Instead, it reviews and categorizes 641 existing papers spanning IL, RL, generative AI, and DDOC methods across three dimensions (cu",reported,NA:no explicit calibration target,none,none,NA:no runtime intervention,delayed observed outcome,NA:no explicit guarantee target,none,G0,none,NA:no statistical guarantee,NA:no statistical guarantee,NA:no statistical guarantee,not-applicable,no_intervention,none,NA:no runtime intervention,NA:no runtime intervention,reported,NR:end-to-end online latency not reported,reported,nuScenes; CARLA; BDD100K; INTERACTION,accuracy/AUROC,NA:no calibration metrics,NR:safety metrics not extracted,efficiency/travel-time; comfort,contextual
REC-3B3544F5DB24,Adaptive nonlinear model predictive control: maximizing tire force and obstacle avoidance in autonomous vehicles,J. Dallas; M. Thompson; J. Y. M. Goh; A. Balachandran,2023,Field Robotics,10.55417/fr.2023006,FRPS Journals,yes,contextual,road-autonomous-driving,planning; control-interface,predictor,NR:road context not specified,vehicle; cyclist; heterogeneous,state,action,environmental_shift; weather_or_visibility; long_tail_scenario,NA:no explicit distribution-shift construction,NA:no explicit distribution-shift evaluation,no,collision,qualitative-narrative,NR:actionable monitoring horizon not reported,NR:risk label source not explicitly reported,deterministic_confidence,NR:uncertainty output not explicitly reported,unspecified,not-applicable,"UKF friction estimates update NMPC force limits and improve closed-course driving safety, but the estimator/control stack is model-based and lacks a learned or calibrated risk component.",NR:risk or safety loss not explicitly reported,NA:no explicit calibration target,constraint-or-cost,none,NR:operational threshold not reported,NR:feedback timing not reported,NA:no explicit guarantee target,none,G0,none,NA:no statistical guarantee,NA:no statistical guarantee,NA:no statistical guarantee,not-applicable,mpc_filter,none,continuous constraint-or-cost,replanning,reported,reported at PDF p. 21: real time. This shows the efficacy of this approach in closed-loop. 6.4.1 S,NR:transportation-system impact not reported,INTERACTION,accuracy/AUROC,NA:no calibration metrics,NR:safety metrics not extracted,efficiency/travel-time; reward/return,contextual
REC-3B84190C7D8C,RACP: Risk-Aware Contingency Planning With Multi-Modal Predictions,"Mustafa, Khaled A.; Ornia, Daniel Jarne; Kober, Jens; Alonso-Mora, Javier",2025,IEEE Transactions on Intelligent Vehicles,10.1109/tiv.2024.3411530,Article,yes,contextual,vehicle-vehicle; traffic-system; mobile-robot-or-general-robotics; road-autonomous-driving,planning; control-interface; policy-learning,predictor,urban; intersection,vehicle; robot; heterogeneous,trajectory,candidate-plan; safety-constraint,weather_or_visibility,NA:no explicit distribution-shift construction,NA:no explicit distribution-shift evaluation,no,collision; infeasible-planning,empirical-validated,reported,planning-infeasibility,probabilistic_model,distribution; bound-or-constraint,unspecified,model-output-score,"Bayesian intent beliefs and probabilistic collision risk directly constrain closed-loop contingency planning with safety evaluation, but their probabilities are not empirically calibrated against observed frequencies.",NR:risk or safety loss not explicitly reported,collision; constraint,constraint-or-cost,information-gathering,reported,delayed observed outcome,collision-risk,none,G0,none,NA:no statistical guarantee,NA:no statistical guarantee,NA:no statistical guarantee,not-applicable,trajectory_modification,none,chance-constraint,NR:fallback policy not reported,reported,NR:end-to-end online latency not reported,reported,CommonRoad; INTERACTION,accuracy/AUROC,NA:no calibration metrics,collision; TTC/min-distance,efficiency/travel-time; comfort; reward/return,contextual
REC-411A41BF9DAB,Bidirectional Long Shot-Term Memory-Based Interactive Motion Prediction of Cut-In Vehicles in Urban Environments,"Jeong, Yonghwan; Yi, Kyongsu",2020,IEEE ACCESS,10.1109/access.2020.2994929,Article,yes,contextual,vehicle-vehicle; traffic-system; road-autonomous-driving,perception-interface; motion-forecasting; planning; control-interface,predictor,urban,vehicle,state; image; LiDAR,risk-score; action,weather_or_visibility,NA:no explicit distribution-shift construction,NA:no explicit distribution-shift evaluation,no,collision,qualitative-narrative,NR:actionable monitoring horizon not reported,NR:risk label source not explicitly reported,mixture_model; probabilistic_model,distribution; probability,unspecified,model-output-score,"Bi-LSTM maneuver likelihoods and interaction collision costs affect downstream driving response in real road tests, but probabilistic outputs are not calibrated and the planner receives selected trajectories rather than calibrated uncertainty.",NR:risk or safety loss not explicitly reported,trajectory; collision,constraint-or-cost,none,NR:operational threshold not reported,NR:feedback timing not reported,NA:no explicit guarantee target,none,G0,none,NA:no statistical guarantee,NA:no statistical guarantee,NA:no statistical guarantee,not-applicable,trajectory_modification,none,continuous constraint-or-cost,NR:fallback policy not reported,reported,NR:end-to-end online latency not reported,reported,INTERACTION; NGSIM,accuracy/AUROC,NA:no calibration metrics,TTC/min-distance,efficiency/travel-time; comfort,contextual
REC-42318CA19337,A survey on interpretable reinforcement learning,Claire Glanois; Paul Weng; Matthieu Zimmer; Dong Li; Tianpei Yang; Jianye Hao; Wulong Liu,2024,Mach. Learn.,10.1007/s10994-024-06543-w,Journal Article,yes,contextual,road-autonomous-driving,planning; control-interface; policy-learning,policy,NR:road context not specified,vehicle; robot; heterogeneous,NR:input modality not reported in extracted evidence,NR:output object not explicit,weather_or_visibility; epistemic_uncertainty; malicious_or_untrusted_information,NA:no explicit distribution-shift construction,NA:no explicit distribution-shift evaluation,no,NR:safety consequence not explicitly operationalized,qualitative-narrative,NR:actionable monitoring horizon not reported,reward-or-cost,deterministic_confidence,NR:uncertainty output not explicitly reported,epistemic,not-applicable,"The paper surveys interpretable RL methods broadly—interpretable inputs, transition/reward models, and decision-making—and is not focused on any specific uncertainty or risk signal. The paper mentions autonomous driving only as a motivating high-stake application domain where interpretability is needed.",reported,NA:no explicit calibration target,none,cost-or-objective,NA:no runtime intervention,delayed observed outcome,NA:no explicit guarantee target,none,G0,none,NA:no statistical guarantee,NA:no statistical guarantee,NA:no statistical guarantee,not-applicable,no_intervention,none,NA:no runtime intervention,NA:no runtime intervention,NA:no runtime intervention,NR:end-to-end online latency not reported,NR:transportation-system impact not reported,INTERACTION,accuracy/AUROC,NA:no calibration metrics,NR:safety metrics not extracted,NR:utility metrics not extracted,contextual
REC-42AEED7C2C15,An Intention-Driven Lane Change Framework Considering Heterogeneous Dynamic Cooperation in Mixed-Traffic Environments,"Qiu, Xiaoyun; Liu, Haichao; Pan, Yue; Ma, Jun; Zheng, Xinhu",2026,IEEE TRANSACTIONS ON INTELLIGENT TRANSPORTATION SYSTEMS,10.1109/tits.2026.3690192,Article,yes,contextual,vehicle-vehicle; road-autonomous-driving,behavior-prediction; motion-forecasting; control-interface; policy-learning,policy,NR:road context not specified,vehicle; robot; heterogeneous,state; V2X,action,weather_or_visibility,NA:no explicit distribution-shift construction,NA:no explicit distribution-shift evaluation,no,collision,qualitative-narrative,NR:actionable monitoring horizon not reported,collision; reward-or-cost,probabilistic_model,NR:uncertainty output not explicitly reported,unspecified,not-applicable,"The signal is a ""cooperation score"" (cfinal, composed of intrinsic LCS and interactive DCS) that quantifies the cooperative tendency of surrounding human drivers during lane change interactions. It is produced by learned encoders (fintr, finter) and fused via a trainable gating mechanism.",reported,trajectory,constraint-or-cost,cost-or-objective,NR:operational threshold not reported,NR:feedback timing not reported,NA:no explicit guarantee target,none,G0,none,NA:no statistical guarantee,NA:no statistical guarantee,NA:no statistical guarantee,not-applicable,mpc_filter,none,continuous constraint-or-cost,NR:fallback policy not reported,reported,NR:end-to-end online latency not reported,NR:transportation-system impact not reported,INTERACTION; NGSIM; HighD,accuracy/AUROC,NA:no calibration metrics,NR:safety metrics not extracted,completion/success; efficiency/travel-time; comfort; reward/return,contextual
REC-432F9A8FF229,Safe and Nonconservative Contingency Planning for Autonomous Vehicles via Online Learning-Based Reachable Set Barriers,"Yang, Rui; Zheng, Lei; Ge, Shuzhi Sam; Ma, Jun",2026,IEEE TRANSACTIONS ON CONTROL SYSTEMS TECHNOLOGY,10.1109/tcst.2026.3675339,Article,yes,contextual,vehicle-vehicle; road-autonomous-driving,perception-interface; planning; control-interface,NA:no learned component clearly identified,highway; urban,vehicle,state,prediction-set; action; safety-constraint,environmental_shift; traffic_density_shift; weather_or_visibility; behavior_shift,NA:no explicit distribution-shift construction,NA:no explicit distribution-shift evaluation,no,collision; constraint-violation; infeasible-planning,qualitative-narrative,reported,constraint-violation; planning-infeasibility,formal_or_reachability_bound; probabilistic_model,set; variance; bound-or-constraint,unspecified,model-output-score,"Online-learned intent sets enter reachable-set barriers and change contingency trajectories with simulation and physical safety evaluation, but coverage of the learned sets is not statistically calibrated and guarantees are conditional.",NR:risk or safety loss not explicitly reported,constraint,constraint-or-cost,none,reported,delayed observed outcome,set-coverage,none,G0,reachability,NA:no statistical guarantee,NA:no statistical guarantee,NA:no statistical guarantee,not-applicable,trajectory_modification,none,chance-constraint,emergency braking/stop,reported,reported at PDF p. 10: computation time of 34 ms,reported,INTERACTION; NGSIM; Shifts,accuracy/AUROC,NA:no calibration metrics,collision; constraint-violation,efficiency/travel-time; comfort,contextual
REC-438D6D612838,Review of Learning-Based Longitudinal Motion Planning for Autonomous Vehicles: Research Gaps Between Self-Driving and Traffic Congestion,"Zhou, Hao; Laval, Jorge; Zhou, Anye; Wang, Yu; Wu, Wenchao; Qing, Zhu; Peeta, Srinivas",2022,TRANSPORTATION RESEARCH RECORD,10.1177/03611981211035764,Article,yes,contextual,traffic-system; road-autonomous-driving,perception-interface; planning; control-interface; policy-learning,policy,highway; urban,vehicle; robot; vessel; heterogeneous,image; LiDAR; radar,action,weather_or_visibility; long_tail_scenario,NA:no explicit distribution-shift construction,NA:no explicit distribution-shift evaluation,no,collision,qualitative-narrative,NR:actionable monitoring horizon not reported,NR:risk label source not explicitly reported,deterministic_confidence,NR:uncertainty output not explicitly reported,unspecified,not-applicable,"This paper is a literature review surveying learning-based longitudinal motion planning (mMP) methods for autonomous vehicles, including behavior cloning (BC), imitation learning, inverse reinforcement learning (IRL), generative adversarial imitation learning (GAIL), and reinforcement learning (RL) approaches. It specifically reviews datasets, feature representations, and learning algorithms, and discusses their impact on traffic congestion. The paper does not present or evaluate a specific uncertainty, risk, or fa",NR:risk or safety loss not explicitly reported,NA:no explicit calibration target,none,none,NA:no runtime intervention,NR:feedback timing not reported,NA:no explicit guarantee target,none,G0,none,NA:no statistical guarantee,NA:no statistical guarantee,NA:no statistical guarantee,not-applicable,no_intervention,none,NA:no runtime intervention,NA:no runtime intervention,reported,reported at PDF p. 13: Real-time motion planning methods for autonomous on- release of V9.0 s,reported,Waymo; INTERACTION; NGSIM,NR:predictive metrics not extracted,NA:no calibration metrics,NR:safety metrics not extracted,efficiency/travel-time; comfort,contextual
REC-449930AF5C64,Solutions for building a system to support motion control for autonomous vehicle,"Tho, Quach Hai; Phap, Huynh Cong; Phuong, Pham Anh",2020,"Advances in Science, Technology and Engineering Systems",10.25046/aj050373,Article,yes,contextual,vehicle-pedestrian; vehicle-vehicle; road-autonomous-driving,perception-interface; planning; control-interface,NA:no learned component clearly identified,NR:road context not specified,vehicle; pedestrian; cyclist; heterogeneous,V2X,action,weather_or_visibility,NA:no explicit distribution-shift construction,NA:no explicit distribution-shift evaluation,no,collision; off-road-or-boundary,learned-correlation,NR:actionable monitoring horizon not reported,NR:risk label source not explicitly reported,deterministic_confidence,variance,unspecified,model-output-score,"The signal is an assumed uncertainty/covariance for other road users’ predicted future positions, converted into Gaussian occupancy ellipses and probability-based collision constraints. It is actually consumed by the nonlinear MPC optimizer: the controller changes steering and acceleration, including braking to a stop and resuming motion when separation is safe. Safety/task evaluation consists of MATLAB simulations of cornering and merging scenarios, reporting collision avoidance/safe motion; however, the full text",NR:risk or safety loss not explicitly reported,NA:no explicit calibration target,constraint-or-cost,none,reported,NR:feedback timing not reported,NA:no explicit guarantee target,none,G0,none,NA:no statistical guarantee,NA:no statistical guarantee,NA:no statistical guarantee,not-applicable,mpc_filter,none,fixed-or-conditioned-threshold; see intervention evidence,emergency braking/stop,reported,NR:end-to-end online latency not reported,reported,NR:dataset or simulator not extracted,NR:predictive metrics not extracted,NA:no calibration metrics,NR:safety metrics not extracted,efficiency/travel-time; comfort,contextual
REC-4A6B58DB92EA,Takeover performance evaluation using driving simulation: a systematic review and meta-analysis,"Soares, Sónia; Lobo, António; Ferreira, Sara; Cunha, Liliana; Couto, António",2021,EUROPEAN TRANSPORT RESEARCH REVIEW,10.1186/s12544-021-00505-2,Review,yes,contextual,road-autonomous-driving,perception-interface; planning; control-interface,planner,highway; urban,vehicle,image,action; warning-or-alarm,traffic_density_shift; weather_or_visibility; sensor_or_perception_error,NA:no explicit distribution-shift construction,NA:no explicit distribution-shift evaluation,no,collision,qualitative-narrative,NR:actionable monitoring horizon not reported,collision; TTC,deterministic_confidence,NR:uncertainty output not explicitly reported,unspecified,not-applicable,"The paper does not introduce or evaluate an uncertainty/risk/failure signal consumed by an autonomous planner. It reviews the experimental literature on takeover requests (TORs) issued to human drivers who must resume manual control, and does not present any learned risk/uncertainty component.",NR:risk or safety loss not explicitly reported,NA:no explicit calibration target,none,none,NA:no runtime intervention,NR:feedback timing not reported,NA:no explicit guarantee target,none,G0,none,NA:no statistical guarantee,NA:no statistical guarantee,NA:no statistical guarantee,not-applicable,no_intervention,none,NA:no runtime intervention,NA:no runtime intervention,reported,NR:end-to-end online latency not reported,NR:transportation-system impact not reported,INTERACTION,NR:predictive metrics not extracted,NA:no calibration metrics,collision; TTC/min-distance,efficiency/travel-time; comfort,contextual
REC-4CB6A640722D,Model Predictive Instantaneous Safety Metric for Evaluation of Automated Driving Systems,B. Weng; S. J. Rao; E. Deosthale; S. Schnelle; F. Barickman,2020,2020 IEEE Intelligent Vehicles Symposium (IV),10.1109/iv47402.2020.9304635,IEEE Conferences,yes,contextual,vehicle-pedestrian; vehicle-vehicle; mobile-robot-or-general-robotics; road-autonomous-driving,perception-interface; planning; control-interface,NA:no learned component clearly identified,highway,vehicle; pedestrian; robot; heterogeneous,state; V2X,action,weather_or_visibility,NA:no explicit distribution-shift construction,NA:no explicit distribution-shift evaluation,no,collision,empirical-validated,reported,collision; TTC,formal_or_reachability_bound; probabilistic_model,bound-or-constraint,unspecified,model-output-score,"The signal is a deterministic Model Predictive Time-to-Collision (MPrTTC/MPrISM) computed from worst-case traffic-agent actions and the subject vehicle's modeled evasive control authority. It is used to evaluate and score an ADS's planning/control performance, but the supplied text does not show the metric being consumed by an online planner or decision-maker to alter constraints, select candidates, or change actions; it is an offline/monitoring evaluation metric. Safety/task evaluation is present through synthesiz",NR:risk or safety loss not explicitly reported,NA:no explicit calibration target,monitoring-only,none,NR:operational threshold not reported,NR:feedback timing not reported,NA:no explicit guarantee target,none,G0,none,NA:no statistical guarantee,NA:no statistical guarantee,NA:no statistical guarantee,not-applicable,monitoring_only,candidate_reranking,continuous constraint-or-cost,emergency braking/stop,reported,NR:end-to-end online latency not reported,NR:transportation-system impact not reported,SUMO; INTERACTION,NR:predictive metrics not extracted,NA:no calibration metrics,TTC/min-distance,efficiency/travel-time,contextual
REC-4DD6BC0D5EA3,Criticality Metrics for Automated Driving: A Review and Suitability Analysis of the State of the Art,"Westhofen, Lukas; Neurohr, Christian; Koopmann, Tjark; Butz, Martin; Schütt, Barbara; Utesch, Fabian; Neurohr, Birte; Gutenkunst, Christian; Böde, Eckard",2023,ARCHIVES OF COMPUTATIONAL METHODS IN ENGINEERING,10.1007/s11831-022-09788-7,Review,yes,contextual,vehicle-vehicle; traffic-system; road-autonomous-driving,planning,predictor,highway; urban; intersection; unstructured; mixed,vehicle,NR:input modality not reported in extracted evidence,risk-score; warning-or-alarm,model_misspecification,NA:no explicit distribution-shift construction,NA:no explicit distribution-shift evaluation,no,collision,qualitative-narrative,reported,TTC,deterministic_confidence,variance; probability,unspecified,model-output-score,"The paper surveys a wide range of criticality/risk metrics for automated driving — TTC, TTB, CPI, P-MC, P-SMH, RSS-DS, etc. — which measure aspects of temporal proximity, collision probability, or maneuver difficulty. These can serve as risk signals for planning. (b) Changes",NR:risk or safety loss not explicitly reported,collision,none,cost-or-objective,NA:no runtime intervention,NR:feedback timing not reported,collision-risk,none,G0,none,NA:no statistical guarantee,NA:no statistical guarantee,NA:no statistical guarantee,not-applicable,no_intervention,none,NA:no runtime intervention,NA:no runtime intervention,reported,NR:end-to-end online latency not reported,NR:transportation-system impact not reported,NR:dataset or simulator not extracted,accuracy/AUROC,NA:no calibration metrics,TTC/min-distance; intervention/failure,efficiency/travel-time; comfort; reward/return,contextual
REC-4DF382BE985A,T⋆-Lite: A Fast Time-Risk Optimal Motion Planning Algorithm for Multi-Speed Autonomous Vehicles,J. P. Wilson; Z. Shen; S. Gupta; T. A. Wettergren,2020,Global Oceans 2020: Singapore – U.S. Gulf Coast,10.1109/ieeeconf38699.2020.9389426,IEEE Conferences,yes,contextual,road-autonomous-driving,perception-interface; planning; control-interface,NA:no learned component clearly identified,NR:road context not specified,vehicle,state; trajectory,candidate-plan; action,weather_or_visibility,NA:no explicit distribution-shift construction,NA:no explicit distribution-shift evaluation,no,collision; infeasible-planning,qualitative-narrative,NR:actionable monitoring horizon not reported,planning-infeasibility; reward-or-cost,probabilistic_model,NR:uncertainty output not explicitly reported,unspecified,not-applicable,"The signal is a sensor-derived obstacle collision time (collision distance divided by vehicle speed), transformed into a time-risk cost using a safety threshold. This cost is directly consumed by RRT* local steering/distance evaluation to select trajectory speed, turning radius, and route; the vehicle slows near obstacles and chooses lower-risk paths. Safety/task evaluation is simulation on a 30 m × 30 m obstacle map, reporting collision-risk reduction and over-5-second travel-time improvement. However, the supplie",NR:risk or safety loss not explicitly reported,collision,constraint-or-cost,cost-or-objective; discrete-trigger,reported,NR:feedback timing not reported,NA:no explicit guarantee target,none,G0,none,NA:no statistical guarantee,NA:no statistical guarantee,NA:no statistical guarantee,not-applicable,trajectory_modification,none,fixed-or-conditioned-threshold; see intervention evidence,NR:fallback policy not reported,reported,NR:end-to-end online latency not reported,NR:transportation-system impact not reported,NR:dataset or simulator not extracted,NR:predictive metrics not extracted,NA:no calibration metrics,NR:safety metrics not extracted,efficiency/travel-time; comfort; reward/return,contextual
REC-4F84A4DEACD7,The review of image processing and edge computing for intelligent transportation system; [面向智慧交通的图像处理与边缘计算],"Cao, Xingjian; Zhang, Zhitao; Sun, Yanzan; Wang, Ping; Xu, Shugong; Liu, Fuqiang; Wang, Chao; Peng, Fei; Mu, Shiyi; Liu, Wenyu; Yang, You",2022,Journal of Image and Graphics,10.11834/jig.211266,Review,yes,contextual,road-autonomous-driving,perception-interface; planning,NA:no learned component clearly identified,NR:road context not specified,vehicle,image,NR:output object not explicit,model_misspecification,NA:no explicit distribution-shift construction,NA:no explicit distribution-shift evaluation,no,collision,qualitative-narrative,NR:actionable monitoring horizon not reported,NR:risk label source not explicitly reported,deterministic_confidence,NR:uncertainty output not explicitly reported,unspecified,not-applicable,"No specific runtime uncertainty/risk signal is proposed or evaluated; the paper surveys broad categories such as image enhancement/restoration, object detection (YOLO, R-CNN, SSD), semantic segmentation (FCN, U-Net, PSPNet), and edge computing for task offloading and data caching. The word ""uncertainty"" appears once (PDF_PAGE 7, col. 2) in the context of transmission delays in centralized cloud computing, not as a risk signal for planning.",NR:risk or safety loss not explicitly reported,NA:no explicit calibration target,none,none,reported,NR:feedback timing not reported,NA:no explicit guarantee target,none,G0,none,NA:no statistical guarantee,NA:no statistical guarantee,NA:no statistical guarantee,not-applicable,no_intervention,none,NA:no runtime intervention,NA:no runtime intervention,reported,NR:end-to-end online latency not reported,reported,Waymo; INTERACTION,accuracy/AUROC,NA:no calibration metrics,NR:safety metrics not extracted,comfort,contextual
REC-506260C0A093,"Vehicle Trajectory Prediction for Autonomous Driving Applications: State-of-the-Art Review, Research Challenges, and Future Directions","Yan, Yongjun; Zhang, Peng; Du, Chao; Wang, Hongliang; Wang, Hao; Pi, Dawei; Chen, Ye-Hwa",2026,Automotive Innovation,10.1007/s42154-025-00382-8,Article,yes,contextual,vehicle-pedestrian; vehicle-vehicle; road-autonomous-driving,perception-interface; behavior-prediction; motion-forecasting; planning; control-interface; policy-learning,policy,urban,vehicle; pedestrian; heterogeneous,NR:input modality not reported in extracted evidence,action,weather_or_visibility,NA:no explicit distribution-shift construction,NA:no explicit distribution-shift evaluation,no,collision,qualitative-narrative,NR:actionable monitoring horizon not reported,NR:risk label source not explicitly reported,probabilistic_model,interval; distribution,unspecified,model-output-score,"This is a survey/review paper (State-of-the-Art Review) that systematically catalogs and classifies vehicle trajectory prediction methods for autonomous driving — traditional physics-based models, probability distributions (GP, DBN, HMM), deep learning, reinforcement learning, and inverse reinforcement learning. It does not present or evaluate any specific uncertainty/risk signal that is consumed by a planner/decision-maker to change constraints, candidate selection, or action. Instead, it reviews existing methods'",NR:risk or safety loss not explicitly reported,trajectory,none,none,NA:no runtime intervention,NR:feedback timing not reported,NA:no explicit guarantee target,none,G0,none,NA:no statistical guarantee,NA:no statistical guarantee,NA:no statistical guarantee,not-applicable,no_intervention,none,NA:no runtime intervention,NA:no runtime intervention,reported,reported at PDF p. 1: real time 1 S,reported,nuScenes; INTERACTION,accuracy/AUROC,NA:no calibration metrics,NR:safety metrics not extracted,efficiency/travel-time; comfort,contextual
REC-51E5786B30B6,Uncertainty-Aware Roundabout Navigation: A Switched Decision Framework Integrating Stackelberg Games and Dynamic Potential Fields,Z. Lin; Z. Tian; J. Lan; D. Zhao; C. Wei,2026,IEEE Transactions on Vehicular Technology,10.1109/tvt.2025.3638264,IEEE Journals,yes,contextual,vehicle-vehicle; traffic-system; road-autonomous-driving,motion-forecasting; control-interface; policy-learning,predictor; policy,intersection,vehicle; cyclist; vessel; heterogeneous,state,action; safety-constraint,weather_or_visibility; long_tail_scenario; sensor_or_perception_error,NA:no explicit distribution-shift construction,NA:no explicit distribution-shift evaluation,no,collision; infeasible-planning,empirical-validated,reported,collision; TTC; planning-infeasibility,formal_or_reachability_bound; probabilistic_model,variance; distribution,unspecified,model-output-score,"The paper presents an uncertainty-aware switched decision framework for AV roundabout navigation that integrates Stackelberg game theory with hybrid potential fields. The signal is prediction uncertainty quantified through covariance matrices Σ_j(t) (Eq 24-25), propagated via a Lyapunov-type differential equation Ṗ = J1 P + PJ1⊤ + Q(t) (Eq 26) from a stochastic kinematic bicycle model. This uncertainty signal IS consumed by planning through multiple mechanisms: (1) confidence-weighted Stackelberg ga",NR:risk or safety loss not explicitly reported,trajectory,constraint-or-cost,discrete-trigger,reported,NR:feedback timing not reported,NA:no explicit guarantee target,none,G0,none,NA:no statistical guarantee,NA:no statistical guarantee,NA:no statistical guarantee,not-applicable,trajectory_modification,none,fixed-or-conditioned-threshold; see intervention evidence,NR:fallback policy not reported,reported,reported at PDF p. 11: Computation Time (ms) Algorithm Component Mean Std Max State Prediction 8.4 1.2 11.7 S,reported,INTERACTION; Shifts,accuracy/AUROC,NA:no calibration metrics,collision; TTC/min-distance,completion/success; efficiency/travel-time; comfort,contextual
REC-5296C7BD8C12,The Unscented Kalman Filter for Nonlinear Parameter Identification of Adaptive Cruise Control Systems,K. Ampountolas,2023,IEEE Transactions on Intelligent Vehicles,10.1109/tiv.2023.3272660,IEEE Journals,yes,contextual,traffic-system,perception-interface; planning; control-interface; policy-learning,NA:no learned component clearly identified,urban,vehicle,state; V2X,action,weather_or_visibility,NA:no explicit distribution-shift construction,NA:no explicit distribution-shift evaluation,no,NR:safety consequence not explicitly operationalized,qualitative-narrative,NR:actionable monitoring horizon not reported,NR:risk label source not explicitly reported,probabilistic_model,variance; distribution,unspecified,model-output-score,"The signal is real-time DUKF estimates of stock ACC constant-time-headway parameters (alpha, beta, tau), with derived L2/L-infinity string-stability status. These estimates are used to identify and assess an already deployed ACC controller, not consumed by a planner or decision-maker to change constraints, candidate selection, or vehicle action. Road validation uses real motorway car-following data from two 2019 SUVs; task/safety-relevant evaluation includes space-gap and velocity MAE plus string-stability results,",NR:risk or safety loss not explicitly reported,NA:no explicit calibration target,monitoring-only,none,NR:operational threshold not reported,NR:feedback timing not reported,NA:no explicit guarantee target,none,G0,none,NA:no statistical guarantee,NA:no statistical guarantee,NA:no statistical guarantee,not-applicable,monitoring_only,warning_only,continuous constraint-or-cost,NR:fallback policy not reported,reported,NR:end-to-end online latency not reported,reported,NR:dataset or simulator not extracted,accuracy/AUROC,NA:no calibration metrics,NR:safety metrics not extracted,comfort,contextual
REC-543DFDF9BE0A,Hybrid cooperative intersection management for connected automated vehicles and pedestrians,P. Cai; J. He; Y. Li,2023,Journal of Intelligent and Connected Vehicles,10.26599/jicv.2023.9210008,TUP Journals,yes,contextual,vehicle-pedestrian; vehicle-vehicle; traffic-system,perception-interface; planning; control-interface; policy-learning,NA:no learned component clearly identified,intersection,vehicle; pedestrian; cyclist; heterogeneous,V2X,safety-constraint,weather_or_visibility,NA:no explicit distribution-shift construction,NA:no explicit distribution-shift evaluation,no,collision,learned-correlation,NR:actionable monitoring horizon not reported,NR:risk label source not explicitly reported,deterministic_confidence,NR:uncertainty output not explicitly reported,unspecified,not-applicable,"The signal is a deterministic pedestrian-light state represented as a rectangular crosswalk “virtual entity,” plus vehicle/pedestrian occupancy conflicts; it is not a learned uncertainty, risk, failure, or calibrated prediction component. The signal does change planning/action: the centralized scheduler delays pedestrian green times or CAV intersection-entry times until their space-time occupations do not conflict, and MCTS can select participant ordering. Road-intersection simulation evaluates safety through confl",NR:risk or safety loss not explicitly reported,NA:no explicit calibration target,constraint-or-cost,none,reported,NR:feedback timing not reported,NA:no explicit guarantee target,none,G0,none,NA:no statistical guarantee,NA:no statistical guarantee,NA:no statistical guarantee,not-applicable,trajectory_modification,none,fixed-or-conditioned-threshold; see intervention evidence,NR:fallback policy not reported,reported,NR:end-to-end online latency not reported,reported,INTERACTION,NR:predictive metrics not extracted,NA:no calibration metrics,NR:safety metrics not extracted,efficiency/travel-time; comfort,contextual
REC-548D096BC17D,Neuro-Symbolic Reinforcement Learning for Context-Aware Decision Making in Safe Autonomous Vehicles,"Khan, Huma; Chaudhari, Tarunika D.; Ramesh, Janjhyam Venkata Naga; Kranthi, A. Smitha; Muniyandy, Elangovan; Baker El-Ebiary, Yousef A.; Devadhas, David Neels Ponkumar",2025,International Journal of Advanced Computer Science and Applications,10.14569/ijacsa.2025.0160558,Article,yes,contextual,vehicle-pedestrian; traffic-system; road-autonomous-driving,perception-interface; motion-forecasting; planning; control-interface; policy-learning,world-model; policy,highway; urban; intersection; unstructured,vehicle; pedestrian; heterogeneous,V2X,safety-constraint,weather_or_visibility,NA:no explicit distribution-shift construction,NA:no explicit distribution-shift evaluation,no,NR:safety consequence not explicitly operationalized,qualitative-narrative,NR:actionable monitoring horizon not reported,reward-or-cost,deterministic_confidence,NR:uncertainty output not explicitly reported,unspecified,not-applicable,信号由CNN-LSTM未来轨迹预测和确定性的符号条件组成，例如红灯、检测到行人和相邻车道占用；融合层让这些预设规则优先于神经输出，DQN随后选择加速、制动、转向、让行或放弃超车，因此下游确实改变动作，但论文没有学习或量化风险、置信度、覆盖率或不确定性，符号标志不是学习式风险组件；Lyft数据与Gym实验报告轨迹误差、规则违例、碰撞次数、奖励和决策准确率，属于仿真安全与任务验证。,reported,NA:no explicit calibration target,constraint-or-cost,none,NR:operational threshold not reported,delayed observed outcome,NA:no explicit guarantee target,none,G0,none,NA:no statistical guarantee,NA:no statistical guarantee,NA:no statistical guarantee,not-applicable,trajectory_modification,none,continuous constraint-or-cost,NR:fallback policy not reported,reported,NR:end-to-end online latency not reported,reported,INTERACTION; Lyft,accuracy/AUROC,NA:no calibration metrics,collision,completion/success; efficiency/travel-time,contextual
REC-583E492766C4,Vehicle Dynamics and Cooperative Driving Enhanced by Multi-Agent V2V Communication,"Al Salem, Hesham",2025,International Journal of Transport Development and Integration,10.18280/ijtdi.090302,Article,yes,contextual,traffic-system; road-autonomous-driving,perception-interface; control-interface; policy-learning,policy; uncertainty-estimator,highway; urban; intersection; parking,vehicle,image; V2X,NR:output object not explicit,weather_or_visibility,NA:no explicit distribution-shift construction,NA:no explicit distribution-shift evaluation,no,collision,empirical-validated,NR:actionable monitoring horizon not reported,collision,deterministic_confidence,score,unspecified,model-output-score,"The system uses communication and state-quality signals: the Information Integration Agent accepts sensor input only above a 0.85 confidence threshold, and the Car-User Model uses a 0.8 risk threshold to alert the driver; it also specifies a one-second delay before AI override of user action. Cooperative agents exchange trajectories, calculate safe gaps, and adapt speed/positioning for lane changes, prioritize crossings, and coordinate platoons, so these signals are described as affecting actions. Safety/task evalu",NR:risk or safety loss not explicitly reported,collision,constraint-or-cost,discrete-trigger,reported,NR:feedback timing not reported,NA:no explicit guarantee target,none,G0,none,NA:no statistical guarantee,NA:no statistical guarantee,NA:no statistical guarantee,not-applicable,trajectory_modification,none,fixed-or-conditioned-threshold; see intervention evidence,NR:fallback policy not reported,reported,reported at PDF p. 9: Real-time responsiveness to 100 ms,reported,INTERACTION,accuracy/AUROC,NA:no calibration metrics,NR:safety metrics not extracted,efficiency/travel-time,contextual
REC-5AD62284D37E,A Survey of Cooperative Driving between Auxiliary Autonomous System and Human Driver,"Zou, Qijie; Li, Haoyu; Zhang, Rubo; Pei, Tengda",2018,MATEC Web of Conferences,10.1051/matecconf/201816005001,Conference paper,yes,contextual,mobile-robot-or-general-robotics; road-autonomous-driving,perception-interface; motion-forecasting; planning; control-interface,NA:no learned component clearly identified,NR:road context not specified,vehicle; robot; vessel; heterogeneous,state,action; warning-or-alarm,weather_or_visibility,NA:no explicit distribution-shift construction,NA:no explicit distribution-shift evaluation,no,collision,qualitative-narrative,NR:actionable monitoring horizon not reported,NR:risk label source not explicitly reported,deterministic_confidence,NR:uncertainty output not explicitly reported,unspecified,not-applicable,"This is a survey paper that reviews the state of the art in cooperative driving between human drivers and auxiliary autonomous systems. It covers decision-making, motion planning, driver modeling, and collaboration timing. It mentions threat assessment (Section 5.1) and trajectory prediction (Section 5.2) as methods for determining when to switch control, and notes that ""confidence"" of the autonomous system is used for human-machine rights switching (Section 5.1,, citing refs [80-81]). However, the pap",NR:risk or safety loss not explicitly reported,trajectory,none,discrete-trigger,reported,delayed observed outcome,NA:no explicit guarantee target,none,G0,none,NA:no statistical guarantee,NA:no statistical guarantee,NA:no statistical guarantee,not-applicable,no_intervention,none,NA:no runtime intervention,NA:no runtime intervention,reported,NR:end-to-end online latency not reported,NR:transportation-system impact not reported,INTERACTION,accuracy/AUROC,NA:no calibration metrics,NR:safety metrics not extracted,efficiency/travel-time; comfort,contextual
REC-5B368F243476,Mean-Semivariance Policy Optimization via Risk-Averse Reinforcement Learning,Xiaoteng Ma; Shuai Ma; Li Xia; Qianchuan Zhao,2022,J. Artif. Int. Res.,10.1613/jair.1.13833,Journal Article,yes,contextual,mobile-robot-or-general-robotics; road-autonomous-driving,planning; control-interface; policy-learning,policy,NR:road context not specified,vehicle; robot; heterogeneous,NR:input modality not reported in extracted evidence,NR:output object not explicit,weather_or_visibility,NA:no explicit distribution-shift construction,NA:no explicit distribution-shift evaluation,no,NR:safety consequence not explicitly operationalized,qualitative-narrative,NR:actionable monitoring horizon not reported,reward-or-cost,deterministic_confidence,variance,unspecified,model-output-score,"The risk signal is the semivariance risk measure (downside deviation from mean reward), which is incorporated into a surrogate reward function g = (1+2βη₋)r − β(r−η)²₋ and consumed during policy gradient / trust-region policy optimization training (Theorems 4 & 6,). However, this consumption occurs only during training to shape policy parameters; the trained policy maps states to actions without consuming any runtime risk/uncertainty signal at deployment time — there is no runtime risk-aware planner",reported,NA:no explicit calibration target,monitoring-only,cost-or-objective,NR:operational threshold not reported,NR:feedback timing not reported,NA:no explicit guarantee target,none,G0,none,NA:no statistical guarantee,NA:no statistical guarantee,NA:no statistical guarantee,not-applicable,monitoring_only,warning_only,continuous constraint-or-cost,NR:fallback policy not reported,reported,NR:end-to-end online latency not reported,NR:transportation-system impact not reported,MuJoCo; INTERACTION,NR:predictive metrics not extracted,NA:no calibration metrics,NR:safety metrics not extracted,reward/return,contextual
REC-5DCF6833EF84,Motion Planning Under Uncertainty with Complex Agents and Environments via Hybrid Search (Extended Abstract),"Strawser, Daniel; Williams, Brian",2023,Proceedings of the Thirty-Second International Joint Conference on Artificial Intelligence,10.24963/ijcai.2023/792,Conference paper,yes,contextual,road-autonomous-driving,planning; control-interface; policy-learning,planner; policy,urban,vehicle; robot; heterogeneous,NR:input modality not reported in extracted evidence,risk-score; safety-constraint,weather_or_visibility,NA:no explicit distribution-shift construction,NA:no explicit distribution-shift evaluation,no,collision; task-failure,qualitative-narrative,NR:actionable monitoring horizon not reported,NR:risk label source not explicitly reported,probabilistic_model,distribution; probability; bound-or-constraint,unspecified,model-output-score,"The signal is an explicitly modeled probability of mission failure/collision (chance constraint), estimated with CDF, sampled intersecting-region, or Monte Carlo trajectory-risk models. It is consumed by the hybrid region/trajectory planner: candidate paths are sent for optimization and retained only when the chance constraint can be satisfied, thereby changing the generated open-loop control trajectory. Safety/task evaluation is provided through simulated collision-risk approximation and planning benchmarks, inclu",NR:risk or safety loss not explicitly reported,collision; constraint,constraint-or-cost,continuous-constraint,reported,NR:feedback timing not reported,constraint-satisfaction,none,G0,chance-constrained-control,NA:no statistical guarantee,NA:no statistical guarantee,NA:no statistical guarantee,not-applicable,trajectory_modification,none,chance-constraint,NR:fallback policy not reported,NR:intervention cost not reported,NR:end-to-end online latency not reported,NR:transportation-system impact not reported,NR:dataset or simulator not extracted,NR:predictive metrics not extracted,NA:no calibration metrics,NR:safety metrics not extracted,NR:utility metrics not extracted,contextual
REC-5E16ADC1A42D,Collision Avoidance/Mitigation System: Motion Planning of Autonomous Vehicle via Predictive Occupancy Map,"Lee, Kibeom; Kum, Dongsuk",2019,IEEE ACCESS,10.1109/access.2019.2912067,Article,yes,contextual,vehicle-pedestrian; vehicle-vehicle; traffic-system; road-autonomous-driving,perception-interface; motion-forecasting; planning; control-interface,predictor,highway; intersection,vehicle; pedestrian; heterogeneous,trajectory; image,candidate-plan; action,model_misspecification,NA:no explicit distribution-shift construction,NA:no explicit distribution-shift evaluation,no,collision,qualitative-narrative,NR:actionable monitoring horizon not reported,collision; TTC,probabilistic_model,NR:uncertainty output not explicitly reported,unspecified,not-applicable,"Predictive occupancy collision risk directly triggers mitigation planning, but it is generated by a constant-acceleration kinematic model rather than a learned or calibrated risk component.",NR:risk or safety loss not explicitly reported,trajectory; collision,constraint-or-cost,discrete-trigger,reported,NR:feedback timing not reported,collision-risk,none,G0,none,NA:no statistical guarantee,NA:no statistical guarantee,NA:no statistical guarantee,not-applicable,trajectory_modification,none,fixed-or-conditioned-threshold; see intervention evidence,NR:fallback policy not reported,NR:intervention cost not reported,NR:end-to-end online latency not reported,NR:transportation-system impact not reported,Waymo; INTERACTION,accuracy/AUROC,NA:no calibration metrics,collision; TTC/min-distance,NR:utility metrics not extracted,contextual
REC-5F3EA53E8B4F,"Deep learning for autonomous driving systems: technological innovations, strategic implementations, and business implications-a comprehensive review","Sahoo, Laxmi Kant; Varadarajan, Vijayakumar",2025,Complex Engineering Systems,10.20517/ces.2024.83,Article,yes,contextual,vehicle-pedestrian; vehicle-vehicle; road-autonomous-driving,perception-interface; planning; control-interface; policy-learning,policy,highway; urban,vehicle; pedestrian; cyclist; heterogeneous,map; image; LiDAR; radar,action,weather_or_visibility; sensor_or_perception_error; epistemic_uncertainty,NA:no explicit distribution-shift construction,NA:no explicit distribution-shift evaluation,no,NR:safety consequence not explicitly operationalized,qualitative-narrative,NR:actionable monitoring horizon not reported,reward-or-cost,deterministic_confidence,NR:uncertainty output not explicitly reported,epistemic,not-applicable,"What the signal is: This paper is a comprehensive literature review/survey of deep learning techniques for autonomous driving systems (see title: ""a comprehensive review"" and abstract: ""This comprehensive review explores the state-of-the-art deep learning methodologies…""). It surveys perception (CNNs, object detection, segmentation, sensor fusion, localization, occupancy grids), path planning, end-to-end driving, HD maps, safety, hardware, datasets, and business/strategic implications. The paper mentions ""uncertain",NR:risk or safety loss not explicitly reported,NA:no explicit calibration target,none,cost-or-objective,NA:no runtime intervention,delayed observed outcome,NA:no explicit guarantee target,none,G0,none,NA:no statistical guarantee,NA:no statistical guarantee,NA:no statistical guarantee,not-applicable,no_intervention,none,NA:no runtime intervention,NA:no runtime intervention,reported,NR:end-to-end online latency not reported,reported,Waymo; INTERACTION,accuracy/AUROC,NA:no calibration metrics,NR:safety metrics not extracted,efficiency/travel-time,contextual
REC-6187B5EAC288,"Risk assessment in autonomous driving: a comprehensive survey of risk sources, methodologies, and system architectures","Lu, Dongyuan; Du, Haoyang; Wu, Zhengfei; Yang, Shuo",2025,Autonomous Intelligent Systems,10.1007/s43684-025-00112-1,Article,yes,contextual,vehicle-pedestrian; road-autonomous-driving,perception-interface; risk-monitoring; planning; control-interface; policy-learning,risk-monitor,highway; urban,vehicle; pedestrian; heterogeneous,image; radar,safety-constraint,weather_or_visibility; sensor_or_perception_error,NA:no explicit distribution-shift construction,NA:no explicit distribution-shift evaluation,no,collision,qualitative-narrative,reported,NR:risk label source not explicitly reported,failure_prediction,NR:uncertainty output not explicitly reported,unspecified,not-applicable,"The paper surveys three categories of uncertainty/risk signals from the literature — perceptual uncertainty (e.g., sensor noise, occlusion risk), prediction uncertainty (e.g., stochastic multi-agent behavior, long-tail scenarios), and decision uncertainty (e.g., incomplete observability, multi-objective conflicts) — but does not propose or implement a specific novel signal.",NR:risk or safety loss not explicitly reported,collision,none,continuous-constraint,reported,delayed observed outcome,NA:no explicit guarantee target,none,G0,none,NA:no statistical guarantee,NA:no statistical guarantee,NA:no statistical guarantee,not-applicable,no_intervention,none,NA:no runtime intervention,NA:no runtime intervention,NA:no runtime intervention,NR:end-to-end online latency not reported,NR:transportation-system impact not reported,Waymo; CARLA; INTERACTION,accuracy/AUROC,NA:no calibration metrics,TTC/min-distance,NR:utility metrics not extracted,contextual
REC-658EE3E981A6,Deep Predictive Models for Collision Risk Assessment in Autonomous Driving,"Strickland, Mark; Fainekos, Georgios; Amor, Heni Ben",2018,Proceedings - IEEE International Conference on Robotics and Automation,10.1109/icra.2018.8461160,Conference paper,yes,contextual,traffic-system; road-autonomous-driving,perception-interface; planning,uncertainty-estimator,highway; intersection,vehicle; robot; heterogeneous,state; image,action; warning-or-alarm,weather_or_visibility; localization_or_map_error,NA:no explicit distribution-shift construction,NA:no explicit distribution-shift evaluation,no,collision,empirical-validated,NR:actionable monitoring horizon not reported,NR:risk label source not explicitly reported,mc_dropout; bayesian_neural_network; probabilistic_model,variance,unspecified,model-output-score,"The learned signal is a Bayesian ConvLSTM collision-risk prediction distribution, with uncertainty represented by variance or bimodality across Monte Carlo-dropout stochastic forward passes. The paper says such confidence could be filtered for ADAS/autonomous controllers, but it does not implement or evaluate a planner/controller that changes constraints, candidate selection, steering, braking, or any action based on this signal. Safety/task evaluation consists of simulated two-vehicle intersection collision-versus",NR:risk or safety loss not explicitly reported,collision,monitoring-only,none,reported,delayed observed outcome,collision-risk,none,G0,none,NA:no statistical guarantee,NA:no statistical guarantee,NA:no statistical guarantee,not-applicable,monitoring_only,warning_only,fixed-or-conditioned-threshold; see intervention evidence,NR:fallback policy not reported,NR:intervention cost not reported,NR:end-to-end online latency not reported,NR:transportation-system impact not reported,INTERACTION,accuracy/AUROC,NA:no calibration metrics,NR:safety metrics not extracted,NR:utility metrics not extracted,contextual
REC-661ABCDFE223,Enhancing autonomous systems with bayesian neural networks: a probabilistic framework for navigation and decision-making,"Lebede, Ngartera; Nadarajah, Saralees",2025,Frontiers in Built Environment,10.3389/fbuil.2025.1597255,Article,yes,contextual,vehicle-pedestrian; traffic-system; road-autonomous-driving,perception-interface; motion-forecasting; planning; control-interface,uncertainty-estimator,urban; intersection,vehicle; pedestrian; heterogeneous,image,NR:output object not explicit,weather_or_visibility; long_tail_scenario; sensor_or_perception_error; epistemic_uncertainty; aleatoric_uncertainty,NA:no explicit distribution-shift construction,NA:no explicit distribution-shift evaluation,no,collision,qualitative-narrative,NR:actionable monitoring horizon not reported,NR:risk label source not explicitly reported,mc_dropout; bayesian_neural_network; probabilistic_model,interval; variance; distribution,aleatoric; epistemic,model-output-score,"The paper presents Bayesian Neural Networks (BNNs) for uncertainty-aware trajectory prediction in autonomous driving settings (urban navigation, obstacle avoidance, weather-induced visual degradation). The uncertainty signal is the predictive variance and 95% confidence intervals estimated via Monte Carlo sampling from the BNN posterior. The paper *claims* these uncertainty estimates enable ""conservative and interpretable decision-making"" and ""support cautious trajectory adjustment",NR:risk or safety loss not explicitly reported,trajectory,monitoring-only,none,reported,delayed observed outcome,NA:no explicit guarantee target,empirical_confidence,G1,none,trajectory,NR:not reported,NR:not established,conditional,monitoring_only,warning_only,fixed-or-conditioned-threshold; see intervention evidence,NR:fallback policy not reported,reported,NR:end-to-end online latency not reported,NR:transportation-system impact not reported,nuScenes; CARLA; KITTI; INTERACTION,accuracy/AUROC,NA:no calibration metrics,NR:safety metrics not extracted,efficiency/travel-time; comfort,contextual
REC-68ABFB9F39BF,E2ETrADS: end-to-end transformer based autonomous driving system for adverse weather conditions,"Spanogianopoulos, Sotirios; Ahiska, Kenan",2026,EUROPEAN TRANSPORT RESEARCH REVIEW,10.1186/s12544-026-00793-6,Article,yes,contextual,road-autonomous-driving,perception-interface; motion-forecasting; planning; control-interface; policy-learning,policy; uncertainty-estimator,urban,vehicle; robot; vessel; heterogeneous,image; LiDAR; radar,risk-score; action,traffic_density_shift; weather_or_visibility; sensor_or_perception_error,NA:no explicit distribution-shift construction,NA:no explicit distribution-shift evaluation,no,collision,empirical-validated,reported,NR:risk label source not explicitly reported,deterministic_confidence,NR:uncertainty output not explicitly reported,unspecified,not-applicable,"The signal is adverse-weather-related sensor degradation/visibility and road-slipperiness cues represented through multimodal RGB–LiDAR transformer features; the paper reports that the learned end-to-end policy responds by reducing speed, pre-emptively braking, and using wider turns, thereby changing steering/throttle/brake actions. Safety/task evaluation is present in CARLA adverse-weather tests through route completion, collision/infraction penalties, lane invasions, missed turns, driving score, and control smoot",NR:risk or safety loss not explicitly reported,trajectory,constraint-or-cost,none,NR:operational threshold not reported,delayed observed outcome,NA:no explicit guarantee target,none,G0,none,NA:no statistical guarantee,NA:no statistical guarantee,NA:no statistical guarantee,not-applicable,trajectory_modification,none,continuous constraint-or-cost,NR:fallback policy not reported,NR:intervention cost not reported,NR:end-to-end online latency not reported,NR:transportation-system impact not reported,nuScenes; CARLA; Shifts,accuracy/AUROC,NA:no calibration metrics,NR:safety metrics not extracted,NR:utility metrics not extracted,contextual
REC-694FFC072C01,Risk-Aware High-level Decisions for Automated Driving at Occluded Intersections with Reinforcement Learning,"Kamran, Danial; Lopez, Carlos Fernandez; Lauer, Martin; Stiller, Christoph",2020,"IEEE Intelligent Vehicles Symposium, Proceedings",10.1109/iv47402.2020.9304606,Conference paper,yes,contextual,traffic-system; road-autonomous-driving,perception-interface; control-interface; policy-learning,policy; uncertainty-estimator,highway; urban; intersection,vehicle; robot; heterogeneous,NR:input modality not reported in extracted evidence,action,traffic_density_shift; weather_or_visibility; sensor_or_perception_error,NA:no explicit distribution-shift construction,NA:no explicit distribution-shift evaluation,no,collision,empirical-validated,NR:actionable monitoring horizon not reported,reward-or-cost,deterministic_confidence,NR:uncertainty output not explicitly reported,unspecified,not-applicable,"The paper defines a worst-case risk signal from safe-stop distance and safe-leave time-gap conditions, combines it with utility in a risk-based reward, and learns a DQN high-level policy for Stop/Drive-slow/Drive-fast actions. The learned policy changes driving actions at occluded road intersections, with CARLA evaluations reporting success rates, action use, and challenging-scenario safety/task performance. However, it provides no statistical uncertainty calibration or calibration validation; risk is a hand-design",reported,NA:no explicit calibration target,constraint-or-cost,cost-or-objective,reported,NR:feedback timing not reported,NA:no explicit guarantee target,none,G0,none,NA:no statistical guarantee,NA:no statistical guarantee,NA:no statistical guarantee,not-applicable,trajectory_modification,none,fixed-or-conditioned-threshold; see intervention evidence,emergency braking/stop,reported,NR:end-to-end online latency not reported,NR:transportation-system impact not reported,CARLA,NR:predictive metrics not extracted,NA:no calibration metrics,NR:safety metrics not extracted,completion/success; efficiency/travel-time; reward/return,contextual
REC-6A0B6488035C,Advancing autonomy through lifelong learning: a survey of autonomous intelligent systems,"Zhu, Dekang; Bu, Qianyi; Zhu, Zhongpan; Zhang, Yujie; Wang, Zhipeng",2024,Frontiers in Neurorobotics,10.3389/fnbot.2024.1385778,Review,yes,contextual,unmanned-surface-vessel; road-autonomous-driving,perception-interface; motion-forecasting; control-interface; policy-learning,policy,urban; parking; mixed,vehicle; robot; vessel; heterogeneous,image; V2X,NR:output object not explicit,environmental_shift; weather_or_visibility,online temporal change,natural,no,NR:safety consequence not explicitly operationalized,qualitative-narrative,NR:actionable monitoring horizon not reported,NR:risk label source not explicitly reported,deterministic_confidence,NR:uncertainty output not explicitly reported,unspecified,not-applicable,"**Signal:** There is no specific uncertainty or risk signal identified for runtime planning. The paper surveys lifelong learning methods to address catastrophic forgetting. In the autonomous driving subsections (§3.1), it reviews lifelong learning for lane changing (multi-agent RL with parameter sharing,), automated valet parking (indoor positioning correction,), and trajectory prediction (conditional generative replay,). The emergency management section states that ""uncertain",NR:risk or safety loss not explicitly reported,trajectory,none,discrete-trigger,NA:no runtime intervention,delayed observed outcome,NA:no explicit guarantee target,none,G0,none,NA:no statistical guarantee,NA:no statistical guarantee,NA:no statistical guarantee,not-applicable,no_intervention,none,NA:no runtime intervention,NA:no runtime intervention,reported,"reported at PDF p. 4: real-time analysis of vast amounts of space data, autonomous acquired knowledge for new tasks (Pan et al., 2010). In the 2000s",NR:transportation-system impact not reported,Waymo; INTERACTION,accuracy/AUROC,NA:no calibration metrics,NR:safety metrics not extracted,efficiency/travel-time,contextual
REC-6D47375A1E62,Learning from Demonstrations of Critical Driving Behaviours Using Driver's Risk Field,"Du, Yurui; Acerbo, Flavia Sofia; Kober, Jens; Son, Tong Duy",2023,IFAC-PapersOnLine,10.1016/j.ifacol.2023.10.1376,Conference paper,yes,contextual,road-autonomous-driving,planning; control-interface; policy-learning,policy,highway; urban; unstructured,vehicle; robot; vessel; heterogeneous,image,trajectory-distribution,weather_or_visibility,synthetic perturbation; online temporal change; adversarial construction,natural; synthetic; adversarial,no,collision; off-road-or-boundary,qualitative-narrative,NR:actionable monitoring horizon not reported,NR:risk label source not explicitly reported,deterministic_confidence,NR:uncertainty output not explicitly reported,unspecified,not-applicable,the signal is the DRF subjective perceived risk;,reported,NA:no explicit calibration target,monitoring-only,none,reported,NR:feedback timing not reported,NA:no explicit guarantee target,none,G0,none,NA:no statistical guarantee,NA:no statistical guarantee,NA:no statistical guarantee,not-applicable,monitoring_only,warning_only,fixed-or-conditioned-threshold; see intervention evidence,NR:fallback policy not reported,reported,NR:end-to-end online latency not reported,NR:transportation-system impact not reported,INTERACTION; Lyft,NR:predictive metrics not extracted,NA:no calibration metrics,collision,efficiency/travel-time; reward/return,contextual
REC-6FDBDFE6B39F,UniMM-V2X: MoE-enhanced multi-level fusion for end-to-end cooperative autonomous driving,Ziyi Song; Chen Xia; Chenbing Wang; Haibao Yu; Sheng Zhou; Zhisheng Niu,2026,Proceedings of the Fortieth AAAI Conference on Artificial Intelligence and Thirty-Eighth Conference on Innovative Applications of Artificial Intelligence and Sixteenth Symposium on Educational Advances in Artificial Intelligence,10.1609/aaai.v40i11.37870,Conference Paper,yes,contextual,traffic-system; road-autonomous-driving,perception-interface; motion-forecasting; planning; control-interface,uncertainty-estimator,NR:road context not specified,vehicle,image; LiDAR; V2X,NR:output object not explicit,weather_or_visibility,NA:no explicit distribution-shift construction,NA:no explicit distribution-shift evaluation,no,collision,empirical-validated,NR:actionable monitoring horizon not reported,collision,generative_or_diffusion,distribution,unspecified,model-output-score,"What the signal is: The paper does not define or produce a dedicated uncertainty, risk, or failure signal. The MoE routing weights implement conditional computation (expert selection) but are used for adaptive feature extraction and motion modeling, not as a quantifiable uncertainty/risk measure consumed by the planner. The motion decoder produces trajectory predictions that feed into the planner, but these are standard multi-modal trajectory outputs — they are not framed, calibrated, or evaluate",reported,trajectory,constraint-or-cost,none,reported,NR:feedback timing not reported,NA:no explicit guarantee target,none,G0,none,NA:no statistical guarantee,NA:no statistical guarantee,NA:no statistical guarantee,not-applicable,candidate_reranking,none,fixed-or-conditioned-threshold; see intervention evidence,NR:fallback policy not reported,reported,NR:end-to-end online latency not reported,NR:transportation-system impact not reported,INTERACTION,accuracy/AUROC,NA:no calibration metrics,collision,efficiency/travel-time,contextual
REC-73C531FD085F,A survey of decision-making and planning methods for self-driving vehicles,"Hu, Jun; Wang, Yuefeng; Cheng, Shuai; Xu, Jinghan; Wang, Ningjia; Fu, Bingjie; Ning, Zuotao; Li, Jingyao; Chen, Hualin; Feng, Chaolu; Zhang, Yin",2025,FRONTIERS IN NEUROROBOTICS,10.3389/fnbot.2025.1451923,Review,yes,contextual,vehicle-pedestrian; vehicle-vehicle; road-autonomous-driving,perception-interface; behavior-prediction; planning; control-interface; policy-learning,predictor; policy,mixed,vehicle; pedestrian; robot; vessel; heterogeneous,state; image,action,weather_or_visibility,NA:no explicit distribution-shift construction,NA:no explicit distribution-shift evaluation,no,NR:safety consequence not explicitly operationalized,qualitative-narrative,NR:actionable monitoring horizon not reported,reward-or-cost,deterministic_confidence,NR:uncertainty output not explicitly reported,unspecified,not-applicable,"The ""signal"" discussed is not a specific learned uncertainty/risk signal — the paper surveys general methods (POMDP, MDP, game theory, IL, RL, IRL, hybrid) that handle uncertainty as a modeling concept, but no novel uncertainty/risk signal is proposed or validated.",reported,NA:no explicit calibration target,none,none,NA:no runtime intervention,NR:feedback timing not reported,NA:no explicit guarantee target,none,G0,none,NA:no statistical guarantee,NA:no statistical guarantee,NA:no statistical guarantee,not-applicable,no_intervention,none,NA:no runtime intervention,NA:no runtime intervention,reported,NR:end-to-end online latency not reported,reported,Waymo; CARLA; INTERACTION,ADE; NLL; accuracy/AUROC,sharpness/set-size; Brier/NLL,collision,efficiency/travel-time; comfort,contextual
REC-754FD1E904BD,Research progress of automatic driving control technology based on reinforcement learning; [强化学习的自动驾驶控制技术研究进展],"Pan, Feng; Bao, Hong",2021,Journal of Image and Graphics,10.11834/jig.200428,Review,yes,contextual,road-autonomous-driving,planning; control-interface; policy-learning,policy,NR:road context not specified,vehicle,image,NR:output object not explicit,weather_or_visibility,NA:no explicit distribution-shift construction,NA:no explicit distribution-shift evaluation,no,NR:safety consequence not explicitly operationalized,qualitative-narrative,NR:actionable monitoring horizon not reported,reward-or-cost,generative_or_diffusion,NR:uncertainty output not explicitly reported,unspecified,not-applicable,"No specific uncertainty or risk signal is proposed or evaluated — the paper surveys general RL-based control (DQN, DDPG, SAC, etc.) for lateral/longitudinal control tasks such as lane keeping, adaptive cruise control, and obstacle avoidance.",reported,NA:no explicit calibration target,none,cost-or-objective,NA:no runtime intervention,NR:feedback timing not reported,NA:no explicit guarantee target,none,G0,none,NA:no statistical guarantee,NA:no statistical guarantee,NA:no statistical guarantee,not-applicable,no_intervention,none,NA:no runtime intervention,NA:no runtime intervention,reported,NR:end-to-end online latency not reported,NR:transportation-system impact not reported,Waymo,NR:predictive metrics not extracted,NA:no calibration metrics,NR:safety metrics not extracted,comfort,contextual
REC-75872B975877,Automatically Learning Fallback Strategies with Model-Free Reinforcement Learning in Safety-Critical Driving Scenarios,Ugo Lecerf; Christelle Yemdji-Tchassi; Sebastien Aubert; Pietro Michiardi,2022,Proceedings of the 2022 7th International Conference on Machine Learning Technologies,10.1145/3529399.3529432,Conference Paper,yes,contextual,traffic-system; road-autonomous-driving,perception-interface; planning; control-interface; policy-learning,policy,intersection,vehicle,NR:input modality not reported in extracted evidence,NR:output object not explicit,weather_or_visibility; epistemic_uncertainty; aleatoric_uncertainty,NA:no explicit distribution-shift construction,NA:no explicit distribution-shift evaluation,no,collision,qualitative-narrative,reported,reward-or-cost,probabilistic_model,variance,aleatoric; epistemic,model-output-score,"What is the signal? The paper treats the possibility of a change in environment parameters (e.g., increased sensor uncertainty affecting target-vehicle position) as the motivating event. A pseudo-reward term based on trajectory-space distance encourages a ""pseudo-agent"" to learn a sub-optimal policy that exploits a different region of state-space than the optimal policy. The learned fallback policy itself is the means of handling uncertainty; however, no runtime uncertainty detection, estimation, or monitoring mech",reported,NA:no explicit calibration target,monitoring-only,cost-or-objective; discrete-trigger,reported,delayed observed outcome,NA:no explicit guarantee target,none,G0,none,NA:no statistical guarantee,NA:no statistical guarantee,NA:no statistical guarantee,not-applicable,monitoring_only,uncertainty_conditioned_policy,fixed-or-conditioned-threshold; see intervention evidence,NR:fallback policy not reported,reported,NR:end-to-end online latency not reported,NR:transportation-system impact not reported,INTERACTION,accuracy/AUROC,NA:no calibration metrics,TTC/min-distance,efficiency/travel-time; reward/return,contextual
REC-76A848CFA8FC,A visual approach towards forward collision warning for autonomous vehicles on Malaysian public roads,"Connie, Tee; Wong, Man Kiat; Goh, Michael Kah Ong; Wong, Li Pei; Teh, Pin Shen; Choo, Ai Ling",2022,F1000Research,10.12688/f1000research.72897.2,Article,yes,contextual,road-autonomous-driving,perception-interface; control-interface,NA:no learned component clearly identified,NR:road context not specified,vehicle,image; radar,warning-or-alarm,model_misspecification,NA:no explicit distribution-shift construction,NA:no explicit distribution-shift evaluation,no,collision,qualitative-narrative,NR:actionable monitoring horizon not reported,collision,generative_or_diffusion,NR:uncertainty output not explicitly reported,unspecified,not-applicable,"Vision-derived overlap with the ego lane triggers a forward-collision warning, but it does not change vehicle planning or control; it remains a monitoring/alerting interface with road data.",NR:risk or safety loss not explicitly reported,NA:no explicit calibration target,monitoring-only,discrete-trigger,reported,NR:feedback timing not reported,NA:no explicit guarantee target,none,G0,none,NA:no statistical guarantee,NA:no statistical guarantee,NA:no statistical guarantee,not-applicable,monitoring_only,warning_only,fixed-or-conditioned-threshold; see intervention evidence,NR:fallback policy not reported,NR:intervention cost not reported,NR:end-to-end online latency not reported,NR:transportation-system impact not reported,NR:dataset or simulator not extracted,accuracy/AUROC,NA:no calibration metrics,NR:safety metrics not extracted,NR:utility metrics not extracted,contextual
REC-77684089612E,TRUST-Planner: Topology-Guided Robust Trajectory Planner for AAVs With Uncertain Obstacle Spatial-Temporal Avoidance,J. Li; J. Sun; J. Zhong; T. Long,2026,IEEE Transactions on Industrial Electronics,10.1109/tie.2026.3695224,IEEE Early Access Articles,yes,contextual,vehicle-pedestrian; road-autonomous-driving,planning; control-interface,planner,NR:road context not specified,vehicle; pedestrian; heterogeneous,NR:input modality not reported in extracted evidence,NR:output object not explicit,weather_or_visibility,NA:no explicit distribution-shift construction,NA:no explicit distribution-shift evaluation,no,collision,qualitative-narrative,NR:actionable monitoring horizon not reported,NR:risk label source not explicitly reported,probabilistic_model,NR:uncertainty output not explicitly reported,unspecified,not-applicable,"The signal is dynamic-obstacle motion uncertainty, represented by the estimator-provided slope μo and used to inflate the predicted obstacle avoidance radius in the predictive directional cone and Dynamic Distance Field. It is explicitly consumed by the trajectory optimizer as an obstacle-avoidance penalty and by the multi-branch manager to replan/select collision-free trajectories, thereby changing the AAV’s executed navigation trajectory. Safety/task evaluation includes collision-free trajectory constraints, Mont",NR:risk or safety loss not explicitly reported,collision,constraint-or-cost,none,reported,NR:feedback timing not reported,NA:no explicit guarantee target,none,G0,none,NA:no statistical guarantee,NA:no statistical guarantee,NA:no statistical guarantee,not-applicable,replanning,none,fixed-or-conditioned-threshold; see intervention evidence,replanning,reported,reported at PDF p. 6: computation time of tmax = 20 ms,NR:transportation-system impact not reported,NR:dataset or simulator not extracted,NR:predictive metrics not extracted,NA:no calibration metrics,NR:safety metrics not extracted,completion/success; efficiency/travel-time; reward/return,contextual
REC-79AA80438DA9,Estimating the probabilities of surrounding vehicles' intentions and trajectories using a behavior planner,"Darweesh, Hatein; Takeuchi, Eijiro; Takeda, Kazuya",2019,International Journal of Automotive Engineering,10.20485/jsaeijae.10.4_299,Article,yes,contextual,vehicle-vehicle; traffic-system; road-autonomous-driving,perception-interface; planning; control-interface,NA:no learned component clearly identified,highway; urban; intersection,vehicle,image; LiDAR; radar; V2X,action,weather_or_visibility,NA:no explicit distribution-shift construction,NA:no explicit distribution-shift evaluation,no,collision,empirical-validated,NR:actionable monitoring horizon not reported,collision,probabilistic_model,variance; distribution,unspecified,model-output-score,"The signal is the probabilistic estimate of surrounding vehicles' intentions (Forward, Stop, Turn Left/Right, Yield) and trajectories, computed via a particle filter whose motion model is provided by a deterministic behavior planner. The paper models uncertainty in other vehicles' behavior using multiple sensing cues (pose, velocity, acceleration, turn signals).",NR:risk or safety loss not explicitly reported,NA:no explicit calibration target,monitoring-only,none,NR:operational threshold not reported,delayed observed outcome,NA:no explicit guarantee target,none,G0,none,NA:no statistical guarantee,NA:no statistical guarantee,NA:no statistical guarantee,not-applicable,monitoring_only,warning_only,continuous constraint-or-cost,emergency braking/stop,NR:intervention cost not reported,NR:end-to-end online latency not reported,NR:transportation-system impact not reported,INTERACTION,accuracy/AUROC,NA:no calibration metrics,collision,NR:utility metrics not extracted,contextual
REC-7A79447D74C7,Driving Environment Uncertainty-Aware Motion Planning for Autonomous Vehicles,"Tang, Xiaolin; Yang, Kai; Wang, Hong; Yu, Wenhao; Yang, Xin; Liu, Teng; Li, Jun",2022,Chinese Journal of Mechanical Engineering (English Edition),10.1186/s10033-022-00790-5,Article,yes,contextual,vehicle-pedestrian; vehicle-vehicle; road-autonomous-driving,perception-interface; planning; control-interface; policy-learning,policy; uncertainty-estimator,urban; unstructured; mixed,vehicle; pedestrian; cyclist; heterogeneous,trajectory; image,candidate-plan; action,weather_or_visibility; long_tail_scenario; sensor_or_perception_error,NA:no explicit distribution-shift construction,NA:no explicit distribution-shift evaluation,no,collision; off-road-or-boundary,qualitative-narrative,NR:actionable monitoring horizon not reported,NR:risk label source not explicitly reported,mc_dropout; probabilistic_model,bound-or-constraint,unspecified,model-output-score,EKF传播的周车位置协方差、99%概率安全边界及解析翻车风险指数；,NR:risk or safety loss not explicitly reported,NA:no explicit calibration target,constraint-or-cost,none,reported,delayed observed outcome,NA:no explicit guarantee target,none,G0,none,NA:no statistical guarantee,NA:no statistical guarantee,NA:no statistical guarantee,not-applicable,trajectory_modification,none,fixed-or-conditioned-threshold; see intervention evidence,NR:fallback policy not reported,reported,NR:end-to-end online latency not reported,NR:transportation-system impact not reported,NR:dataset or simulator not extracted,accuracy/AUROC,NA:no calibration metrics,NR:safety metrics not extracted,efficiency/travel-time,contextual
REC-7C028D4EAF39,Enhancing autonomous vehicle safety with knowledge graphs and large language models: Comprehensive review,"Liu, Jiaxin; Peng, Liang; Yan, Xiangyu; Zhang, Lingjun; Yang, Chenye; Tao, Yueming; Tan, Ashton Yu Xuan; Xu, Tianli; Guo, Sai; Wang, Hong; Li, Jun",2026,COMMUNICATIONS IN TRANSPORTATION RESEARCH,10.26599/commtr.2026.9640023,Review,yes,contextual,road-autonomous-driving,perception-interface; planning,NA:no learned component clearly identified,unstructured,vehicle,image,NR:output object not explicit,weather_or_visibility,NA:no explicit distribution-shift construction,NA:no explicit distribution-shift evaluation,no,collision,qualitative-narrative,NR:actionable monitoring horizon not reported,TTC,deterministic_confidence,NR:uncertainty output not explicitly reported,unspecified,not-applicable,"This is a comprehensive review/survey paper that surveys existing research on Knowledge Graphs (KGs) and Large Language Models (LLMs) for autonomous vehicle safety. It does not present a specific novel uncertainty or risk signal. Instead, it reviews how KGs and LLMs have been used across various AV safety tasks including risk recognition (e.g., CODA benchmark, RiskCueBench), anomaly detection, and risk assessment, spanning perception, prediction, decision-making, and scenario-based V&V.",NR:risk or safety loss not explicitly reported,NA:no explicit calibration target,none,none,NA:no runtime intervention,delayed observed outcome,NA:no explicit guarantee target,none,G0,none,NA:no statistical guarantee,NA:no statistical guarantee,NA:no statistical guarantee,not-applicable,no_intervention,none,NA:no runtime intervention,NA:no runtime intervention,reported,"reported at PDF p. 17: latency of risk of hallucination, particularly under out-of-distribution approximately 1.6–2 s",NR:transportation-system impact not reported,nuScenes; CARLA; INTERACTION,accuracy/AUROC,NA:no calibration metrics,collision; TTC/min-distance; constraint-violation,completion/success; efficiency/travel-time; reward/return,contextual
REC-7DE1A0D06FFC,Safety verification of nonlinear systems with Bayesian neural network controllers,Xia Zeng; Zhengfeng Yang; Li Zhang; Xiaochao Tang; Zhenbing Zeng; Zhiming Liu,2023,Proceedings of the Thirty-Seventh AAAI Conference on Artificial Intelligence and Thirty-Fifth Conference on Innovative Applications of Artificial Intelligence and Thirteenth Symposium on Educational Advances in Artificial Intelligence,10.1609/aaai.v37i12.26782,Conference Paper,yes,contextual,road-autonomous-driving,perception-interface; planning; control-interface,uncertainty-estimator,NR:road context not specified,vehicle,NR:input modality not reported in extracted evidence,risk-score; action,weather_or_visibility; epistemic_uncertainty,NA:no explicit distribution-shift construction,NA:no explicit distribution-shift evaluation,no,collision; constraint-violation,qualitative-narrative,NR:actionable monitoring horizon not reported,constraint-violation,mc_dropout; bayesian_neural_network; probabilistic_model,variance; distribution; probability,epistemic,model-output-score,"The paper studies Bayesian neural network (BNN) controllers for general nonlinear dynamical systems. The BNN inherently models epistemic uncertainty through a weight distribution, and the method computes a ""safe weight set"" — a region of the weight posterior that guarantees closed-loop safety via barrier certificates and polynomial optimization. However, no uncertainty/risk signal (e.g., variance, entropy, or failure probability) is extracted and consumed by a planner or decision-maker at runtime to",NR:risk or safety loss not explicitly reported,NA:no explicit calibration target,monitoring-only,none,NR:operational threshold not reported,delayed observed outcome,NA:no explicit guarantee target,none,G0,none,NA:no statistical guarantee,NA:no statistical guarantee,NA:no statistical guarantee,not-applicable,monitoring_only,warning_only,NR:trigger rule not explicitly reported,NR:fallback policy not reported,reported,NR:end-to-end online latency not reported,NR:transportation-system impact not reported,NR:dataset or simulator not extracted,accuracy/AUROC,NA:no calibration metrics,NR:safety metrics not extracted,efficiency/travel-time; reward/return,contextual
REC-814022DDBEA7,Online Safety Verification of Autonomous Driving Decision-Making Based on Dynamic Reachability Analysis,"Gao, Fei; Luo, Cheng; Shi, Fangyuan; Chen, Xianqing; Gao, Zhenhai; Zhao, Rui",2023,IEEE ACCESS,10.1109/access.2023.3300423,Article,yes,contextual,vehicle-pedestrian; vehicle-vehicle; traffic-system; road-autonomous-driving,perception-interface; planning; control-interface; policy-learning,planner; policy,intersection,vehicle; pedestrian; heterogeneous,NR:input modality not reported in extracted evidence,action,weather_or_visibility,NA:no explicit distribution-shift construction,NA:no explicit distribution-shift evaluation,no,collision,learned-correlation,NR:actionable monitoring horizon not reported,NR:risk label source not explicitly reported,formal_or_reachability_bound,NR:uncertainty output not explicitly reported,unspecified,not-applicable,"The runtime signal is a rule- and dynamics-based reachable-region overlap/safety verification result (including legal reachable regions and safe-distance/right-of-way constraints), not a learned uncertainty, prediction, policy, or risk component. It directly changes action: unsafe intended trajectories are rejected and the vehicle executes a previously verified or newly generated alternate safety trajectory. Safety/task consequences are evaluated in six road-traffic simulations, reporting avoidance of unsafe trajec",NR:risk or safety loss not explicitly reported,collision,constraint-or-cost,none,NR:operational threshold not reported,NR:feedback timing not reported,NA:no explicit guarantee target,none,G0,reachability,NA:no statistical guarantee,NA:no statistical guarantee,NA:no statistical guarantee,not-applicable,replanning,abstention_or_rejection; uncertainty_conditioned_policy,NR:trigger rule not explicitly reported,replanning,reported,reported at PDF p. 12: real-time validated in the 5.4s,NR:transportation-system impact not reported,INTERACTION,accuracy/AUROC,NA:no calibration metrics,NR:safety metrics not extracted,efficiency/travel-time; comfort,contextual
REC-824D862293D3,Trajectory planning for autonomous driving: a survey; [自动驾驶轨迹规划综述],"Li, Chengxiang; Hu, Haixiao; Guo, Dabo; Cheng, Rongmin; Wu, Hongkun; Yuan, Chang",2026,Journal of Image and Graphics,10.11834/jig.240774,Article,yes,contextual,vehicle-vehicle; road-autonomous-driving,perception-interface; planning; control-interface; policy-learning,world-model; policy,NR:road context not specified,vehicle,image,NR:output object not explicit,weather_or_visibility,NA:no explicit distribution-shift construction,NA:no explicit distribution-shift evaluation,no,collision,qualitative-narrative,NR:actionable monitoring horizon not reported,NR:risk label source not explicitly reported,generative_or_diffusion,NR:uncertainty output not explicitly reported,unspecified,not-applicable,"No specific uncertainty/risk signal is proposed or implemented — the paper surveys prior work on safety in RL (Section 3.4.1, PDF_PAGE 13), collision avoidance, and planning constraints at a literature-review level.",reported,NA:no explicit calibration target,none,none,reported,NR:feedback timing not reported,NA:no explicit guarantee target,none,G0,none,NA:no statistical guarantee,NA:no statistical guarantee,NA:no statistical guarantee,not-applicable,no_intervention,none,NA:no runtime intervention,NA:no runtime intervention,reported,NR:end-to-end online latency not reported,NR:transportation-system impact not reported,CARLA; SUMO; INTERACTION; Shifts,NR:predictive metrics not extracted,NA:no calibration metrics,NR:safety metrics not extracted,efficiency/travel-time,contextual
REC-83E9013CBB0A,A Generalized Control Revision Method for Autonomous Driving Safety,"Zhu, Zehang; Wang, Yuning; Ke, Tianqi; Han, Zeyu; Xu, Shaobing; Xu, Qing; Dolan, John M.; Wang, Jianqiang",2025,Proceedings - IEEE International Conference on Robotics and Automation,10.1109/icra55743.2025.11128206,Conference paper,yes,contextual,single vehicle; vehicle-vehicle,planning-to-control interface,planner plus CBF revision module,urban; highway; mixed,vehicle; obstacles,state; vector obstacles; occupancy grid; road boundary,revised longitudinal/lateral control,sensor_or_perception_error outside guarantee; model_misspecification,CARLA/SUMO/OnSite/physical scenarios,synthetic; controlled real,no,collision; road-boundary violation,formal-quantitative,continuous control horizon; no advance risk alarm,barrier constraints from obstacles and road boundary,formal_or_reachability_bound,barrier margin/control,NA:not probabilistic,not-applicable,violation of obstacle/road barrier,NR:risk or safety loss not explicitly reported,constraint satisfaction,constraint-or-cost,post-planner barrier revision,CBF-QP revises nominal control when constraints bind,state feedback; no risk-label update,obstacle/road barrier set,none,G0,conditional-invariance,ego control constraints,yes:multiple simulators and physical platform,no,not-applicable,control_revision,cbf_filter,barrier constraints bind after nominal planner,nominal planner remains backbone; revision handles constraints,minimal control revision claimed; comfort not fully quantified,NR:runtime described as online but exact latency absent,accidents/responsibility and lateral deviation; no network flow,CARLA; SUMO; OnSite; MCCT scaled vehicle,trajectory deviation,none,accidents; responsible accidents; boundary violation,route performance NR,contextual
REC-84D3FCDBB0C2,Evaluating Scenario-Based Decision-Making for Interactive Autonomous Driving Using Rational Criteria: A Survey,"Tian, Zhen; Lin, Zhihao; Zhao, Dezong; Zhao, Wenjing; Flynn, David; Ansari, Shuja; Wei, Chongfeng",2026,IEEE TRANSACTIONS ON INTELLIGENT TRANSPORTATION SYSTEMS,10.1109/tits.2025.3636070,Article,yes,contextual,traffic-system; road-autonomous-driving,perception-interface; motion-forecasting; planning; control-interface; policy-learning,policy,highway; urban; intersection,vehicle; vessel; heterogeneous,NR:input modality not reported in extracted evidence,action,environmental_shift; weather_or_visibility,NA:no explicit distribution-shift construction,NA:no explicit distribution-shift evaluation,no,collision,qualitative-narrative,reported,collision; reward-or-cost,formal_or_reachability_bound,NR:uncertainty output not explicitly reported,unspecified,not-applicable,"The paper does not present a specific uncertainty/risk/failure signal; it is a survey that systematically reviews existing DRL-based decision-making methods for autonomous driving across four scenarios (highways, on-ramp merging, roundabouts, unsignalized intersections).",reported,trajectory; collision,none,none,reported,delayed observed outcome,NA:no explicit guarantee target,none,G0,none,NA:no statistical guarantee,NA:no statistical guarantee,NA:no statistical guarantee,not-applicable,no_intervention,none,NA:no runtime intervention,NA:no runtime intervention,reported,NR:end-to-end online latency not reported,reported,CARLA; INTERACTION,NR:predictive metrics not extracted,NA:no calibration metrics,collision; TTC/min-distance,efficiency/travel-time; comfort; reward/return,contextual
REC-85455E053DAA,Situation-Aware Drivable Space Estimation for Automated Driving,M. Muñoz Sánchez; D. Pogosov; E. Silvas; D. C. Mocanu; J. Elfring; R. van de Molengraft,2022,IEEE Transactions on Intelligent Transportation Systems,10.1109/tits.2022.3160829,IEEE Journals,yes,contextual,vehicle-pedestrian; traffic-system; road-autonomous-driving,perception-interface; planning; control-interface; policy-learning,world-model,intersection,vehicle; pedestrian; heterogeneous,trajectory; map; image; LiDAR,NR:output object not explicit,weather_or_visibility; sensor_or_perception_error,NA:no explicit distribution-shift construction,NA:no explicit distribution-shift evaluation,no,collision,qualitative-narrative,reported,NR:risk label source not explicitly reported,probabilistic_model,NR:uncertainty output not explicitly reported,unspecified,not-applicable,"The signal is a probabilistic drivable-space graph (SDS) with uncertainty probabilities (p_e for existence, p_d for drivability), estimated from semantic object detections and domain knowledge via graph-based SLAM.",NR:risk or safety loss not explicitly reported,NA:no explicit calibration target,monitoring-only,none,NR:operational threshold not reported,delayed observed outcome,NA:no explicit guarantee target,none,G0,none,NA:no statistical guarantee,NA:no statistical guarantee,NA:no statistical guarantee,not-applicable,monitoring_only,warning_only,continuous constraint-or-cost,emergency braking/stop,reported,NR:end-to-end online latency not reported,reported,Waymo; CARLA; Lyft,accuracy/AUROC,NA:no calibration metrics,NR:safety metrics not extracted,efficiency/travel-time; comfort; reward/return,contextual
REC-86CED6841598,NR-RRT: Neural Risk-Aware Near-Optimal Path Planning in Uncertain Nonconvex Environments,"Meng, Fei; Chen, Liangliang; Ma, Han; Wang, Jiankun; Meng, Max Q.-H.",2024,IEEE TRANSACTIONS ON AUTOMATION SCIENCE AND ENGINEERING,10.1109/tase.2022.3215562,Article,yes,contextual,general-autonomous-system,perception-interface; planning; control-interface; policy-learning,policy,NR:road context not specified,vehicle; robot; heterogeneous,state,NR:output object not explicit,weather_or_visibility,NA:no explicit distribution-shift construction,NA:no explicit distribution-shift evaluation,no,collision,learned-correlation,NR:actionable monitoring horizon not reported,reward-or-cost,probabilistic_model,distribution; bound-or-constraint,unspecified,learned-parametric,"A neural sampler consumes risk contours and a probabilistic risk bound to alter RRT path selection, giving direct transfer value, but the environment is generic non-road planning without traffic validation.",NR:risk or safety loss not explicitly reported,collision,constraint-or-cost,none,reported,delayed observed outcome,NA:no explicit guarantee target,none,G0,none,NA:no statistical guarantee,NA:no statistical guarantee,NA:no statistical guarantee,not-applicable,trajectory_modification,none,fixed-or-conditioned-threshold; see intervention evidence,replanning,reported,NR:end-to-end online latency not reported,NR:transportation-system impact not reported,NR:dataset or simulator not extracted,NR:predictive metrics not extracted,NA:no calibration metrics,NR:safety metrics not extracted,completion/success; efficiency/travel-time; reward/return,contextual
REC-870B583097C6,How Far Ahead Should Autonomous Vehicles Start Resolving Predicted Conflicts? Exploring Uncertainty-Based Safety-Efficiency Trade-Off,"Li, Guopeng; Li, Zirui; Knoop, Victor Lambert; Lint, J.W.C. Van",2024,IEEE TRANSACTIONS ON INTELLIGENT TRANSPORTATION SYSTEMS,10.1109/tits.2024.3393641,Article,yes,contextual,traffic-system; road-autonomous-driving,motion-forecasting; planning; policy-learning,predictor,urban; intersection; mixed,vehicle; vessel; heterogeneous,NR:input modality not reported in extracted evidence,NR:output object not explicit,weather_or_visibility; epistemic_uncertainty; aleatoric_uncertainty,NA:no explicit distribution-shift construction,NA:no explicit distribution-shift evaluation,no,collision,qualitative-narrative,reported,NR:risk label source not explicitly reported,probabilistic_model,distribution,aleatoric; epistemic,model-output-score,"The signal is the spatial probability distribution from a continuous-time learned motion prediction model (deep learning, Section III), which predicts where a conflicting vehicle may be at any horizon t ∈ (0,T]. The paper uses this to compute the ""preoccupied area"" A(Tc) and derive driver space (Section IV-A).",reported,NA:no explicit calibration target,monitoring-only,none,reported,delayed observed outcome,NA:no explicit guarantee target,none,G0,none,NA:no statistical guarantee,NA:no statistical guarantee,NA:no statistical guarantee,not-applicable,monitoring_only,warning_only,fixed-or-conditioned-threshold; see intervention evidence,NR:fallback policy not reported,reported,NR:end-to-end online latency not reported,reported,nuScenes; Waymo; Argoverse; INTERACTION,accuracy/AUROC,NA:no calibration metrics,TTC/min-distance,efficiency/travel-time; comfort,contextual
REC-87FD53E96104,Safety Testing of Automated Driving Systems: A Literature Review,"Khan, Fauzia; Falco, Mariana; Anwar, Hina; Pfahl, Dietmar",2023,IEEE ACCESS,10.1109/access.2023.3327918,Article,yes,contextual,vehicle-pedestrian; road-autonomous-driving,perception-interface; planning; control-interface,NA:no learned component clearly identified,parking,vehicle; pedestrian; cyclist; heterogeneous,NR:input modality not reported in extracted evidence,action; warning-or-alarm,weather_or_visibility; long_tail_scenario,online temporal change; adversarial construction,synthetic; adversarial,no,collision; off-road-or-boundary,qualitative-narrative,NR:actionable monitoring horizon not reported,NR:risk label source not explicitly reported,deterministic_confidence,NR:uncertainty output not explicitly reported,unspecified,not-applicable,"No uncertainty/risk signal is presented — the paper surveys safety testing approaches (on-road, simulation, scenario-based) and techniques (formal verification, adversarial testing, etc.) applied to ADS safety features such as Collision Avoidance, Lane Departure Warning, and Emergency Braking.",NR:risk or safety loss not explicitly reported,NA:no explicit calibration target,none,discrete-trigger,NA:no runtime intervention,delayed observed outcome,NA:no explicit guarantee target,none,G0,none,NA:no statistical guarantee,NA:no statistical guarantee,NA:no statistical guarantee,not-applicable,no_intervention,none,NA:no runtime intervention,NA:no runtime intervention,reported,NR:end-to-end online latency not reported,NR:transportation-system impact not reported,Waymo; CARLA; KITTI; INTERACTION; NGSIM,accuracy/AUROC,ECE,NR:safety metrics not extracted,efficiency/travel-time,contextual
REC-9071FA6557C6,Probabilistic Risk Metric for Highway Driving Leveraging Multi-Modal Trajectory Predictions,"Wang, Xinwei; Alonso-Mora, Javier; Wang, Meng",2022,IEEE TRANSACTIONS ON INTELLIGENT TRANSPORTATION SYSTEMS,10.1109/tits.2022.3164469,Article,yes,contextual,vehicle-vehicle; traffic-system; road-autonomous-driving,perception-interface; behavior-prediction; motion-forecasting; risk-monitoring; planning,predictor; risk-monitor,highway; urban; intersection,vehicle; robot; heterogeneous,NR:input modality not reported in extracted evidence,risk-score; action; warning-or-alarm,weather_or_visibility; long_tail_scenario,NA:no explicit distribution-shift construction,NA:no explicit distribution-shift evaluation,no,collision,empirical-validated,reported,collision; TTC,generative_or_diffusion; failure_prediction; probabilistic_model,variance; distribution; probability,unspecified,model-output-score,The signal is a risk value intended to indicate whether the subject vehicle's planned trajectory remains safe.,NR:risk or safety loss not explicitly reported,trajectory; collision,monitoring-only,discrete-trigger,reported,NR:feedback timing not reported,collision-risk,none,G0,none,NA:no statistical guarantee,NA:no statistical guarantee,NA:no statistical guarantee,not-applicable,monitoring_only,emergency_braking,fixed-or-conditioned-threshold; see intervention evidence,emergency braking/stop,reported,NR:end-to-end online latency not reported,NR:transportation-system impact not reported,INTERACTION; NGSIM; HighD,ADE; FDE; NLL; accuracy/AUROC,Brier/NLL,TTC/min-distance,efficiency/travel-time,contextual
REC-945A0D91C7D6,Pedestrian and vehicle behaviour prediction in autonomous vehicle system — A review,Luiz G. Galvão; M. Nazmul Huda,2024,Expert Syst. Appl.,10.1016/j.eswa.2023.121983,Journal Article,yes,contextual,vehicle-pedestrian; traffic-system; road-autonomous-driving,perception-interface; behavior-prediction; motion-forecasting; control-interface,NA:no learned component clearly identified,intersection,vehicle; pedestrian; cyclist; heterogeneous,image,action,model_misspecification,NA:no explicit distribution-shift construction,NA:no explicit distribution-shift evaluation,no,collision,qualitative-narrative,reported,NR:risk label source not explicitly reported,deterministic_confidence,NR:uncertainty output not explicitly reported,unspecified,not-applicable,This is a literature review paper that surveys existing algorithms for pedestrian and vehicle behaviour prediction (trajectory and intention) in autonomous driving; it does not present a novel uncertainty/risk signal. Section 6.2 discusses risk assessment at the framework level (fault tree analysis for the behaviour prediction system) but no specific risk/uncertainty signal is proposed or evaluated.,NR:risk or safety loss not explicitly reported,trajectory,none,none,NA:no runtime intervention,NR:feedback timing not reported,NA:no explicit guarantee target,none,G0,none,NA:no statistical guarantee,NA:no statistical guarantee,NA:no statistical guarantee,not-applicable,no_intervention,none,NA:no runtime intervention,NA:no runtime intervention,reported,reported at PDF p. 7: Computation time: 0.29 s,reported,Waymo; INTERACTION; NGSIM,ADE; FDE; accuracy/AUROC,NA:no calibration metrics,NR:safety metrics not extracted,comfort,contextual
REC-95D202332013,Optimization-based Approaches for Traffic and Fleet Management of Connected and Autonomous Vehicles: A Systematic Literature Review,"Nisyrios, Emmanouil; Gkiotsalitis, Konstantinos",2025,International Journal of Intelligent Transportation Systems Research,10.1007/s13177-025-00536-2,Article,yes,contextual,vehicle-pedestrian; traffic-system; road-autonomous-driving,perception-interface; planning; control-interface; policy-learning,policy; uncertainty-estimator,highway; urban; intersection; mixed,vehicle; pedestrian; cyclist; heterogeneous,V2X,NR:output object not explicit,weather_or_visibility,NA:no explicit distribution-shift construction,NA:no explicit distribution-shift evaluation,no,NR:safety consequence not explicitly operationalized,qualitative-narrative,NR:actionable monitoring horizon not reported,NR:risk label source not explicitly reported,deterministic_confidence,NR:uncertainty output not explicitly reported,unspecified,not-applicable,"This paper is a systematic literature review (not a primary research paper) that surveys optimization-based approaches for CAV traffic and fleet management. It does not present any uncertainty/risk/failure signal of its own, nor does it implement a learned prediction/planning/policy/risk component that is consumed by a planner/decision-maker to change constraints or actions. No safety/task consequences of any specific method are evaluated — only reviewed from other studies. As a prior review mapping the interface o",NR:risk or safety loss not explicitly reported,NA:no explicit calibration target,none,none,NA:no runtime intervention,NR:feedback timing not reported,NA:no explicit guarantee target,none,G0,none,NA:no statistical guarantee,NA:no statistical guarantee,NA:no statistical guarantee,not-applicable,no_intervention,none,NA:no runtime intervention,NA:no runtime intervention,reported,reported at PDF p. 2: latency ranging from 50 to 150 ms,reported,SUMO; NGSIM; Shifts,accuracy/AUROC,NA:no calibration metrics,NR:safety metrics not extracted,efficiency/travel-time; comfort,contextual
REC-962B5D27BF19,Human motion trajectory prediction: a survey,"Rudenko, Andrey; Palmieri, Luigi; Herman, Michael; Kitani, Kris M; Gavrila, Dariu M; Arras, Kai O",2020,INTERNATIONAL JOURNAL OF ROBOTICS RESEARCH,10.1177/0278364920917446,Article,yes,contextual,vehicle-pedestrian; vehicle-vehicle; mobile-robot-or-general-robotics; road-autonomous-driving,perception-interface; motion-forecasting; planning; control-interface; policy-learning,policy,urban,vehicle; pedestrian; cyclist; robot; heterogeneous,image; V2X,action,weather_or_visibility,NA:no explicit distribution-shift construction,NA:no explicit distribution-shift evaluation,no,collision,qualitative-narrative,reported,NR:risk label source not explicitly reported,probabilistic_model,distribution,unspecified,model-output-score,"The ""signal"" is not a specific uncertainty/risk/consumed signal — the paper reviews prediction outputs (trajectories, goal intentions, interaction-aware forecasts) but does not present or evaluate a specific learned risk or uncertainty signal that is consumed by a planner/decision-maker.",reported,trajectory,none,none,reported,delayed observed outcome,NA:no explicit guarantee target,none,G0,none,NA:no statistical guarantee,NA:no statistical guarantee,NA:no statistical guarantee,not-applicable,no_intervention,none,NA:no runtime intervention,NA:no runtime intervention,reported,NR:end-to-end online latency not reported,reported,KITTI; INTERACTION; NGSIM,ADE; FDE; NLL; accuracy/AUROC,Brier/NLL,NR:safety metrics not extracted,efficiency/travel-time; comfort,contextual
REC-97BBABCF38F6,Sensor Fusion Models in Autonomous Systems: A Review,"Mittal, Sangeeta; Gupta, Chetna; Gupta, Varun",2026,CMC-COMPUTERS MATERIALS & CONTINUA,10.32604/cmc.2025.071599,Review,yes,contextual,road-autonomous-driving,perception-interface; planning; control-interface,NA:no learned component clearly identified,NR:road context not specified,vehicle; robot; heterogeneous,image; LiDAR; radar; V2X,NR:output object not explicit,cross_city_or_domain; weather_or_visibility,NA:no explicit distribution-shift construction,NA:no explicit distribution-shift evaluation,no,NR:safety consequence not explicitly operationalized,qualitative-narrative,NR:actionable monitoring horizon not reported,NR:risk label source not explicitly reported,probabilistic_model,NR:uncertainty output not explicitly reported,unspecified,not-applicable,"This is a general review/survey paper on sensor fusion models in autonomous systems. It does not present a specific uncertainty/risk signal. It broadly surveys sensor fusion methods across four decades (1990s–2025), including probabilistic inference, Kalman/particle filtering, Dempster–Shafer theory, neural networks, and deep learning approaches. It discusses JDL Level 3 impact/threat assessment involving ""risk prediction"" and ""decision support"", and notes that higher-level",NR:risk or safety loss not explicitly reported,NA:no explicit calibration target,none,none,reported,delayed observed outcome,NA:no explicit guarantee target,none,G0,none,NA:no statistical guarantee,NA:no statistical guarantee,NA:no statistical guarantee,not-applicable,no_intervention,none,NA:no runtime intervention,NA:no runtime intervention,reported,NR:end-to-end online latency not reported,NR:transportation-system impact not reported,nuScenes; Argoverse; INTERACTION,accuracy/AUROC,NA:no calibration metrics,NR:safety metrics not extracted,efficiency/travel-time,contextual
REC-983FD79D8A93,Uncertainty Quantification for Safety of the Intended Functionality of Autonomous Driving: A Comprehensive Survey,"Wang, Ke; Ma, Qi; Jiang, Yuhao; Lu, Jianbo",2025,IEEE TRANSACTIONS ON INSTRUMENTATION AND MEASUREMENT,10.1109/tim.2025.3602549,Article,yes,contextual,vehicle-pedestrian; vehicle-vehicle; unmanned-surface-vessel; road-autonomous-driving,perception-interface; planning; control-interface,NA:no learned component clearly identified,urban,vehicle; pedestrian; vessel; heterogeneous,image,warning-or-alarm,weather_or_visibility; long_tail_scenario; sensor_or_perception_error,online temporal change,natural,yes,NR:safety consequence not explicitly operationalized,qualitative-narrative,NR:actionable monitoring horizon not reported,NR:risk label source not explicitly reported,probabilistic_model,NR:uncertainty output not explicitly reported,unspecified,not-applicable,"The ""signal"" reviewed is uncertainty quantification — probabilistic methods, OOD detection, Dirichlet networks, spatial feature theories, and uncertainty decomposition — applied to perception tasks (object detection, semantic segmentation).",reported,NA:no explicit calibration target,none,discrete-trigger,NA:no runtime intervention,delayed observed outcome,detection-alarm,none,G0,none,NA:no statistical guarantee,NA:no statistical guarantee,NA:no statistical guarantee,not-applicable,no_intervention,none,NA:no runtime intervention,NA:no runtime intervention,reported,NR:end-to-end online latency not reported,reported,NR:dataset or simulator not extracted,accuracy/AUROC,ECE,NR:safety metrics not extracted,efficiency/travel-time,contextual
REC-994CC298B0A3,A Survey of Autonomous Driving: Common Practices and Emerging Technologies,"Yurtsever, Ekim; Lambert, Jacob; Carballo, Alexander; Takeda, Kazuya",2020,IEEE ACCESS,10.1109/access.2020.2983149,Article,yes,contextual,vehicle-pedestrian; vehicle-vehicle; road-autonomous-driving,perception-interface; planning; control-interface,NA:no learned component clearly identified,highway; urban; parking; unstructured,vehicle; pedestrian; cyclist; robot; vessel; heterogeneous,image; LiDAR,NR:output object not explicit,weather_or_visibility,NA:no explicit distribution-shift construction,NA:no explicit distribution-shift evaluation,no,collision; off-road-or-boundary,qualitative-narrative,reported,collision,probabilistic_model,distribution,unspecified,model-output-score,"What the signal is: This paper is a broad survey of autonomous driving systems. Section VI.A (""Risk and Uncertainty Assessment,"") reviews prior work on quantifying uncertainties and risk levels of driving scenes, including Bayesian deep learning for propagating probability distributions through an ADS pipeline [31], and external risk inference frameworks using HMMs and deep spatiotemporal networks [83, 211, 213].",NR:risk or safety loss not explicitly reported,collision,none,none,NA:no runtime intervention,NR:feedback timing not reported,NA:no explicit guarantee target,none,G0,none,NA:no statistical guarantee,NA:no statistical guarantee,NA:no statistical guarantee,not-applicable,no_intervention,none,NA:no runtime intervention,NA:no runtime intervention,reported,NR:end-to-end online latency not reported,reported,nuScenes; Waymo; CARLA; CommonRoad; SUMO; KITTI; BDD100K; INTERACTION,accuracy/AUROC,NA:no calibration metrics,NR:safety metrics not extracted,efficiency/travel-time; comfort,contextual
REC-9C59C0230BD4,Unravelling uncertainty in trajectory prediction using a non-parametric approach,"Li, Guopeng; Li, Zirui; Knoop, Victor L.; van Lint, Hans",2024,Transportation Research Part C: Emerging Technologies,10.1016/j.trc.2024.104659,Article,yes,contextual,traffic-system; road-autonomous-driving,perception-interface; motion-forecasting; planning; control-interface; policy-learning,predictor; uncertainty-estimator,intersection,vehicle,image; LiDAR; radar,NR:output object not explicit,weather_or_visibility; interaction_uncertainty; long_tail_scenario; epistemic_uncertainty; aleatoric_uncertainty,NA:no explicit distribution-shift construction,NA:no explicit distribution-shift evaluation,no,NR:safety consequence not explicitly operationalized,empirical-validated,reported,NR:risk label source not explicitly reported,deep_ensemble,distribution,aleatoric; epistemic,ensemble-derived,aleatoric uncertainty (conditional differential entropy) and epistemic uncertainty (mutual information) from the deep ensemble trajectory predictor.,reported,trajectory,monitoring-only,none,reported,delayed observed outcome,NA:no explicit guarantee target,none,G0,none,NA:no statistical guarantee,NA:no statistical guarantee,NA:no statistical guarantee,not-applicable,monitoring_only,warning_only,fixed-or-conditioned-threshold; see intervention evidence,NR:fallback policy not reported,reported,NR:end-to-end online latency not reported,reported,nuScenes; Waymo; Argoverse; INTERACTION,FDE; NLL; accuracy/AUROC,Brier/NLL,NR:safety metrics not extracted,efficiency/travel-time,contextual
REC-9D9266390296,Motion Planning Under Uncertainty with Complex Agents and Environments via Hybrid Search,"Strawser, Daniel; Williams, Brian",2022,JOURNAL OF ARTIFICIAL INTELLIGENCE RESEARCH,10.1613/jair.1.13361,Article,yes,contextual,road-autonomous-driving,planning; control-interface,planner,urban,vehicle; robot; heterogeneous,NR:input modality not reported in extracted evidence,risk-score; safety-constraint,weather_or_visibility,NA:no explicit distribution-shift construction,NA:no explicit distribution-shift evaluation,no,collision; task-failure,learned-correlation,NR:actionable monitoring horizon not reported,NR:risk label source not explicitly reported,probabilistic_model,distribution; probability; bound-or-constraint,unspecified,model-output-score,"The uncertainty/risk signal is the chance constraint (risk bound ε), a user-specified bound on the probability of mission failure that the planner must respect. The paper develops three risk models: a CDF-based model (Section 7), a sampling-based collocation method (Section 8), and Shooting Method Monte Carlo (Section 9).",NR:risk or safety loss not explicitly reported,constraint,constraint-or-cost,continuous-constraint,reported,delayed observed outcome,constraint-satisfaction,none,G0,chance-constrained-control,NA:no statistical guarantee,NA:no statistical guarantee,NA:no statistical guarantee,not-applicable,trajectory_modification,none,chance-constraint,NR:fallback policy not reported,reported,NR:end-to-end online latency not reported,NR:transportation-system impact not reported,NR:dataset or simulator not extracted,accuracy/AUROC,NA:no calibration metrics,intervention/failure,efficiency/travel-time; reward/return,contextual
REC-9DC82EA7E66A,Information fusion for online estimation of the behavior of traffic participants using belief function theory,"Benciolini, Tommaso; Zhang, Xuhui; Wollherr, Dirk; Leibold, Marion",2023,Frontiers in Future Transportation,10.3389/ffutr.2023.1216527,Article,yes,contextual,vehicle-pedestrian; vehicle-vehicle; road-autonomous-driving,perception-interface; motion-forecasting; planning; control-interface; policy-learning,predictor; policy,urban,vehicle; pedestrian; cyclist; heterogeneous,trajectory; image; radar; V2X,safety-constraint,weather_or_visibility; sensor_or_perception_error; epistemic_uncertainty,NA:no explicit distribution-shift construction,NA:no explicit distribution-shift evaluation,yes,NR:safety consequence not explicitly operationalized,qualitative-narrative,NR:actionable monitoring horizon not reported,NR:risk label source not explicitly reported,deterministic_confidence,NR:uncertainty output not explicitly reported,epistemic,not-applicable,"The signal is a combined belief-function opinion (belief masses + uncertainty) about candidate intended behaviors of traffic participants (e.g., right turn, straight, left turn), produced by fusing information from multiple sources using BFT (PDF_PAGE 3–5).",NR:risk or safety loss not explicitly reported,trajectory,monitoring-only,continuous-constraint,NR:operational threshold not reported,NR:feedback timing not reported,NA:no explicit guarantee target,none,G0,none,NA:no statistical guarantee,NA:no statistical guarantee,NA:no statistical guarantee,not-applicable,monitoring_only,mpc_filter,continuous constraint-or-cost,NR:fallback policy not reported,reported,NR:end-to-end online latency not reported,NR:transportation-system impact not reported,SUMO; INTERACTION,accuracy/AUROC,NA:no calibration metrics,NR:safety metrics not extracted,reward/return,contextual
REC-9F3F4762676B,Towards Safe Autonomous Driving: Decision Making with Observation-Robust Reinforcement Learning,"He, Xiangkun; Lv, Chen",2023,Automotive Innovation,10.1007/s42154-023-00256-x,Article,yes,contextual,traffic-system; road-autonomous-driving,perception-interface; control-interface; policy-learning,policy,highway; urban; intersection,vehicle,NR:input modality not reported in extracted evidence,action,weather_or_visibility; sensor_or_perception_error; malicious_or_untrusted_information,NA:no explicit distribution-shift construction,NA:no explicit distribution-shift evaluation,no,NR:safety consequence not explicitly operationalized,not-applicable,NR:actionable monitoring horizon not reported,reward-or-cost,probabilistic_model,distribution,unspecified,model-output-score,"Observation-robust RL trains against an adversarially perturbed observation and constrains policy divergence, but at runtime it does not estimate or consume a separate risk/uncertainty/failure signal that changes candidate actions or triggers intervention.",reported,NA:no explicit calibration target,none,discrete-trigger,reported,NR:feedback timing not reported,NA:no explicit guarantee target,none,G0,none,NA:no statistical guarantee,NA:no statistical guarantee,NA:no statistical guarantee,not-applicable,no_intervention,none,NA:no runtime intervention,NA:no runtime intervention,reported,NR:end-to-end online latency not reported,reported,SUMO,NR:predictive metrics not extracted,NA:no calibration metrics,NR:safety metrics not extracted,efficiency/travel-time; reward/return,contextual
REC-A11DB2CAADE7,Modeling and Verification of Autonomous Driving Systems under Stochastic Spatio-Temporal Constraints,"Wang, Mengyuan; Li, Tengfei; Liu, Jing; Dou, Hui; Chen, Hongtao; Zhang, John; Zhang, Lipeng",2023,"Proceedings of the International Conference on Software Engineering and Knowledge Engineering, SEKE",10.18293/seke2023-221,Conference paper,yes,contextual,traffic-system; road-autonomous-driving,control-interface,NA:no learned component clearly identified,intersection,vehicle; vessel; heterogeneous,NR:input modality not reported in extracted evidence,NR:output object not explicit,weather_or_visibility,NA:no explicit distribution-shift construction,NA:no explicit distribution-shift evaluation,no,collision,qualitative-narrative,NR:actionable monitoring horizon not reported,NR:risk label source not explicitly reported,probabilistic_model,distribution,unspecified,model-output-score,"The signal is a rule/formal-model-derived spatio-temporal classification: turn safe, turn risk, or turn danger, based on spatial-event constraints and stochastic timing. It does change action: the modeled controller continues normally for safe turns, accelerates to exit a risk state, or slows/stops for danger; signals are sent to the controller. Safety/task evaluation consists of UPPAAL-SMC verification of timing/spatial requirements and probability intervals for reaching the decision state. However, the supplied t",NR:risk or safety loss not explicitly reported,NA:no explicit calibration target,constraint-or-cost,none,reported,NR:feedback timing not reported,NA:no explicit guarantee target,none,G0,none,NA:no statistical guarantee,NA:no statistical guarantee,NA:no statistical guarantee,not-applicable,trajectory_modification,none,fixed-or-conditioned-threshold; see intervention evidence,NR:fallback policy not reported,NR:intervention cost not reported,NR:end-to-end online latency not reported,NR:transportation-system impact not reported,INTERACTION,NR:predictive metrics not extracted,NA:no calibration metrics,NR:safety metrics not extracted,reward/return,contextual
REC-A6A1BB6B5AC7,Traffic-Rule-Compliant Trajectory Repair via Satisfiability Modulo Theories and Reachability Analysis,"Lin, Yuanfei; Xing, Zekun; Han, Xuyuan; Althoff, Matthias",2025,IEEE Transactions on Robotics,10.1109/tro.2025.3613550,Article,yes,contextual,vehicle-vehicle; road-autonomous-driving,planning; control-interface; policy-learning,policy; uncertainty-estimator,intersection,vehicle; robot; heterogeneous,state,NR:output object not explicit,weather_or_visibility,NA:no explicit distribution-shift construction,NA:no explicit distribution-shift evaluation,no,collision,empirical-validated,reported,NR:risk label source not explicitly reported,formal_or_reachability_bound; probabilistic_model,NR:uncertainty output not explicitly reported,unspecified,not-applicable,"The runtime signal is STL/model-predictive robustness (with a GP regression model trained for online robustness computation) plus time-to-violation/time-to-comply; it is consumed by the SMT repair process to select propositions/maneuvers and generate a repaired trajectory, e.g., braking to restore safe-distance/speed-limit compliance. This directly changes the trajectory/action at runtime. Safety/task evaluation includes rule-compliance verification, 150 road scenarios, CARLA closed-loop simulations, and a real veh",NR:risk or safety loss not explicitly reported,NA:no explicit calibration target,constraint-or-cost,none,NR:operational threshold not reported,delayed observed outcome,NA:no explicit guarantee target,none,G0,reachability,NA:no statistical guarantee,NA:no statistical guarantee,NA:no statistical guarantee,not-applicable,trajectory_modification,none,continuous constraint-or-cost,replanning,reported,reported at PDF p. 12: runtime performance between our approach and MICP-based and sampling-based replanning over 150 s,NR:transportation-system impact not reported,CARLA; CommonRoad; HighD,accuracy/AUROC,NA:no calibration metrics,TTC/min-distance,completion/success; efficiency/travel-time; comfort; reward/return,contextual
REC-A95EF5CA96E5,Recent Advances in Interactive Driving of Autonomous Vehicles: Comprehensive Review of Approaches,"Yang, Yanwen; Negash, Natnael M.; Yang, James",2025,Automotive Innovation,10.1007/s42154-024-00332-w,Article,yes,contextual,vehicle-vehicle; traffic-system; road-autonomous-driving,perception-interface; behavior-prediction; motion-forecasting; control-interface; policy-learning,policy,intersection,vehicle,V2X,NR:output object not explicit,model_misspecification,NA:no explicit distribution-shift construction,NA:no explicit distribution-shift evaluation,no,collision,qualitative-narrative,reported,collision; reward-or-cost,mixture_model; generative_or_diffusion,distribution,unspecified,model-output-score,"This is a comprehensive literature review that surveys multiple methodologies (LSTM, Transformer, APF, game theory, RL/DRL, POMDP, etc.) for interactive driving between AVs and HDVs, but does not present or implement its own uncertainty/risk signal for runtime planning.",reported,trajectory,none,none,NA:no runtime intervention,delayed observed outcome,NA:no explicit guarantee target,none,G0,none,NA:no statistical guarantee,NA:no statistical guarantee,NA:no statistical guarantee,not-applicable,no_intervention,none,NA:no runtime intervention,NA:no runtime intervention,reported,reported at PDF p. 4: real-time trajectory predictions of conclusions are drawn in Sect. 6. Figure 3 s,reported,INTERACTION; HighD,ADE; FDE; NLL; accuracy/AUROC,Brier/NLL,collision,efficiency/travel-time; comfort; reward/return,contextual
REC-A99A45B5CC5A,Predictive Collision Management for Time and Risk Dependent Path Planning,Carsten Hahn; Sebastian Feld; Hannes Schroter,2020,Proceedings of the 28th International Conference on Advances in Geographic Information Systems,10.1145/3397536.3422252,Conference Paper,yes,contextual,road-autonomous-driving,motion-forecasting; planning; control-interface,predictor,NR:road context not specified,vehicle; robot; heterogeneous,image,NR:output object not explicit,weather_or_visibility,NA:no explicit distribution-shift construction,NA:no explicit distribution-shift evaluation,no,collision,qualitative-narrative,reported,NR:risk label source not explicitly reported,probabilistic_model,NR:uncertainty output not explicitly reported,unspecified,not-applicable,"LSTM collision probabilities directly alter time-dependent A* edge costs and route choice, but evaluation is a generic graph agent with randomly placed targets and abstract moving obstacles; self-driving cars are only a motivating example, so direct road/traffic validation is absent.",NR:risk or safety loss not explicitly reported,trajectory; collision,constraint-or-cost,none,NR:operational threshold not reported,NR:feedback timing not reported,NA:no explicit guarantee target,none,G0,none,NA:no statistical guarantee,NA:no statistical guarantee,NA:no statistical guarantee,not-applicable,trajectory_modification,none,continuous constraint-or-cost,replanning,reported,NR:end-to-end online latency not reported,NR:transportation-system impact not reported,NR:dataset or simulator not extracted,accuracy/AUROC,NA:no calibration metrics,collision,efficiency/travel-time,contextual
REC-AC4B5A604165,A Survey of Deep RL and IL for Autonomous Driving Policy Learning,"Zhu, Zeyu; Zhao, Huijing",2022,IEEE TRANSACTIONS ON INTELLIGENT TRANSPORTATION SYSTEMS,10.1109/tits.2021.3134702,Article,yes,contextual,vehicle-vehicle; traffic-system; road-autonomous-driving,perception-interface; planning; control-interface; policy-learning,policy; uncertainty-estimator,NR:road context not specified,vehicle; robot; heterogeneous,image; LiDAR,NR:output object not explicit,weather_or_visibility,NA:no explicit distribution-shift construction,NA:no explicit distribution-shift evaluation,no,NR:safety consequence not explicitly operationalized,qualitative-narrative,NR:actionable monitoring horizon not reported,reward-or-cost,deterministic_confidence,variance,unspecified,model-output-score,"This paper is a comprehensive survey of deep RL and IL for autonomous driving policy learning. It reviews existing work on uncertainty-aware DRL/DIL (Section VI-C, PDF_PAGE 13) and catalogs various integration modes and methods, but does NOT present its own novel uncertainty/risk signal that is consumed by a planner/decision-maker. As stated in the abstract and introduction (PDF_PAGE 1–2), this is a review/survey that maps the literature from system, task-driven, and problem-driven perspectives. There is no origina",reported,NA:no explicit calibration target,none,none,reported,NR:feedback timing not reported,NA:no explicit guarantee target,none,G0,none,NA:no statistical guarantee,NA:no statistical guarantee,NA:no statistical guarantee,not-applicable,no_intervention,none,NA:no runtime intervention,NA:no runtime intervention,reported,NR:end-to-end online latency not reported,reported,INTERACTION,accuracy/AUROC,NA:no calibration metrics,intervention/failure,efficiency/travel-time; comfort; reward/return,contextual
REC-AD86686B81FE,Motion Planning for Urban Autonomous Bus Considering Localization Uncertainty Using Offset-Free MPC,"Jo, Ara; Kwon, Woojin; Yi, Kyongsu",2024,IEEE ACCESS,10.1109/access.2024.3355205,Article,yes,contextual,vehicle-vehicle; traffic-system; road-autonomous-driving,perception-interface; planning; control-interface,NA:no learned component clearly identified,urban; intersection,vehicle; cyclist; heterogeneous,map; image; LiDAR,action; safety-constraint,weather_or_visibility; localization_or_map_error,NA:no explicit distribution-shift construction,NA:no explicit distribution-shift evaluation,no,collision; off-road-or-boundary,qualitative-narrative,reported,NR:risk label source not explicitly reported,probabilistic_model,variance; bound-or-constraint,unspecified,model-output-score,"The signal is localization uncertainty: MHE estimates heading-error bias for offset-free lateral MPC, while localization-provided longitudinal-position covariance is converted into a chance-constraint tightening margin. These signals do change runtime behavior: corrected heading state is used by the lateral MPC, and the covariance-dependent margin restricts longitudinal travel to stop lines. Road tests on a test track and urban bus-only lanes evaluate tracking, comfort, boundary clearance, collision safety, and sto",NR:risk or safety loss not explicitly reported,collision; constraint,constraint-or-cost,none,reported,delayed observed outcome,set-coverage,none,G0,none,NA:no statistical guarantee,NA:no statistical guarantee,NA:no statistical guarantee,not-applicable,mpc_filter,none,chance-constraint,NR:fallback policy not reported,reported,reported at PDF p. 12: computational times for the MPC and MHE problems in module. lateral motion planning were 1.26 ms,NR:transportation-system impact not reported,NR:dataset or simulator not extracted,accuracy/AUROC,NA:no calibration metrics,NR:safety metrics not extracted,efficiency/travel-time; comfort,contextual
REC-AF0142CDA35B,The Safety Filter: A Unified View of Safety-Critical Control in Autonomous Systems,"Hsu, Kai-Chieh; Hu, Haimin; Fisac, Jaime F.",2024,"Annual Review of Control, Robotics, and Autonomous Systems",10.1146/annurev-control-071723-102940,Review,yes,contextual,mobile-robot-or-general-robotics; road-autonomous-driving,control-interface; policy-learning,policy,highway; urban,vehicle; robot; heterogeneous,NR:input modality not reported in extracted evidence,action,model_misspecification,NA:no explicit distribution-shift construction,NA:no explicit distribution-shift evaluation,no,NR:safety consequence not explicitly operationalized,qualitative-narrative,NR:actionable monitoring horizon not reported,NR:risk label source not explicitly reported,formal_or_reachability_bound; probabilistic_model,NR:uncertainty output not explicitly reported,unspecified,not-applicable,"safety filters are mechanisms that monitor a system's proposed action and determine whether it poses a safety risk, intervening when necessary — this is the generic interface between uncertainty/risk assessment and planning/control. (b) Whether it changes",NR:risk or safety loss not explicitly reported,NA:no explicit calibration target,none,filter-or-revision,reported,NR:feedback timing not reported,NA:no explicit guarantee target,none,G0,conditional-invariance,NA:no statistical guarantee,NA:no statistical guarantee,NA:no statistical guarantee,not-applicable,no_intervention,none,NA:no runtime intervention,NA:no runtime intervention,reported,NR:end-to-end online latency not reported,reported,NR:dataset or simulator not extracted,accuracy/AUROC,NA:no calibration metrics,NR:safety metrics not extracted,comfort,contextual
REC-B1635B3C3FCD,A Risk and Comfort Optimizing Motion Planning Scheme for Merging Scenarios<sup>*</sup>,"Muller, Johannes; Buchholz, Michael",2019,"2019 IEEE Intelligent Transportation Systems Conference, ITSC 2019",10.1109/itsc.2019.8917425,Conference paper,yes,contextual,traffic-system; road-autonomous-driving,perception-interface; planning; control-interface; policy-learning,planner; policy,urban; intersection; mixed,vehicle,V2X,action; safety-constraint,traffic_density_shift; weather_or_visibility,NA:no explicit distribution-shift construction,NA:no explicit distribution-shift evaluation,no,collision,learned-correlation,NR:actionable monitoring horizon not reported,NR:risk label source not explicitly reported,probabilistic_model,NR:uncertainty output not explicitly reported,unspecified,not-applicable,"The paper presents a sampling-based motion planning scheme for autonomous merging that minimizes residual risk (p(""Va dangerous""|tf), p(""Vb dangerous""|tf)) in the cost function (Eq. 2b, PDF_PAGE 3). The risk signal is consumed by the planner — it affects trajectory selection and merging decisions (before first vehicle, into gap, behind, or yield), and the weights wrisk adjust conservativeness. Safety consequences are evaluated via Monte Carlo simulation with 10,000+ trajectories checked for collisions (none found,",NR:risk or safety loss not explicitly reported,NA:no explicit calibration target,constraint-or-cost,none,NR:operational threshold not reported,delayed observed outcome,NA:no explicit guarantee target,none,G0,none,NA:no statistical guarantee,NA:no statistical guarantee,NA:no statistical guarantee,not-applicable,trajectory_modification,none,continuous constraint-or-cost,replanning,reported,NR:end-to-end online latency not reported,reported,INTERACTION,accuracy/AUROC,NA:no calibration metrics,constraint-violation,comfort; reward/return,contextual
REC-B2FE86B09D9B,Planning and Decision-making for Connected Autonomous Vehicles at Road Intersections: A Review,"Li, Shen; Shu, Keqi; Chen, Chaoyi; Cao, Dongpu",2021,Chinese Journal of Mechanical Engineering (English Edition),10.1186/s10033-021-00639-3,Review,yes,contextual,vehicle-vehicle; traffic-system; road-autonomous-driving,planning; control-interface; policy-learning,policy,highway; urban; intersection; mixed,vehicle,image; V2X,NR:output object not explicit,weather_or_visibility,NA:no explicit distribution-shift construction,NA:no explicit distribution-shift evaluation,no,collision,qualitative-narrative,NR:actionable monitoring horizon not reported,collision,deterministic_confidence,NR:uncertainty output not explicitly reported,unspecified,not-applicable,"No specific uncertainty/risk signal is the focus; the paper surveys graph-based, prediction-based, optimization-based, and machine learning approaches in general, with broad mentions of ""uncertainties"" in traffic participants (PDF_PAGE 3) and the POMDP framework for decision-making under uncertainty (PDF_PAGES 7–8).",reported,NA:no explicit calibration target,none,none,reported,delayed observed outcome,NA:no explicit guarantee target,none,G0,none,NA:no statistical guarantee,NA:no statistical guarantee,NA:no statistical guarantee,not-applicable,no_intervention,none,NA:no runtime intervention,NA:no runtime intervention,reported,NR:end-to-end online latency not reported,reported,INTERACTION; HighD,accuracy/AUROC,NA:no calibration metrics,NR:safety metrics not extracted,completion/success; efficiency/travel-time; comfort,contextual
REC-B42A968C9051,"Are VLMs Ready for Autonomous Driving? An Empirical Study from the Reliability, Data, and Metric Perspectives","Xie, Shaoyuan; Kong, Lingdong; Dong, Yuhao; Sima, Chonghao; Zhang, Wenwei; Chen, Qi Alfred; Liu, Ziwei; Pan, Liang",2025,Proceedings of the IEEE International Conference on Computer Vision,10.1109/iccv51701.2025.00621,Conference paper,yes,contextual,road-autonomous-driving,perception-interface; planning; control-interface,NA:no learned component clearly identified,highway,vehicle,image,action,weather_or_visibility,synthetic perturbation; online temporal change,natural; synthetic,no,collision,qualitative-narrative,NR:actionable monitoring horizon not reported,collision,deterministic_confidence,NR:uncertainty output not explicitly reported,unspecified,not-applicable,"The signal is VLM reliability under visual corruptions/text-only inputs, including fabricated or visually ungrounded planning-language responses. The benchmark queries models about planning actions and scores their safety/contextual reasoning, but the signal is not consumed by a vehicle planner or decision-maker to alter constraints, candidate selection, control, or executed action. Safety/task evaluation consists of offline QA/GPT-score, accuracy, and human-comparison evaluations across perception, prediction, pla",NR:risk or safety loss not explicitly reported,NA:no explicit calibration target,monitoring-only,none,NR:operational threshold not reported,delayed observed outcome,NA:no explicit guarantee target,none,G0,none,NA:no statistical guarantee,NA:no statistical guarantee,NA:no statistical guarantee,not-applicable,monitoring_only,warning_only,continuous constraint-or-cost,NR:fallback policy not reported,NR:intervention cost not reported,NR:end-to-end online latency not reported,NR:transportation-system impact not reported,nuScenes; Waymo; INTERACTION,ADE; accuracy/AUROC,NA:no calibration metrics,NR:safety metrics not extracted,NR:utility metrics not extracted,contextual
REC-B58AAB1ACB77,A Comprehensive Review on Deep Learning-Based Motion Planning and End-to-End Learning for Self-Driving Vehicle,"Ganesan, Manikandan; Kandhasamy, Sivanathan; Chokkalingam, Bharatiraja; Mihet-Popa, Lucian",2024,IEEE Access,10.1109/access.2024.3394869,Article,yes,contextual,vehicle-pedestrian; road-autonomous-driving,perception-interface; motion-forecasting; planning; control-interface; policy-learning,policy,urban,vehicle; pedestrian; heterogeneous,image; LiDAR; radar,action,weather_or_visibility; long_tail_scenario,NA:no explicit distribution-shift construction,NA:no explicit distribution-shift evaluation,no,collision,qualitative-narrative,NR:actionable monitoring horizon not reported,NR:risk label source not explicitly reported,deterministic_confidence,NR:uncertainty output not explicitly reported,unspecified,not-applicable,"The paper does not propose or present a specific uncertainty/risk signal; it reviews and compares existing DL methods for behaviour planning, trajectory planning, and end-to-end learning (imitation learning and reinforcement learning) drawn from the broader literature.",reported,trajectory,none,none,NA:no runtime intervention,delayed observed outcome,NA:no explicit guarantee target,none,G0,none,NA:no statistical guarantee,NA:no statistical guarantee,NA:no statistical guarantee,not-applicable,no_intervention,none,NA:no runtime intervention,NA:no runtime intervention,reported,NR:end-to-end online latency not reported,reported,Waymo; Argoverse; CARLA; SUMO; INTERACTION; NGSIM; HighD,accuracy/AUROC,NA:no calibration metrics,NR:safety metrics not extracted,completion/success; efficiency/travel-time; comfort; reward/return,contextual
REC-B5AF8F04F225,Resilient Branching MPC for Multi-Vehicle Traffic Scenarios Using Adversarial Disturbance Sequences,"Fors, Victor; Olofsson, Björn; Frisk, Erik",2022,IEEE TRANSACTIONS ON INTELLIGENT VEHICLES,10.1109/tiv.2022.3168772,Article,yes,contextual,vehicle-vehicle; road-autonomous-driving,perception-interface; planning; control-interface; policy-learning,predictor; policy,highway; urban,vehicle,image,action; safety-constraint,weather_or_visibility,NA:no explicit distribution-shift construction,NA:no explicit distribution-shift evaluation,no,collision; constraint-violation; infeasible-planning,qualitative-narrative,reported,constraint-violation; planning-infeasibility,formal_or_reachability_bound; probabilistic_model,bound-or-constraint,unspecified,model-output-score,"Adversarial disturbance sequences alter branching MPC and expose nominal infeasibility, but the risk mechanism is optimization-based formal robustness rather than learned or statistically calibrated uncertainty.",reported,constraint,constraint-or-cost,none,reported,delayed observed outcome,NA:no explicit guarantee target,none,G0,none,NA:no statistical guarantee,NA:no statistical guarantee,NA:no statistical guarantee,not-applicable,mpc_filter,none,chance-constraint,NR:fallback policy not reported,reported,NR:end-to-end online latency not reported,NR:transportation-system impact not reported,Waymo; INTERACTION,NR:predictive metrics not extracted,NA:no calibration metrics,constraint-violation,completion/success; comfort; reward/return,contextual
REC-B7A254EE9E09,Key Indicators to Assess the Performance of LiDAR-Based Perception Algorithms: A Literature Review,"Karri, Chiranjeevi; Da Silva, Jose Machado; Correia, Miguel Velhote",2023,IEEE ACCESS,10.1109/access.2023.3321912,Article,yes,contextual,vehicle-pedestrian; road-autonomous-driving,perception-interface; risk-monitoring; planning; control-interface,NA:no learned component clearly identified,highway,vehicle; pedestrian; cyclist; heterogeneous,image; LiDAR; radar; V2X,action; warning-or-alarm,weather_or_visibility,NA:no explicit distribution-shift construction,NA:no explicit distribution-shift evaluation,no,collision,qualitative-narrative,NR:actionable monitoring horizon not reported,NR:risk label source not explicitly reported,deterministic_confidence,NR:uncertainty output not explicitly reported,unspecified,not-applicable,"This paper is a literature review that surveys existing metrics for evaluating LiDAR-based perception algorithms in autonomous driving (object detection, tracking, panoptic segmentation). It discusses PKL (Planning KL-Divergence, a metric that uses a planner to evaluate detection quality), TQTL (Timed Quality Temporal Logic for spatio-temporal monitoring), and STQL (Spatio-temporal Quality Logic, used in the PerceMon framework for runtime monitoring). However, the paper itself is a review article — it catalogs, cat",NR:risk or safety loss not explicitly reported,NA:no explicit calibration target,none,none,reported,delayed observed outcome,NA:no explicit guarantee target,none,G0,none,NA:no statistical guarantee,NA:no statistical guarantee,NA:no statistical guarantee,not-applicable,no_intervention,none,NA:no runtime intervention,NA:no runtime intervention,reported,reported at PDF p. 15: real-time 3D object identification network that Benchmark. The dataset consists of 22 s,NR:transportation-system impact not reported,nuScenes; CARLA; KITTI; INTERACTION,accuracy/AUROC,NA:no calibration metrics,NR:safety metrics not extracted,efficiency/travel-time; reward/return,contextual
REC-B8F2336B2414,Safety Assurance of Artificial Intelligence-Based Systems: A Systematic Literature Review on the State of the Art and Guidelines for Future Work,A. V. S. Neto; J. B. Camargo; J. R. Almeida; P. S. Cugnasca,2022,IEEE Access,10.1109/access.2022.3229233,IEEE Journals,yes,contextual,road-autonomous-driving,planning; control-interface; policy-learning,policy,NR:road context not specified,vehicle; vessel; heterogeneous,V2X,NR:output object not explicit,weather_or_visibility,NR:shift construction not detailed,NR:shift realism not stated,no,NR:safety consequence not explicitly operationalized,qualitative-narrative,NR:actionable monitoring horizon not reported,NR:risk label source not explicitly reported,deterministic_confidence,NR:uncertainty output not explicitly reported,unspecified,not-applicable,"No original signal is proposed; the paper catalogues others' approaches (e.g., safety envelopes, fail-safe AI, uncertainty quantification wrappers) at a meta-level.",NR:risk or safety loss not explicitly reported,NA:no explicit calibration target,none,none,NA:no runtime intervention,NR:feedback timing not reported,NA:no explicit guarantee target,none,G0,none,NA:no statistical guarantee,NA:no statistical guarantee,NA:no statistical guarantee,not-applicable,no_intervention,none,NA:no runtime intervention,NA:no runtime intervention,reported,NR:end-to-end online latency not reported,reported,Shifts,accuracy/AUROC,NA:no calibration metrics,intervention/failure,efficiency/travel-time,contextual
REC-B953BF596F1B,Controller Synthesis for Autonomous Systems With Deep-Learning Perception Components,"Calinescu, Radu; Imrie, Calum; Mangal, Ravi; Rodrigues, Genaína Nunes; Pǎsǎreanu, Corina; Santana, Misael Alpizar; Vázquez, Gricel",2024,IEEE TRANSACTIONS ON SOFTWARE ENGINEERING,10.1109/tse.2024.3385378,Article,yes,contextual,unmanned-surface-vessel; mobile-robot-or-general-robotics; road-autonomous-driving,perception-interface; control-interface,NA:no learned component clearly identified,NR:road context not specified,vehicle; robot; vessel; heterogeneous,NR:input modality not reported in extracted evidence,NR:output object not explicit,weather_or_visibility; epistemic_uncertainty,NA:no explicit distribution-shift construction,NA:no explicit distribution-shift evaluation,no,collision,qualitative-narrative,NR:actionable monitoring horizon not reported,reward-or-cost,probabilistic_model,NR:uncertainty output not explicitly reported,epistemic,not-applicable,"DNN-verification results condition synthesized controllers, but the road/Level-3 case only issues driver-attentiveness alerts and does not change vehicle planning or control; wait/proceed action synthesis is demonstrated only for a non-road mobile robot.",reported,NA:no explicit calibration target,monitoring-only,none,reported,NR:feedback timing not reported,NA:no explicit guarantee target,none,G0,none,NA:no statistical guarantee,NA:no statistical guarantee,NA:no statistical guarantee,not-applicable,monitoring_only,warning_only,fixed-or-conditioned-threshold; see intervention evidence,human takeover,reported,NR:end-to-end online latency not reported,NR:transportation-system impact not reported,INTERACTION,accuracy/AUROC,NA:no calibration metrics,NR:safety metrics not extracted,efficiency/travel-time,contextual
REC-BBB7B002A627,Deep learning adversarial attacks and defenses in autonomous vehicles: a systematic literature review from a safety perspective,"Ibrahum, Ahmed Dawod Mohammed; Hussain, Manzoor; Hong, Jang-Eui",2025,ARTIFICIAL INTELLIGENCE REVIEW,10.1007/s10462-024-11014-8,Article,yes,contextual,traffic-system; road-autonomous-driving,perception-interface; control-interface,NA:no learned component clearly identified,intersection,vehicle,image; LiDAR; radar,NR:output object not explicit,malicious_or_untrusted_information,NA:no explicit distribution-shift construction,NA:no explicit distribution-shift evaluation,no,collision,qualitative-narrative,NR:actionable monitoring horizon not reported,collision,deterministic_confidence,NR:uncertainty output not explicitly reported,unspecified,not-applicable,"This paper is a systematic literature review that surveys adversarial attacks (physical and digital) and defenses for deep learning in autonomous vehicles. It does not propose or present any specific uncertainty/risk/failure signal. Instead, it categorizes existing attack scenarios (environment-based, agent-based, camouflage) and defense scenarios (robustness-based, detection-based) via a SOTIF-inspired safety taxonomy matrix.",reported,NA:no explicit calibration target,none,none,NA:no runtime intervention,delayed observed outcome,NA:no explicit guarantee target,none,G0,none,NA:no statistical guarantee,NA:no statistical guarantee,NA:no statistical guarantee,not-applicable,no_intervention,none,NA:no runtime intervention,NA:no runtime intervention,NA:no runtime intervention,reported at PDF p. 11: real-time decision-making. 2.2 S,NR:transportation-system impact not reported,Waymo; Argoverse; CARLA; KITTI,accuracy/AUROC,NA:no calibration metrics,collision,completion/success,contextual
REC-BBC5EE330736,Location Anomalies Detection for Connected and Autonomous Vehicles,"Wang, Xiaoyang; Mavromatis, Ioannis; Tassi, Andrea; Santos-Rodríguez, Raul; Piechocki, Robert J.",2019,"2019 IEEE 2nd Connected and Automated Vehicles Symposium, CAVS 2019 - Proceedings",10.1109/cavs.2019.8887778,Conference paper,yes,contextual,vehicle-vehicle; traffic-system; road-autonomous-driving,perception-interface; planning; control-interface,NA:no learned component clearly identified,NR:road context not specified,vehicle,image; V2X,NR:output object not explicit,weather_or_visibility; malicious_or_untrusted_information,NA:no explicit distribution-shift construction,NA:no explicit distribution-shift evaluation,no,NR:safety consequence not explicitly operationalized,qualitative-narrative,NR:actionable monitoring horizon not reported,NR:risk label source not explicitly reported,deterministic_confidence,variance,unspecified,model-output-score,"The learned signal is deep-autoencoder reconstruction error on receiver/transmitter locations and RSSI, used to flag falsified self-reported vehicle locations. It does not actually change a planner, constraints, candidate selection, control, or vehicle action: the paper only says it could serve as preprocessing before data reaches CAV decision-making. Safety/task evaluation consists of simulated anomaly-detection ROC/AUC and detection rates across injected location anomalies, not downstream driving or safety outcom",reported,NA:no explicit calibration target,monitoring-only,none,reported,NR:feedback timing not reported,NA:no explicit guarantee target,none,G0,none,NA:no statistical guarantee,NA:no statistical guarantee,NA:no statistical guarantee,not-applicable,monitoring_only,warning_only,fixed-or-conditioned-threshold; see intervention evidence,NR:fallback policy not reported,NR:intervention cost not reported,NR:end-to-end online latency not reported,reported,SUMO,accuracy/AUROC,NA:no calibration metrics,NR:safety metrics not extracted,NR:utility metrics not extracted,contextual
REC-BC144FE30C2E,Building Real-time Awareness of Out-of-distribution in Trajectory Prediction for Autonomous Vehicles,Tongfei Guo; Taposh Banerjee; Rui Liu; Lili Su,2026,ACM Trans. Cyber-Phys. Syst.,10.1145/3803009,Journal Article,yes,contextual,vehicle-vehicle; traffic scene,motion forecasting; runtime monitoring,trajectory predictor plus CUSUM monitor,urban; intersection; mixed,vehicle; pedestrian,trajectory history; delayed realized trajectory errors,change alarm/statistic,temporal_drift; cross_city_or_domain; model_misspecification,dataset/domain transitions plus artificial trajectory perturbations,natural; synthetic,yes,sustained prediction-error increase; downstream collision not tested,qualitative-narrative,detection delay about 3/5/8 samples for main variants; example 14 steps,realized ADE/FDE/RMSE sequence,failure_prediction; sequential_change_detection,CUSUM likelihood-ratio statistic/alarm,unspecified,hybrid:empirical-fitted+observed-outcome,change from ID prediction-error distribution to OOD error distribution,NR:risk or safety loss not explicitly reported,MTFA/detection-delay operating point; not risk calibration,monitoring-only,quickest-change alarm,CUSUM threshold selected for matched mean time to false alarm,delayed ground-truth trajectory is required online,false-alarm/detection-delay process,other_sequential_detection,G4,none,sequential prediction-error stream,yes:delay/MTFA tested under perturbations,conditional model-specific robustness only,not-applicable,monitoring_only,warning_only,CUSUM statistic crosses MTFA-calibrated threshold,none,detection delay,NR:end-to-end monitor compute,none,ApolloScape; NGSIM; nuScenes,ADE/FDE/RMSE; WADD,MTFA matching not risk calibration,none,detection delay,contextual
REC-BCCC62E93330,Representing the Unknown – Impact of Uncertainty on the Interaction between Decision Making and Trajectory Generation,"Nolte, Marcus; Ernst, Susanne; Richelmann, Jan; Maurer, Markus",2018,2018 21st International Conference on Intelligent Transportation Systems (ITSC),10.1109/itsc.2018.8569490,Conference paper,yes,contextual,vehicle-pedestrian; vehicle-vehicle,perception-interface; planning; control-interface; policy-learning,world-model,highway; parking,vehicle; pedestrian; robot; heterogeneous,state,action,weather_or_visibility; sensor_or_perception_error; epistemic_uncertainty; aleatoric_uncertainty,NA:no explicit distribution-shift construction,NA:no explicit distribution-shift evaluation,no,collision; constraint-violation,empirical-validated,reported,TTC; constraint-violation,deterministic_confidence,NR:uncertainty output not explicitly reported,aleatoric; epistemic,not-applicable,"The signal is explicitly modeled epistemic uncertainty from sensor occlusion, converted into possible object occupancies and represented as soft/hard MPC constraints. It does change planned action: the tactical layer selects constraints/weights, producing either an avoidance trajectory that may cross a dashed center line or a lane-keeping trajectory that accepts reduced clearance. Safety/task consequences are evaluated in illustrative road scenarios through collision/safety-margin reasoning, constraint violations/s",NR:risk or safety loss not explicitly reported,NA:no explicit calibration target,constraint-or-cost,none,reported,NR:feedback timing not reported,NA:no explicit guarantee target,none,G0,none,NA:no statistical guarantee,NA:no statistical guarantee,NA:no statistical guarantee,not-applicable,mpc_filter,uncertainty_conditioned_policy,fixed-or-conditioned-threshold; see intervention evidence,NR:fallback policy not reported,reported,NR:end-to-end online latency not reported,NR:transportation-system impact not reported,INTERACTION,NR:predictive metrics not extracted,NA:no calibration metrics,TTC/min-distance; constraint-violation,comfort; reward/return,contextual
REC-BD495C2125B9,Advancing Autonomous Vehicle Safety: A Combined Fault Tree Analysis and Bayesian Network Approach,"Dai, Lansu; Kantarci, Burak",2025,"IEEE International Conference on Engineering Reliable Autonomous Systems, ERAS 2025 - Proceedings",10.1109/eras63351.2025.11135617,Conference paper,yes,contextual,road-autonomous-driving,perception-interface; planning; control-interface,NA:no learned component clearly identified,mixed,vehicle; vessel; heterogeneous,image; LiDAR; radar,risk-score; action,weather_or_visibility; long_tail_scenario; sensor_or_perception_error,online temporal change,natural,no,collision; task-failure,qualitative-narrative,NR:actionable monitoring horizon not reported,NR:risk label source not explicitly reported,probabilistic_model; deterministic_confidence,probability; score,unspecified,model-output-score,"The signal is Bayesian-network posterior failure/collision risk for AV subsystem faults (including perception confidence, misclassification, delayed obstacle response, and control failures). Although the paper states that Bayesian inference updates these failure probabilities, it does not show this signal being consumed by an implemented planner or controller to alter constraints, candidate selection, or vehicle actions; mitigation and adaptive-driving ideas are proposed only. Safety evaluation is an analytical FTA",NR:risk or safety loss not explicitly reported,collision,monitoring-only,none,reported,NR:feedback timing not reported,collision-risk,none,G0,none,NA:no statistical guarantee,NA:no statistical guarantee,NA:no statistical guarantee,not-applicable,monitoring_only,warning_only,fixed-or-conditioned-threshold; see intervention evidence,human takeover,NR:intervention cost not reported,NR:end-to-end online latency not reported,NR:transportation-system impact not reported,INTERACTION,accuracy/AUROC,NA:no calibration metrics,intervention/failure,NR:utility metrics not extracted,contextual
REC-BD80DB2D55F9,A Review of Virtual Reality Studies on Autonomous Vehicle–Pedestrian Interaction,T. T. M. Tran; C. Parker; M. Tomitsch,2021,IEEE Transactions on Human-Machine Systems,10.1109/thms.2021.3107517,IEEE Journals,yes,contextual,vehicle-pedestrian; road-autonomous-driving,planning; control-interface,NA:no learned component clearly identified,NR:road context not specified,vehicle; pedestrian; heterogeneous,V2X,NR:output object not explicit,weather_or_visibility,NA:no explicit distribution-shift construction,NA:no explicit distribution-shift evaluation,no,collision,qualitative-narrative,NR:actionable monitoring horizon not reported,NR:risk label source not explicitly reported,deterministic_confidence,NR:uncertainty output not explicitly reported,unspecified,not-applicable,"No uncertainty/risk signal exists — the paper surveys eHMI designs, pedestrian crossing behavior, and VR scenario configurations across existing literature.",NR:risk or safety loss not explicitly reported,NA:no explicit calibration target,none,none,NA:no runtime intervention,delayed observed outcome,NA:no explicit guarantee target,none,G0,none,NA:no statistical guarantee,NA:no statistical guarantee,NA:no statistical guarantee,not-applicable,no_intervention,none,NA:no runtime intervention,NA:no runtime intervention,reported,NR:end-to-end online latency not reported,NR:transportation-system impact not reported,INTERACTION,NR:predictive metrics not extracted,NA:no calibration metrics,NR:safety metrics not extracted,comfort,contextual
REC-BF5EACA3A6B4,Ensuring safe operation of autonomous vehicle: A comprehensive survey of Operational Design Condition,"Xu, Haowei; Li, Yang; Qin, Hongmao; Bian, Yougang; Jiang, Shu; Que, Wenwei; Man, Jianzuo",2026,ACCIDENT ANALYSIS AND PREVENTION,10.1016/j.aap.2025.108366,Article,yes,contextual,vehicle-vehicle; traffic-system; road-autonomous-driving,perception-interface; planning; control-interface,uncertainty-estimator,highway; urban,vehicle; vessel; heterogeneous,image; V2X,risk-score,weather_or_visibility; long_tail_scenario,NA:no explicit distribution-shift construction,NA:no explicit distribution-shift evaluation,no,collision,qualitative-narrative,NR:actionable monitoring horizon not reported,TTC,deterministic_confidence,variance; probability,unspecified,model-output-score,"The ""signal"" would be the ODC boundaries and risk assessment metrics (THW, TTC, collision probability, ML-based uncertainty estimates, etc.) reviewed from the literature, but the paper itself does not present any specific uncertainty/risk/failure signal of its own.",NR:risk or safety loss not explicitly reported,collision,none,none,reported,NR:feedback timing not reported,collision-risk,none,G0,none,NA:no statistical guarantee,NA:no statistical guarantee,NA:no statistical guarantee,not-applicable,no_intervention,none,NA:no runtime intervention,NA:no runtime intervention,reported,NR:end-to-end online latency not reported,NR:transportation-system impact not reported,INTERACTION,accuracy/AUROC,NA:no calibration metrics,TTC/min-distance; intervention/failure,efficiency/travel-time,contextual
REC-C2C3D9321180,SICNav-Diffusion: Safe and Interactive Crowd Navigation With Diffusion Trajectory Predictions,"Samavi, Sepehr; Lem, Anthony; Sato, Fumiaki; Chen, Sirui; Gu, Qiao; Yano, Keijiro; Schoellig, Angela P.; Shkurti, Florian",2025,IEEE ROBOTICS AND AUTOMATION LETTERS,10.1109/lra.2025.3585713,Article,yes,contextual,vehicle-pedestrian; mobile-robot-or-general-robotics; road-autonomous-driving,motion-forecasting; planning; control-interface; policy-learning,predictor; policy; uncertainty-estimator,NR:road context not specified,vehicle; pedestrian; robot; heterogeneous,state,trajectory-distribution; safety-constraint,weather_or_visibility,NA:no explicit distribution-shift construction,NA:no explicit distribution-shift evaluation,no,collision,empirical-validated,NR:actionable monitoring horizon not reported,NR:risk label source not explicitly reported,generative_or_diffusion; probabilistic_model,NR:uncertainty output not explicitly reported,unspecified,not-applicable,"Learned diffusion trajectory samples and KDE weights directly affect receding-horizon crowd-navigation planning, but evaluation is pedestrian robot navigation rather than road autonomous driving.",NR:risk or safety loss not explicitly reported,trajectory; constraint,constraint-or-cost,none,NR:operational threshold not reported,NR:feedback timing not reported,NA:no explicit guarantee target,none,G0,none,NA:no statistical guarantee,NA:no statistical guarantee,NA:no statistical guarantee,not-applicable,trajectory_modification,none,continuous constraint-or-cost,human takeover,reported,NR:end-to-end online latency not reported,NR:transportation-system impact not reported,INTERACTION,NR:predictive metrics not extracted,NA:no calibration metrics,NR:safety metrics not extracted,completion/success; efficiency/travel-time,contextual
REC-C37C35C3648E,A Survey on Trajectory-Prediction Methods for Autonomous Driving,"Huang, Yanjun; Du, Jiatong; Yang, Ziru; Zhou, Zewei; Zhang, Lin; Chen, Hong",2022,IEEE TRANSACTIONS ON INTELLIGENT VEHICLES,10.1109/tiv.2022.3167103,Article,yes,contextual,vehicle-vehicle; traffic-system; road-autonomous-driving,perception-interface; motion-forecasting; planning; control-interface; policy-learning,predictor; policy,intersection,vehicle; cyclist; heterogeneous,trajectory; image; V2X,action,weather_or_visibility,NA:no explicit distribution-shift construction,NA:no explicit distribution-shift evaluation,no,NR:safety consequence not explicitly operationalized,qualitative-narrative,reported,prediction-error; reward-or-cost,deterministic_confidence,NR:uncertainty output not explicitly reported,unspecified,not-applicable,"The paper reviews trajectory prediction methods; the ""signal"" discussed is the predicted future trajectories of traffic participants, not a learned uncertainty/risk/failure signal that is consumed by a planner to change constraints or actions.",reported,trajectory,none,none,NA:no runtime intervention,delayed observed outcome,NA:no explicit guarantee target,none,G0,none,NA:no statistical guarantee,NA:no statistical guarantee,NA:no statistical guarantee,not-applicable,no_intervention,none,NA:no runtime intervention,NA:no runtime intervention,reported,NR:end-to-end online latency not reported,NR:transportation-system impact not reported,Argoverse; INTERACTION; NGSIM,ADE; FDE; NLL; accuracy/AUROC,Brier/NLL,NR:safety metrics not extracted,efficiency/travel-time,contextual
REC-C37C7E064F9E,Risk-aware local traffic safety evaluation for autonomous new energy vehicles based on virtual force modeling,"Li, Huilan; Wan, Yun; Shang, Junning; Xu, Xiangyang",2025,Frontiers in Mechanical Engineering,10.3389/fmech.2025.1658915,Article,yes,contextual,vehicle-pedestrian; vehicle-vehicle; traffic-system; mobile-robot-or-general-robotics; road-autonomous-driving,perception-interface; planning; control-interface; policy-learning,NA:no learned component clearly identified,intersection,vehicle; pedestrian; robot; vessel; heterogeneous,V2X,NR:output object not explicit,weather_or_visibility,NA:no explicit distribution-shift construction,NA:no explicit distribution-shift evaluation,no,collision,empirical-validated,NR:actionable monitoring horizon not reported,TTC,deterministic_confidence,NR:uncertainty output not explicitly reported,unspecified,not-applicable,"The signal is a hand-designed virtual-force/action-based local traffic safety index D, derived from virtual vehicle-interaction risk forces plus driving and regulatory forces. It quantifies risk in road-driving simulations, but the full text does not implement D or the action value S as an input to a planner or policy that selects braking or lane-change actions; instead, braking rates and lane-change start distances are preset simulation cases, with statements that a vehicle may take such actions after detecting ri",NR:risk or safety loss not explicitly reported,NA:no explicit calibration target,monitoring-only,none,NR:operational threshold not reported,NR:feedback timing not reported,NA:no explicit guarantee target,none,G0,none,NA:no statistical guarantee,NA:no statistical guarantee,NA:no statistical guarantee,not-applicable,monitoring_only,warning_only,continuous constraint-or-cost,emergency braking/stop,NR:intervention cost not reported,NR:end-to-end online latency not reported,reported,INTERACTION,NR:predictive metrics not extracted,NA:no calibration metrics,TTC/min-distance,NR:utility metrics not extracted,contextual
REC-C42F624D3E4E,Anomaly Detection in Autonomous Driving: A Survey,D. Bogdoll; M. Nitsche; J. M. Zöllner,2022,2022 IEEE/CVF Conference on Computer Vision and Pattern Recognition Workshops (CVPRW),10.1109/cvprw56347.2022.00495,IEEE Conferences,yes,contextual,road-autonomous-driving,perception-interface; planning,uncertainty-estimator,highway; urban,vehicle,image; LiDAR; radar,NR:output object not explicit,cross_city_or_domain; weather_or_visibility; long_tail_scenario; sensor_or_perception_error; epistemic_uncertainty,synthetic perturbation; online temporal change,synthetic,no,NR:safety consequence not explicitly operationalized,qualitative-narrative,NR:actionable monitoring horizon not reported,NR:risk label source not explicitly reported,mc_dropout; generative_or_diffusion; deterministic_confidence,variance; score,epistemic,oracle-injected,"The paper is a survey that catalogues anomaly detection techniques across camera, lidar, radar, multimodal, and abstract object-level data in autonomous driving. Signals reviewed include confidence scores (Bayesian, learned, post-processed), reconstruction errors, generative model outputs, and feature-extraction based scores — all aimed at detecting corner cases, out-of-distribution objects, domain shifts, radar ghost targets, and risky driving scenarios.",reported,NA:no explicit calibration target,none,none,reported,delayed observed outcome,NA:no explicit guarantee target,none,G0,none,NA:no statistical guarantee,NA:no statistical guarantee,NA:no statistical guarantee,not-applicable,no_intervention,none,NA:no runtime intervention,NA:no runtime intervention,NA:no runtime intervention,NR:end-to-end online latency not reported,NR:transportation-system impact not reported,nuScenes; CARLA; KITTI; BDD100K; INTERACTION; Shifts,accuracy/AUROC,NA:no calibration metrics,NR:safety metrics not extracted,completion/success,contextual
REC-C5A09074C86C,Evaluation of a sampling approach for computationally efficient uncertainty quantification in regression learning models,"Freschi, Valerio; Lattanzi, Emanuele",2022,Neural Computing and Applications,10.1007/s00521-022-07455-3,Article,yes,contextual,road-autonomous-driving,planning; control-interface; policy-learning,policy; uncertainty-estimator,NR:road context not specified,vehicle,NR:input modality not reported in extracted evidence,NR:output object not explicit,weather_or_visibility,NA:no explicit distribution-shift construction,NA:no explicit distribution-shift evaluation,no,NR:safety consequence not explicitly operationalized,empirical-validated,NR:actionable monitoring horizon not reported,NR:risk label source not explicitly reported,probabilistic_model,interval,unspecified,model-output-score,"The signal is regression predictive uncertainty, represented by conformal/quantile prediction-interval coverage and length. It does not change any autonomous-driving planner, constraint, candidate selection, control, or runtime action: the paper evaluates offline sampling trade-offs for regression models only. Safety/task evaluation consists of offline uncertainty coverage/interval length, regression-error metrics, and training CPU time on protein, drug-discovery, concrete, and wine-quality datasets; autonomous dri",reported,coverage,constraint-or-cost,none,NR:operational threshold not reported,NR:feedback timing not reported,set-coverage,none,G0,none,NA:no statistical guarantee,NA:no statistical guarantee,NA:no statistical guarantee,not-applicable,trajectory_modification,none,continuous constraint-or-cost,NR:fallback policy not reported,reported,NR:end-to-end online latency not reported,NR:transportation-system impact not reported,NR:dataset or simulator not extracted,accuracy/AUROC,coverage; sharpness/set-size,NR:safety metrics not extracted,efficiency/travel-time; reward/return,contextual
REC-C8A503DEB1A6,Verification of Autonomous Neural Car Control with KeYmaera X,"Prebet, Enguerrand; Teuber, Samuel; Platzer, André",2026,"Rigorous State-Based Methods: 11th International Conference, ABZ 2025, Düsseldorf, Germany, June 10–13, 2025, Proceedings",10.1007/978-3-031-94533-5_17,Conference paper,yes,contextual,general-autonomous-system,risk-monitoring; control-interface; policy-learning,policy,highway,vehicle,NR:input modality not reported in extracted evidence,risk-score,weather_or_visibility,NA:no explicit distribution-shift construction,NA:no explicit distribution-shift evaluation,no,collision,qualitative-narrative,NR:actionable monitoring horizon not reported,NR:risk label source not explicitly reported,probabilistic_model,NR:uncertainty output not explicitly reported,unspecified,not-applicable,"A symbolic ModelPlex safety monitor overrides unsafe neural-controller actions and has formal/simulation safety evidence, but it provides no calibrated uncertainty or probabilistic risk estimate.",reported,NA:no explicit calibration target,constraint-or-cost,none,NR:operational threshold not reported,NR:feedback timing not reported,NA:no explicit guarantee target,none,G0,none,NA:no statistical guarantee,NA:no statistical guarantee,NA:no statistical guarantee,not-applicable,trajectory_modification,none,continuous constraint-or-cost,emergency braking/stop,NR:intervention cost not reported,NR:end-to-end online latency not reported,NR:transportation-system impact not reported,NR:dataset or simulator not extracted,NR:predictive metrics not extracted,NA:no calibration metrics,NR:safety metrics not extracted,completion/success; reward/return,contextual
REC-C9FCEA73D17B,Deep Learning-Based Vehicle Behavior Prediction for Autonomous Driving Applications: A Review,Sajjad Mozaffari; Omar Y. Al-Jarrah; Mehrdad Dianati; Paul Jennings; Alexandros Mouzakitis,2022,Trans. Intell. Transport. Sys.,10.1109/tits.2020.3012034,Journal Article,yes,contextual,vehicle-pedestrian; vehicle-vehicle; traffic-system; road-autonomous-driving,perception-interface; behavior-prediction; motion-forecasting; planning; control-interface,predictor,highway; intersection,vehicle; pedestrian; heterogeneous,image; V2X,action,weather_or_visibility; sensor_or_perception_error,NA:no explicit distribution-shift construction,NA:no explicit distribution-shift evaluation,no,NR:safety consequence not explicitly operationalized,qualitative-narrative,reported,prediction-error,mixture_model; probabilistic_model,distribution,unspecified,model-output-score,"This is a review/survey paper that classifies and surveys deep learning-based vehicle behavior prediction methods for autonomous driving. It discusses probabilistic prediction formulations (e.g., GMM, occupancy probabilities) that encode uncertainty (,), and notes that behavior prediction ""supports efficient decision making and enables risk assessment"" (). However, as a review paper, it does not itself implement or evaluate a system where an uncertainty/risk signal is actual",NR:risk or safety loss not explicitly reported,trajectory,none,none,reported,delayed observed outcome,NA:no explicit guarantee target,none,G0,none,NA:no statistical guarantee,NA:no statistical guarantee,NA:no statistical guarantee,not-applicable,no_intervention,none,NA:no runtime intervention,NA:no runtime intervention,NA:no runtime intervention,NR:end-to-end online latency not reported,NR:transportation-system impact not reported,INTERACTION; NGSIM,FDE; NLL; accuracy/AUROC,Brier/NLL,NR:safety metrics not extracted,NR:utility metrics not extracted,contextual
REC-CC46E2A132C5,Detecting Adversarial Examples in Learning-Enabled Cyber-Physical Systems using Variational Autoencoder for Regression,"Cai, Feiyang; Li, Jiani; Koutsoukos, Xenofon",2020,"Proceedings - 2020 IEEE Symposium on Security and Privacy Workshops, SPW 2020",10.1109/spw50608.2020.00050,Conference paper,yes,contextual,road-autonomous-driving,perception-interface; planning; control-interface; policy-learning,policy; uncertainty-estimator,unstructured,vehicle; vessel; heterogeneous,image,warning-or-alarm,weather_or_visibility,synthetic perturbation; adversarial construction,synthetic; adversarial,no,collision,empirical-validated,NR:actionable monitoring horizon not reported,prediction-error,conformal_prediction; generative_or_diffusion; probabilistic_model,distribution; score,unspecified,set-based,"The signal is an adversarial detection alarm produced by a VAE-based regression model with inductive conformal prediction and CUSUM detector, flagging whether a perception LEC input is out-of-distribution/adversarial (PDF_PAGE 1–4, Algorithm 1).",reported,NA:no explicit calibration target,monitoring-only,discrete-trigger,reported,delayed observed outcome,detection-alarm,marginal_finite_sample,G3,none,NR:guarantee scope not explicit,NR:not reported,yes,conditional,monitoring_only,warning_only,fixed-or-conditioned-threshold; see intervention evidence,emergency braking/stop,NR:intervention cost not reported,NR:end-to-end online latency not reported,NR:transportation-system impact not reported,CARLA,accuracy/AUROC,NA:no calibration metrics,NR:safety metrics not extracted,NR:utility metrics not extracted,contextual
REC-CD6728B29563,"AI Safety Assurance for Automated Vehicles: A Survey on Research, Standardization, Regulation",L. Ullrich; M. Buchholz; K. Dietmayer; K. Graichen,2025,IEEE Transactions on Intelligent Vehicles,10.1109/tiv.2024.3496797,IEEE Journals,yes,contextual,road-autonomous-driving,perception-interface; motion-forecasting; planning; control-interface,NA:no learned component clearly identified,NR:road context not specified,vehicle; vessel; heterogeneous,image,NR:output object not explicit,weather_or_visibility,online temporal change,NR:shift realism not stated,yes,NR:safety consequence not explicitly operationalized,qualitative-narrative,NR:actionable monitoring horizon not reported,NR:risk label source not explicitly reported,deterministic_confidence,NR:uncertainty output not explicitly reported,unspecified,not-applicable,"The paper is a survey that reviews AI safety assurance for automated vehicles across research, standardization, and regulation. It discusses OOD detection for monitoring assumption violations, trajectory prediction architectures using CNNs, RNNs, Transformers, and LLMs, and uncertainty/risk-related topics such as dataset shifts and data quality, but does not present or propose a specific uncertainty/risk/failure signal as a novel component.",NR:risk or safety loss not explicitly reported,trajectory,none,none,NA:no runtime intervention,NR:feedback timing not reported,NA:no explicit guarantee target,none,G0,none,NA:no statistical guarantee,NA:no statistical guarantee,NA:no statistical guarantee,not-applicable,no_intervention,none,NA:no runtime intervention,NA:no runtime intervention,NA:no runtime intervention,NR:end-to-end online latency not reported,reported,Waymo; Shifts,NR:predictive metrics not extracted,NA:no calibration metrics,NR:safety metrics not extracted,NR:utility metrics not extracted,contextual
REC-D1B6AC586E97,"Trajectory prediction for autonomous driving: Progress, limitations, and future directions",Nadya Abdel Madjid; Abdulrahman Ahmad; Murad Mebrahtu; Yousef Babaa; Abdelmoamen Nasser; Sumbal Malik; Bilal Hassan; Naoufel Werghi; Jorge Dias; Majid Khonji,2026,Inf. Fusion,10.1016/j.inffus.2025.103588,Journal Article,yes,contextual,vehicle-pedestrian; vehicle-vehicle; traffic-system; road-autonomous-driving,perception-interface; motion-forecasting; planning; control-interface,predictor; uncertainty-estimator,highway; urban; intersection,vehicle; pedestrian; cyclist; robot; heterogeneous,trajectory; image; LiDAR; radar,NR:output object not explicit,weather_or_visibility,NA:no explicit distribution-shift construction,NA:no explicit distribution-shift evaluation,no,collision,qualitative-narrative,NR:actionable monitoring horizon not reported,NR:risk label source not explicitly reported,deterministic_confidence,NR:uncertainty output not explicitly reported,unspecified,not-applicable,"This paper is a survey/review of trajectory prediction methods for autonomous driving. It does not present a specific learned prediction, planning, or risk component where an uncertainty/risk signal is actually consumed by a planner to change constraints, candidate selection, or action. Section 5 (Uncertainty Estimation and Mitigation, PDF_PAGE 35–38) discusses sources and quantification of uncertainty in trajectory prediction and references existing work that incorporates prediction uncertainty into M",reported,trajectory,none,none,NA:no runtime intervention,delayed observed outcome,NA:no explicit guarantee target,none,G0,none,NA:no statistical guarantee,NA:no statistical guarantee,NA:no statistical guarantee,not-applicable,no_intervention,none,NA:no runtime intervention,NA:no runtime intervention,reported,"reported at PDF p. 16: inference time, e.g., as detection or missed detections. Advanced trackers [208] address partial inference speed of 190 ms",reported,Waymo; INTERACTION; Shifts,ADE; FDE; accuracy/AUROC,NA:no calibration metrics,NR:safety metrics not extracted,efficiency/travel-time; reward/return,contextual
REC-D25B4223D984,Pedestrian Trajectory Prediction in Pedestrian-Vehicle Mixed Environments: A Systematic Review,"Golchoubian, Mahsa; Ghafurian, Moojan; Dautenhahn, Kerstin; Azad, Nasser Lashgarian",2023,IEEE TRANSACTIONS ON INTELLIGENT TRANSPORTATION SYSTEMS,10.1109/tits.2023.3291196,Article,yes,contextual,vehicle-pedestrian; road-autonomous-driving,perception-interface; motion-forecasting; planning,predictor,urban; unstructured; mixed,vehicle; pedestrian; robot; heterogeneous,NR:input modality not reported in extracted evidence,NR:output object not explicit,model_misspecification,NA:no explicit distribution-shift construction,NA:no explicit distribution-shift evaluation,no,off-road-or-boundary,qualitative-narrative,reported,NR:risk label source not explicitly reported,deterministic_confidence,NR:uncertainty output not explicitly reported,unspecified,not-applicable,"The signal discussed is the modelled uncertainty of pedestrians' future position trajectories (formalized as RQ4: ""If considered, how is uncertainty of pedestrians' future position modelled in these past models?""), along with pedestrian behavioural diversity (RQ5).",NR:risk or safety loss not explicitly reported,trajectory,none,none,reported,NR:feedback timing not reported,NA:no explicit guarantee target,none,G0,none,NA:no statistical guarantee,NA:no statistical guarantee,NA:no statistical guarantee,not-applicable,no_intervention,none,NA:no runtime intervention,NA:no runtime intervention,NA:no runtime intervention,NR:end-to-end online latency not reported,reported,nuScenes; Waymo; Argoverse; KITTI; INTERACTION,accuracy/AUROC,NA:no calibration metrics,TTC/min-distance,NR:utility metrics not extracted,contextual
REC-D30CBCFFC729,Evaluating Model-Free Reinforcement Learning toward Safety-Critical Tasks,"Zhang, Linrui; Zhang, Qin; Shen, Li; Yuan, Bo; Wang, Xueqian; Tao, Dacheng",2023,Proceedings of the Thirty-Seventh AAAI Conference on Artificial Intelligence and Thirty-Fifth Conference on Innovative Applications of Artificial Intelligence and Thirteenth Symposium on Educational Advances in Artificial Intelligence,10.1609/aaai.v37i12.26786,Conference paper,yes,contextual,mobile-robot-or-general-robotics; road-autonomous-driving,control-interface; policy-learning,policy; uncertainty-estimator,NR:road context not specified,vehicle; robot; vessel; heterogeneous,NR:input modality not reported in extracted evidence,risk-score; safety-constraint,weather_or_visibility,NA:no explicit distribution-shift construction,NA:no explicit distribution-shift evaluation,no,constraint-violation,empirical-validated,NR:actionable monitoring horizon not reported,constraint-violation; reward-or-cost,deterministic_confidence,NR:uncertainty output not explicitly reported,unspecified,not-applicable,"A learned safety-cost critic modifies every policy action in the SafeDriving benchmark, but the cost/risk estimate is evaluated by aggregate violation rates rather than statistical calibration.",reported,constraint,constraint-or-cost,none,reported,NR:feedback timing not reported,NA:no explicit guarantee target,none,G0,none,NA:no statistical guarantee,yes,NA:no statistical guarantee,not-applicable,trajectory_modification,none,fixed-or-conditioned-threshold; see intervention evidence,NR:fallback policy not reported,reported,NR:end-to-end online latency not reported,NR:transportation-system impact not reported,MuJoCo; INTERACTION,NR:predictive metrics not extracted,NA:no calibration metrics,constraint-violation,efficiency/travel-time; reward/return,contextual
REC-D3285D36BB71,Self-driving cars: A survey,"Badue, Claudine; Guidolini, Rânik; Carneiro, Raphael Vivacqua; Azevedo, Pedro; Cardoso, Vinicius B.; Forechi, Avelino; Jesus, Luan; Berriel, Rodrigo; Paixão, Thiago M.; Mutz, Filipe; de Paula Veronese, Lucas; Oliveira-Santos, Thiago; De Souza, Alberto F.",2021,EXPERT SYSTEMS WITH APPLICATIONS,10.1016/j.eswa.2020.113816,Review,yes,contextual,vehicle-pedestrian; mobile-robot-or-general-robotics; road-autonomous-driving,perception-interface; planning; control-interface,NA:no learned component clearly identified,highway; urban; unstructured,vehicle; pedestrian; robot; heterogeneous,image; LiDAR; radar,warning-or-alarm,model_misspecification,NA:no explicit distribution-shift construction,NA:no explicit distribution-shift evaluation,no,NR:safety consequence not explicitly operationalized,qualitative-narrative,NR:actionable monitoring horizon not reported,NR:risk label source not explicitly reported,deterministic_confidence,NR:uncertainty output not explicitly reported,unspecified,not-applicable,"The paper is a comprehensive literature survey of self-driving car architectures, perception, and decision-making methods — it does not propose or evaluate a specific uncertainty/risk signal.",reported,NA:no explicit calibration target,none,none,reported,NR:feedback timing not reported,NA:no explicit guarantee target,none,G0,none,NA:no statistical guarantee,NA:no statistical guarantee,NA:no statistical guarantee,not-applicable,no_intervention,none,NA:no runtime intervention,NA:no runtime intervention,reported,reported at PDF p. 23: real-time control at 200 Hz,reported,INTERACTION; Lyft,NR:predictive metrics not extracted,NA:no calibration metrics,TTC/min-distance,completion/success; efficiency/travel-time; comfort; reward/return,contextual
REC-D6170F946801,Collision Risk Assessment for Intelligent Vehicles Considering Multi-Dimensional Uncertainties,"Gao, Zhenhai; Bao, Mingxi; Cui, Taisong; Shi, Fangyuan; Chen, Xianqing; Wen, Wenhao; Gao, Fei; Zhao, Rui",2024,IEEE ACCESS,10.1109/access.2024.3354383,Article,yes,contextual,vehicle-vehicle; traffic-system; road-autonomous-driving,perception-interface; motion-forecasting; planning; control-interface,predictor; uncertainty-estimator,urban; intersection,vehicle,state; image; LiDAR,risk-score; action,weather_or_visibility; long_tail_scenario,NA:no explicit distribution-shift construction,NA:no explicit distribution-shift evaluation,no,collision,empirical-validated,NR:actionable monitoring horizon not reported,TTC; prediction-error,probabilistic_model,variance; probability,unspecified,model-output-score,"The MDU-CRA method outputs a collision probability (P_coll) computed from multi-dimensional uncertainties — driver behavior (three-tiered model with steering/braking statistics), sensor perception (EKF), motion prediction model (Gaussian distributions with CYRA/CA kinematics), and road structure (truncated Gaussian). This is a probabilistic risk signal, not a learned one. The paper explicitly compares against a learned neural network baseline (PMETP with LSTM), but the proposed method itself is model-",NR:risk or safety loss not explicitly reported,trajectory; collision,constraint-or-cost,discrete-trigger; information-gathering,reported,NR:feedback timing not reported,collision-risk,none,G0,none,NA:no statistical guarantee,NA:no statistical guarantee,NA:no statistical guarantee,not-applicable,emergency_braking,none,fixed-or-conditioned-threshold; see intervention evidence,emergency braking/stop,reported,reported at PDF p. 11: latency and egress (ADE) as the primary metrics. The Sequence to Sequence timings. (seq2s,NR:transportation-system impact not reported,INTERACTION; NGSIM,ADE; accuracy/AUROC,NA:no calibration metrics,TTC/min-distance,efficiency/travel-time; reward/return,contextual
REC-DADF6AD5D49E,A Risk-Based Decision-Making Process for Autonomous Trains Using POMDP: Case of the Anti-Collision Function,"Chelouati, Mohammed; Boussif, Abderraouf; Beugin, Julie; El-Koursi, El-Miloudi",2024,IEEE ACCESS,10.1109/access.2023.3347500,Article,yes,contextual,road-autonomous-driving,perception-interface; control-interface; policy-learning,policy,NR:road context not specified,vehicle; vessel; heterogeneous,state,risk-score,weather_or_visibility,NA:no explicit distribution-shift construction,NA:no explicit distribution-shift evaluation,no,collision,qualitative-narrative,NR:actionable monitoring horizon not reported,reward-or-cost,probabilistic_model,NR:uncertainty output not explicitly reported,unspecified,not-applicable,"The signal is a continuously updated collision-risk estimate derived from uncertain/noisy obstacle observations, distance, braking thresholds, and POMDP belief/state information. It is actually consumed by the POMDP decision process: rising perceived risk changes the selected action toward braking, including immediate action a3 at imminent-collision state s4. Safety/task evaluation is provided through controlled train anti-collision simulations, reporting state/action trajectories, rewards/penalties, false positive",reported,collision,constraint-or-cost,cost-or-objective; discrete-trigger; information-gathering,reported,delayed observed outcome,NA:no explicit guarantee target,none,G0,none,NA:no statistical guarantee,NA:no statistical guarantee,NA:no statistical guarantee,not-applicable,trajectory_modification,none,fixed-or-conditioned-threshold; see intervention evidence,emergency braking/stop,reported,NR:end-to-end online latency not reported,NR:transportation-system impact not reported,INTERACTION,accuracy/AUROC,NA:no calibration metrics,NR:safety metrics not extracted,efficiency/travel-time,contextual
REC-DDD66C2F6643,A comprehensive review of machine learning approaches for decision-making in autonomous vehicles collision avoidance systems,"Maidin, Siti Nurhafizza; Wahid, Nurbaiti; Saruchi, Sarah Atifah Binti; Fujita, Sumiya Tamanna; Chowdhury, Alvi Khan",2026,International Journal of Automotive and Mechanical Engineering,10.15282/ijame.23.2.2026.16.1035,Review,yes,contextual,vehicle-pedestrian; vehicle-vehicle; road-autonomous-driving,perception-interface; planning; control-interface; policy-learning,policy,highway; urban,vehicle; pedestrian; cyclist; heterogeneous,image; LiDAR; radar,action,weather_or_visibility,NA:no explicit distribution-shift construction,NA:no explicit distribution-shift evaluation,no,collision; off-road-or-boundary,qualitative-narrative,NR:actionable monitoring horizon not reported,collision; reward-or-cost,deterministic_confidence,NR:uncertainty output not explicitly reported,unspecified,not-applicable,"This paper is a comprehensive review article (identified as ""REVIEW ARTICLE"" on PDF_PAGE 1) that surveys machine learning approaches—supervised, hybrid, deep, and reinforcement learning—for decision-making tasks in autonomous vehicle collision avoidance. It systematically categorizes methods across perception, behavioural-level decision-making, motion planning, and multi-agent coordination. The review touches on uncertainty handling (e.g., POMDP-based methods for partial observability; uncertainty",reported,collision,none,none,reported,delayed observed outcome,NA:no explicit guarantee target,none,G0,none,NA:no statistical guarantee,NA:no statistical guarantee,NA:no statistical guarantee,not-applicable,no_intervention,none,NA:no runtime intervention,NA:no runtime intervention,reported,reported at PDF p. 13: latency • Inference latency = 42.3 ms,reported,INTERACTION; Shifts,accuracy/AUROC,NA:no calibration metrics,collision; TTC/min-distance,completion/success; efficiency/travel-time; comfort; reward/return,contextual
REC-E0276E8AF621,Efficient and Balanced Exploration-Driven Decision Making for Autonomous Racing Using Local Information,Z. Tian; D. Zhao; Z. Lin; W. Zhao; D. Flynn; Y. Jiang; D. Tian; Y. Zhang; Y. Sun,2025,IEEE Transactions on Intelligent Vehicles,10.1109/tiv.2024.3432713,IEEE Journals,yes,contextual,traffic-system; road-autonomous-driving,perception-interface; planning; control-interface; policy-learning,policy,urban,vehicle; vessel; heterogeneous,image; LiDAR; V2X,action,weather_or_visibility,NA:no explicit distribution-shift construction,NA:no explicit distribution-shift evaluation,no,collision,qualitative-narrative,NR:actionable monitoring horizon not reported,prediction-error; reward-or-cost,deterministic_confidence,NR:uncertainty output not explicitly reported,unspecified,not-applicable,"This paper proposes PPO-C, a curiosity-assisted PPO for autonomous racing. The uncertainty/risk signal is the curiosity-driven intrinsic reward (prediction error between encoded and predicted environmental features), used to quantify environmental uncertainty and guide exploration during RL training (Sections IV-A, IV-B, IV-D). This signal is consumed during the training/optimization process (Algorithms 2, 3) to shape the policy, not by the planner at deployment/runtime. At runtime, the trained actor",reported,NA:no explicit calibration target,monitoring-only,cost-or-objective; discrete-trigger,reported,delayed observed outcome,prediction-error,none,G0,none,NA:no statistical guarantee,NA:no statistical guarantee,NA:no statistical guarantee,not-applicable,monitoring_only,uncertainty_conditioned_policy,fixed-or-conditioned-threshold; see intervention evidence,NR:fallback policy not reported,reported,NR:end-to-end online latency not reported,NR:transportation-system impact not reported,INTERACTION,accuracy/AUROC,NA:no calibration metrics,collision,efficiency/travel-time; reward/return,contextual
REC-E096D9479F54,Towards Learning Multi-Agent Negotiations via Self-Play,"Tang, Yichuan",2019,"Proceedings - 2019 International Conference on Computer Vision Workshop, ICCVW 2019",10.1109/iccvw.2019.00297,Conference paper,yes,contextual,traffic-system; road-autonomous-driving,planning; control-interface; policy-learning,planner; policy,intersection,vehicle; cyclist; robot; heterogeneous,NR:input modality not reported in extracted evidence,action,weather_or_visibility; long_tail_scenario,NA:no explicit distribution-shift construction,NA:no explicit distribution-shift evaluation,no,collision,not-applicable,NR:actionable monitoring horizon not reported,reward-or-cost,deterministic_confidence,variance,unspecified,model-output-score,信号是道路栅格、邻车运动状态以及训练奖励中的碰撞、越界和车道偏移惩罚；深度PPO策略在运行时直接输出转向、加速度和转向灯动作，但惩罚只用于训练，没有独立的在线风险、不确定性或失效信号触发动作改变；逼真道路几何的合流仿真评价合流成功率、碰撞率和越界率，因此有道路安全与任务验证，但缺少运行时风险信号。,reported,NA:no explicit calibration target,none,none,NA:no runtime intervention,delayed observed outcome,NA:no explicit guarantee target,none,G0,none,NA:no statistical guarantee,NA:no statistical guarantee,NA:no statistical guarantee,not-applicable,no_intervention,none,NA:no runtime intervention,NA:no runtime intervention,NA:no runtime intervention,NR:end-to-end online latency not reported,NR:transportation-system impact not reported,CARLA; INTERACTION,NR:predictive metrics not extracted,NA:no calibration metrics,collision,completion/success; reward/return,contextual
REC-E194B487783E,BarrierNet: Differentiable Control Barrier Functions for Learning of Safe Robot Control,"Xiao, Wei; Wang, Tsun-Hsuan; Hasani, Ramin; Chahine, Makram; Amini, Alexander; Li, Xiao; Rus, Daniela",2023,IEEE TRANSACTIONS ON ROBOTICS,10.1109/tro.2023.3249564,Article,yes,contextual,single vehicle; simplified CAV merging; general robotics,control interface; safety filter,neural policy plus learned dCBF parameters,road; mixed robotics,vehicle; robot; obstacle,state; RGB image in driving task,filtered acceleration/steering/control,model_misspecification; sensor_or_perception_error outside guarantee,obstacle/road scenarios and sim-to-real conditions,synthetic; controlled real,no,collision; leaving user-defined safe set,formal-quantitative,continuous feedback; no predictive risk lead,user-defined barrier/safe set,formal_or_reachability_bound,barrier margin/control,NA:not probabilistic,not-applicable,violation of user-defined safe set,NR:risk or safety loss not explicitly reported,constraint satisfaction,constraint-or-cost,dCBF-QP constraint,continuous QP activation near constraint boundary; no risk budget,state feedback every step; no statistical recalibration,user-defined safe set,none,G0,conditional-invariance,continuous state constraints,yes:visual versus ground-truth state exposes violations,no,not-applicable,cbf_filter,control_revision,dCBF-QP continuously modifies nominal action,priority/slack for conflicting constraints,minimum-control modification; safety-performance loss partly shown,0.004 s versus NMPC 0.872 s,ego collision/clearance; no traffic-flow metric,VISTA; merging/navigation; controlled full-size vehicle,task error,none,collision; minimum distance,compute; task cost,contextual
REC-E34AAA52D18A,Towards agents that exhibit human-like autonomy in complex environments,Rohan Chandra,2026,Proceedings of the Fortieth AAAI Conference on Artificial Intelligence and Thirty-Eighth Conference on Innovative Applications of Artificial Intelligence and Sixteenth Symposium on Educational Advances in Artificial Intelligence,10.1609/aaai.v40i47.41339,Conference Paper,yes,contextual,vehicle-pedestrian; traffic-system; mobile-robot-or-general-robotics; road-autonomous-driving,perception-interface; motion-forecasting; control-interface,NA:no learned component clearly identified,intersection; unstructured,vehicle; pedestrian; robot; vessel; heterogeneous,image,NR:output object not explicit,traffic_density_shift; weather_or_visibility; long_tail_scenario,NA:no explicit distribution-shift construction,NA:no explicit distribution-shift evaluation,no,collision,qualitative-narrative,NR:actionable monitoring horizon not reported,NR:risk label source not explicitly reported,formal_or_reachability_bound,NR:uncertainty output not explicitly reported,unspecified,not-applicable,信号仅以演讲综述层级概括为可计算风险、他车意图和安全证书；正文回顾既有自动驾驶与社交机器人工作中规划、学习和CBF控制如何产生安全动作，没有给出本文独立实现的风险信号到动作消费链路；碰撞、死锁、社会合规和真实机器人验证均是对既有研究计划与成果的概述，而非本文新方法实验，故作为相关先前综述保留。,NR:risk or safety loss not explicitly reported,trajectory,none,none,NA:no runtime intervention,NR:feedback timing not reported,NA:no explicit guarantee target,none,G0,none,NA:no statistical guarantee,NA:no statistical guarantee,NA:no statistical guarantee,not-applicable,no_intervention,none,NA:no runtime intervention,NA:no runtime intervention,reported,NR:end-to-end online latency not reported,NR:transportation-system impact not reported,INTERACTION,NR:predictive metrics not extracted,NA:no calibration metrics,NR:safety metrics not extracted,comfort,contextual
REC-E38958CDA9EE,An Overview of Decision-Making in Autonomous Vehicles,"Ghraizi, Dany; Talj, Reine; Francis, Clovis",2023,IFAC-PapersOnLine,10.1016/j.ifacol.2023.10.793,Conference paper,yes,contextual,vehicle-pedestrian; traffic-system; road-autonomous-driving,perception-interface; planning; control-interface,NA:no learned component clearly identified,highway; intersection,vehicle; pedestrian; robot; heterogeneous,NR:input modality not reported in extracted evidence,action,weather_or_visibility; sensor_or_perception_error,NA:no explicit distribution-shift construction,NA:no explicit distribution-shift evaluation,no,collision,qualitative-narrative,NR:actionable monitoring horizon not reported,NR:risk label source not explicitly reported,generative_or_diffusion; probabilistic_model,NR:uncertainty output not explicitly reported,unspecified,not-applicable,"This paper is a literature survey/review of decision-making architectures for autonomous vehicles, not a primary research paper presenting a novel uncertainty/risk signal consumed by a planner. The abstract frames the contribution as ""an up-to-date reference"" and ""an overview"" that classifies the literature across trajectory planning, risk-uncertainty assessment, and human-mimicking approaches. The survey does have a dedicated ""Risk-Uncertainty Assessment"" section (Section 5, starting) tha",reported,NA:no explicit calibration target,none,none,reported,delayed observed outcome,set-coverage,none,G0,none,NA:no statistical guarantee,NA:no statistical guarantee,NA:no statistical guarantee,not-applicable,no_intervention,none,NA:no runtime intervention,NA:no runtime intervention,reported,NR:end-to-end online latency not reported,reported,CARLA; INTERACTION,accuracy/AUROC,NA:no calibration metrics,TTC/min-distance,completion/success; efficiency/travel-time; comfort,contextual
REC-E5146C327905,Survey of Deep Reinforcement Learning for Motion Planning of Autonomous Vehicles,"Aradi, Szilard",2022,IEEE TRANSACTIONS ON INTELLIGENT TRANSPORTATION SYSTEMS,10.1109/tits.2020.3024655,Article,yes,contextual,vehicle-vehicle; traffic-system; road-autonomous-driving,perception-interface; planning; control-interface; policy-learning,policy,NR:road context not specified,vehicle,state; image; V2X,action,traffic_density_shift; weather_or_visibility,NA:no explicit distribution-shift construction,NA:no explicit distribution-shift evaluation,no,NR:safety consequence not explicitly operationalized,qualitative-narrative,NR:actionable monitoring horizon not reported,reward-or-cost,mixture_model,distribution,unspecified,model-output-score,"This paper is a literature survey on Deep Reinforcement Learning for motion planning of autonomous vehicles (see title, Abstract p.740, Section I p.740-741). It does not present a novel method where an uncertainty/risk/failure signal is consumed by a planner to change behavior. Section IV-A (p.754-755) touches on safe RL and risk-sensitive criteria in general terms as future challenges, but these are high-level discussion points surveying other works, not a concrete signal used by a planner. The paper's primary con",reported,NA:no explicit calibration target,none,none,NA:no runtime intervention,delayed observed outcome,NA:no explicit guarantee target,none,G0,none,NA:no statistical guarantee,NA:no statistical guarantee,NA:no statistical guarantee,not-applicable,no_intervention,none,NA:no runtime intervention,NA:no runtime intervention,reported,NR:end-to-end online latency not reported,reported,CARLA; SUMO; INTERACTION,accuracy/AUROC,NA:no calibration metrics,TTC/min-distance,efficiency/travel-time; comfort,contextual
REC-E5553483E407,Safe Policy Improvement in Constrained Markov Decision Processes,Luigi Berducci; Radu Grosu,2022,"Leveraging Applications of Formal Methods, Verification and Validation. Verification Principles: 11th International Symposium, ISoLA 2022, Rhodes, Greece, October 22–30, 2022, Proceedings, Part I",10.1007/978-3-031-19849-6_21,Conference Paper,yes,contextual,road-autonomous-driving,perception-interface; control-interface; policy-learning,policy,NR:road context not specified,vehicle,NR:input modality not reported in extracted evidence,NR:output object not explicit,weather_or_visibility,NA:no explicit distribution-shift construction,NA:no explicit distribution-shift evaluation,no,collision; constraint-violation,qualitative-narrative,NR:actionable monitoring horizon not reported,constraint-violation; reward-or-cost,deterministic_confidence,NR:uncertainty output not explicitly reported,unspecified,not-applicable,The uncertainty/risk signal is a high-confidence upper bound on expected cumulative cost of a candidate policy via importance-sampling off-policy evaluation with Student's t-test (HCOPE).,reported,NA:no explicit calibration target,constraint-or-cost,discrete-trigger,reported,delayed observed outcome,NA:no explicit guarantee target,none,G0,none,NA:no statistical guarantee,NA:no statistical guarantee,NA:no statistical guarantee,not-applicable,uncertainty_conditioned_policy,none,fixed-or-conditioned-threshold; see intervention evidence,backup safety controller,reported,NR:end-to-end online latency not reported,NR:transportation-system impact not reported,INTERACTION,NR:predictive metrics not extracted,NA:no calibration metrics,NR:safety metrics not extracted,comfort; reward/return,contextual
REC-EA3EEB07432F,Risks of applying deep learning in autonomous vehicle systems: a literature review; [Riesgos de la aplicación de deep learning en sistemas de vehículos autónomos: revisión de la literatura],"Zegarra-Ramos, Matthew S.; Haro-Garcia, Luis A.; Ayala-Ñiquen, Evelyn E.; Roque-Pisconte, Vanessa D.",2024,"Proceedings of the LACCEI international Multi-conference for Engineering, Education and Technology",10.18687/leird2024.1.1.648,Conference paper,yes,contextual,road-autonomous-driving,perception-interface; planning; control-interface,NA:no learned component clearly identified,highway; urban,vehicle; vessel; heterogeneous,LiDAR,NR:output object not explicit,weather_or_visibility; malicious_or_untrusted_information,NA:no explicit distribution-shift construction,NA:no explicit distribution-shift evaluation,no,NR:safety consequence not explicitly operationalized,qualitative-narrative,NR:actionable monitoring horizon not reported,NR:risk label source not explicitly reported,deterministic_confidence,NR:uncertainty output not explicitly reported,unspecified,not-applicable,"The paper is a literature review summarizing risks (perception inaccuracy, adversarial attacks, detection errors, lack of interpretability) and mitigation techniques (uncertainty quantification, cross-validation, sensor fusion) — no original uncertainty/risk signal is presented or defined by the authors themselves.",NR:risk or safety loss not explicitly reported,NA:no explicit calibration target,none,none,NA:no runtime intervention,NR:feedback timing not reported,NA:no explicit guarantee target,none,G0,none,NA:no statistical guarantee,NA:no statistical guarantee,NA:no statistical guarantee,not-applicable,no_intervention,none,NA:no runtime intervention,NA:no runtime intervention,NA:no runtime intervention,NR:end-to-end online latency not reported,NR:transportation-system impact not reported,nuScenes; Waymo; KITTI; INTERACTION,accuracy/AUROC,NA:no calibration metrics,NR:safety metrics not extracted,completion/success,contextual
REC-EB898A34B59D,"Fast, Safe and Robust Motion Planning for Autonomous Vehicles Based on Robust Control Invariant Tubes","Zhao, Mingzhuo; Shen, Tong; Wang, Fanxun; Yin, Guodong",2025,Chinese Journal of Mechanical Engineering (English Edition),10.1186/s10033-025-01216-8,Article,yes,contextual,road-autonomous-driving,perception-interface; planning; control-interface,NA:no learned component clearly identified,urban,vehicle,image,prediction-set; action,weather_or_visibility,NA:no explicit distribution-shift construction,NA:no explicit distribution-shift evaluation,no,collision,qualitative-narrative,NR:actionable monitoring horizon not reported,NR:risk label source not explicitly reported,formal_or_reachability_bound,set,unspecified,model-output-score,"Bounded-uncertainty invariant tubes tighten motion-planning constraints and have driving safety evaluation, but the uncertainty set and controller are prescribed rather than learned.",NR:risk or safety loss not explicitly reported,NA:no explicit calibration target,constraint-or-cost,none,NR:operational threshold not reported,delayed observed outcome,NA:no explicit guarantee target,none,G0,robust-invariance,NA:no statistical guarantee,NA:no statistical guarantee,NA:no statistical guarantee,not-applicable,trajectory_modification,none,continuous constraint-or-cost,NR:fallback policy not reported,reported,NR:end-to-end online latency not reported,NR:transportation-system impact not reported,NR:dataset or simulator not extracted,NR:predictive metrics not extracted,NA:no calibration metrics,NR:safety metrics not extracted,efficiency/travel-time; comfort,contextual
REC-EC403A2F36EC,Human-AI Collaborative Systems: Cognitive Computing Approaches for Enhancing User Interaction and Decision Support,"Agarwal, Rohit; Kumar Naidu Pamuluri, Vinod; Sathya arthi, R.; Rajitha, Ala; Thangjam, Ravi; Anerao, Prashant; Sharma, Deepika",2026,International Journal of Artificial Intelligence and Machine Learning,10.51483/ijaiml.6.2s.2026.733-741,Article,yes,contextual,general-autonomous-system,control-interface; policy-learning,policy; uncertainty-estimator,urban,vehicle; vessel; heterogeneous,V2X,NR:output object not explicit,model_misspecification,NA:no explicit distribution-shift construction,NA:no explicit distribution-shift evaluation,no,NR:safety consequence not explicitly operationalized,empirical-validated,NR:actionable monitoring horizon not reported,NR:risk label source not explicitly reported,deterministic_confidence,NR:uncertainty output not explicitly reported,unspecified,not-applicable,"Monte-Carlo-dropout uncertainty gates route decisions to a human and includes a lightweight autonomous-path condition, but the evidence is a generic human-AI collaboration study without sufficiently specific road-system validation.",NR:risk or safety loss not explicitly reported,NA:no explicit calibration target,constraint-or-cost,none,NR:operational threshold not reported,delayed observed outcome,NA:no explicit guarantee target,none,G0,none,NA:no statistical guarantee,NA:no statistical guarantee,NA:no statistical guarantee,not-applicable,trajectory_modification,none,continuous constraint-or-cost,NR:fallback policy not reported,reported,"reported at PDF p. 6: real-time. Vol.6, No.2s",NR:transportation-system impact not reported,INTERACTION,accuracy/AUROC,NA:no calibration metrics,NR:safety metrics not extracted,efficiency/travel-time,contextual
REC-F0C13FDC8C78,Intention Prediction-Based Automated Vehicle Control Mechanism Using Social-Pooling LSTM and Pass-Through Time Window Optimization,"Oh, Donghee; Lee, Chris; Park, Juneyoung",2026,CMC-COMPUTERS MATERIALS & CONTINUA,10.32604/cmc.2026.076994,Article,yes,contextual,vehicle-vehicle; traffic-system; road-autonomous-driving,behavior-prediction; motion-forecasting; control-interface,predictor,urban; intersection; mixed,vehicle,trajectory; V2X,action; warning-or-alarm,traffic_density_shift; weather_or_visibility,NA:no explicit distribution-shift construction,NA:no explicit distribution-shift evaluation,no,collision,qualitative-narrative,reported,collision; TTC; prediction-error,probabilistic_model,NR:uncertainty output not explicitly reported,unspecified,not-applicable,信号是Social LSTM输出的轨迹与转向意图，以及由预计到达时间和预测轨迹时空重叠形成的冲突判据；PTW优化器会分配非重叠通行窗口并向CAV发送减速、让行或最大制动指令，但结论明确说明安全微观仿真采用完美轨迹知识，学习预测器仅在CitySim上单独验证，因而闭环安全结果没有实际消费其输出；验证分为ADE、FDE和意图准确率，以及另行的VISSIM TTC、PET、冲突数、延误、速度和车距。,NR:risk or safety loss not explicitly reported,trajectory,monitoring-only,none,reported,delayed observed outcome,NA:no explicit guarantee target,none,G0,none,NA:no statistical guarantee,NA:no statistical guarantee,NA:no statistical guarantee,not-applicable,monitoring_only,warning_only,chance-constraint,NR:fallback policy not reported,reported,reported at PDF p. 9: Real-time requirement Control cycle period – 0.1 s,reported,INTERACTION,ADE; FDE; accuracy/AUROC,NA:no calibration metrics,TTC/min-distance,efficiency/travel-time; comfort; reward/return,contextual
REC-F11C458CB12E,A Comparative Analysis of Deep Reinforcement Learning-Enabled Freeway Decision-Making for Automated Vehicles,"Liu, Teng; Yang, Yuyou; Xiao, Wenxuan; Tang, Xiaolin; Yin, Mingzhu",2024,IEEE Access,10.1109/access.2024.3358424,Article,yes,contextual,vehicle-pedestrian; vehicle-vehicle; road-autonomous-driving,perception-interface; risk-monitoring; planning; control-interface; policy-learning,policy; risk-monitor; uncertainty-estimator,highway,vehicle; pedestrian; vessel; heterogeneous,NR:input modality not reported in extracted evidence,risk-score; action,weather_or_visibility,NA:no explicit distribution-shift construction,NA:no explicit distribution-shift evaluation,no,collision,learned-correlation,NR:actionable monitoring horizon not reported,reward-or-cost,failure_prediction; probabilistic_model,probability,unspecified,model-output-score,"No uncertainty/risk/failure signal exists in this work. The four DRL algorithms (DQL, Double DQL, Dueling DQL, PR-DQL) learn policies directly from environmental rewards (speed and collision avoidance) without modeling or outputting any explicit risk, uncertainty, or failure probability. The Q-values and state-action values computed by the neural networks serve as action selection mechanisms, not as uncertainty signals consumed by a separate planner. ""Uncertainty"" is mentioned only when citing related work on proba",reported,NA:no explicit calibration target,constraint-or-cost,cost-or-objective; discrete-trigger,reported,delayed observed outcome,NA:no explicit guarantee target,none,G0,none,NA:no statistical guarantee,NA:no statistical guarantee,NA:no statistical guarantee,not-applicable,candidate_reranking,uncertainty_conditioned_policy,fixed-or-conditioned-threshold; see intervention evidence,NR:fallback policy not reported,reported,NR:end-to-end online latency not reported,NR:transportation-system impact not reported,INTERACTION,accuracy/AUROC,NA:no calibration metrics,NR:safety metrics not extracted,efficiency/travel-time; comfort; reward/return,contextual
REC-F242B962407C,Decision-Making Under Deception at Intersections: A Bayesian Game Approach,"Banaie, Fatemeh; Babaei, Esmaeil; Parkinson, Simon; Vallati, Mauro",2025,2025 IEEE 28th International Conference on Intelligent Transportation Systems (ITSC),10.1109/itsc60802.2025.11423178,Conference paper,yes,contextual,traffic-system; road-autonomous-driving,policy-learning,policy,urban; intersection,vehicle; vessel; heterogeneous,V2X,action,weather_or_visibility; malicious_or_untrusted_information,NA:no explicit distribution-shift construction,NA:no explicit distribution-shift evaluation,no,collision,qualitative-narrative,NR:actionable monitoring horizon not reported,TTC; reward-or-cost,probabilistic_model; deterministic_confidence,distribution; score,unspecified,model-output-score,"The paper proposes a Bayesian game-theoretic framework for modeling deceptive behaviour at unsignalized intersections involving CAVs. The uncertainty signal is the deception probability p, representing the belief about whether another vehicle is truthful (T) or deceptive (D). This belief probabilistically affects each vehicle's yielding/passing decision via Bayesian Nash Equilibrium analysis. However, there is no learned prediction, planning, policy, or risk component — the approach is entirely analytical game theo",NR:risk or safety loss not explicitly reported,collision,constraint-or-cost,none,reported,NR:feedback timing not reported,NA:no explicit guarantee target,none,G0,none,NA:no statistical guarantee,NA:no statistical guarantee,NA:no statistical guarantee,not-applicable,uncertainty_conditioned_policy,none,fixed-or-conditioned-threshold; see intervention evidence,NR:fallback policy not reported,reported,NR:end-to-end online latency not reported,reported,INTERACTION,NR:predictive metrics not extracted,NA:no calibration metrics,TTC/min-distance,efficiency/travel-time; comfort,contextual
REC-F4145481C313,A review of vehicle lane change decisions in human–machine mixed driving environments,"Huang, Zheng; Fang, Hua; Lin, Yongliang; Hu, Xinyue",2025,Digital Transportation and Safety,10.48130/dts-0025-0028,Review,yes,contextual,vehicle-vehicle; traffic-system; road-autonomous-driving,perception-interface; behavior-prediction; planning; control-interface,NA:no learned component clearly identified,highway; unstructured; mixed,vehicle; vessel; heterogeneous,V2X,action,weather_or_visibility,NA:no explicit distribution-shift construction,NA:no explicit distribution-shift evaluation,no,collision,qualitative-narrative,NR:actionable monitoring horizon not reported,TTC,probabilistic_model,NR:uncertainty output not explicitly reported,unspecified,not-applicable,"The paper does not propose its own uncertainty/risk signal — it reviews others' signals (e.g., TTC, MTTC, LCTTC, DRAC, CPI, probabilistic risk fields, intention recognition models).",reported,NA:no explicit calibration target,none,none,reported,delayed observed outcome,NA:no explicit guarantee target,none,G0,none,NA:no statistical guarantee,NA:no statistical guarantee,NA:no statistical guarantee,not-applicable,no_intervention,none,NA:no runtime intervention,NA:no runtime intervention,reported,NR:end-to-end online latency not reported,reported,CARLA; SUMO; INTERACTION; NGSIM; Shifts,accuracy/AUROC,NA:no calibration metrics,TTC/min-distance,efficiency/travel-time; comfort; reward/return,contextual
REC-F70A4FFF17FE,Piecewise linear transformation - propagating aleatoric uncertainty in neural networks,Thomas Krapf; Michael Hagn; Paul Miethaner; Alexander Schiller; Lucas Luttner; Bernd Heinrich,2024,Proceedings of the Thirty-Eighth AAAI Conference on Artificial Intelligence and Thirty-Sixth Conference on Innovative Applications of Artificial Intelligence and Fourteenth Symposium on Educational Advances in Artificial Intelligence,10.1609/aaai.v38i18.30029,Conference Paper,yes,contextual,traffic-system,risk-monitoring,NA:no learned component clearly identified,intersection,vehicle,image,NR:output object not explicit,epistemic_uncertainty; aleatoric_uncertainty,NA:no explicit distribution-shift construction,NA:no explicit distribution-shift evaluation,no,NR:safety consequence not explicitly operationalized,qualitative-narrative,NR:actionable monitoring horizon not reported,NR:risk label source not explicitly reported,mixture_model; probabilistic_model,variance; distribution,aleatoric; epistemic,model-output-score,信号是PLT把输入偶然不确定性的概率分布穿过分段线性神经网络后得到的输出概率分布，可作为预测置信度的通用模块；论文没有把该分布接入规划器、决策器或控制器，因此未展示其改变约束、候选轨迹或动作，但该方法面向ReLU类网络且明确将自动驾驶列为高风险潜在应用，具有可迁移的直接不确定性接口价值；实验仅在通用分类和回归数据集上以L1、L2和Hellinger距离评价分布传播精确性，没有道路、安全或任务执行验证。,NR:risk or safety loss not explicitly reported,NA:no explicit calibration target,constraint-or-cost,none,reported,delayed observed outcome,NA:no explicit guarantee target,none,G0,none,NA:no statistical guarantee,NA:no statistical guarantee,NA:no statistical guarantee,not-applicable,trajectory_modification,none,fixed-or-conditioned-threshold; see intervention evidence,backup safety controller,NR:intervention cost not reported,NR:end-to-end online latency not reported,NR:transportation-system impact not reported,NR:dataset or simulator not extracted,accuracy/AUROC,NA:no calibration metrics,NR:safety metrics not extracted,NR:utility metrics not extracted,contextual
REC-FE2331CF1F8B,Autonomous Driving Ethics: from Trolley Problem to Ethics of Risk,"Geisslinger, Maximilian; Poszler, Franziska; Betz, Johannes; Lütge, Christoph; Lienkamp, Markus",2021,Philosophy and Technology,10.1007/s13347-021-00449-4,Article,yes,contextual,road-autonomous-driving,planning,NA:no learned component clearly identified,NR:road context not specified,vehicle,NR:input modality not reported in extracted evidence,NR:output object not explicit,model_misspecification,NA:no explicit distribution-shift construction,NA:no explicit distribution-shift evaluation,no,collision,qualitative-narrative,NR:actionable monitoring horizon not reported,collision; reward-or-cost,deterministic_confidence,NR:uncertainty output not explicitly reported,unspecified,not-applicable,信号是由传感器、感知、预测和遮挡不确定性得到的碰撞概率与估计伤害之积，并进一步形成总风险、公平性和最坏受损者风险；这些量被明确写入轨迹代价函数，候选轨迹通过最小化加权风险代价选择，因此在拟议接口中会改变规划动作；验证仅把公式应用于简化电车难题并作伦理推演，没有道路实现、驾驶仿真或安全—任务性能实验，故缺少道路验证。,NR:risk or safety loss not explicitly reported,NA:no explicit calibration target,constraint-or-cost,none,NR:operational threshold not reported,NR:feedback timing not reported,NA:no explicit guarantee target,none,G0,none,NA:no statistical guarantee,NA:no statistical guarantee,NA:no statistical guarantee,not-applicable,trajectory_modification,none,continuous constraint-or-cost,NR:fallback policy not reported,NR:intervention cost not reported,NR:end-to-end online latency not reported,reported,Shifts,NR:predictive metrics not extracted,NA:no calibration metrics,NR:safety metrics not extracted,comfort,contextual
REC-FEB4013AEAAA,AI on the Road - A Review of Technologies Enhancing Urban Traffic Safety and Efficiency,"Alanazi, Fayez",2025,PROMET-TRAFFIC & TRANSPORTATION,10.7307/ptt.v37i5.832,Review,yes,contextual,vehicle-pedestrian; traffic-system; road-autonomous-driving,perception-interface; planning; control-interface,NA:no learned component clearly identified,urban; intersection,vehicle; pedestrian; vessel; heterogeneous,image; LiDAR; V2X,NR:output object not explicit,traffic_density_shift; weather_or_visibility,NA:no explicit distribution-shift construction,NA:no explicit distribution-shift evaluation,no,collision,qualitative-narrative,NR:actionable monitoring horizon not reported,collision,deterministic_confidence,NR:uncertainty output not explicitly reported,unspecified,not-applicable,"The paper discusses generic concepts such as ""predictive analytics,"" ""risk prediction,"" and ""adaptive traffic control"" at a conceptual/review level; no concrete uncertainty/risk signal is defined or implemented.",NR:risk or safety loss not explicitly reported,NA:no explicit calibration target,none,none,NA:no runtime intervention,NR:feedback timing not reported,NA:no explicit guarantee target,none,G0,none,NA:no statistical guarantee,NA:no statistical guarantee,NA:no statistical guarantee,not-applicable,no_intervention,none,NA:no runtime intervention,NA:no runtime intervention,reported,NR:end-to-end online latency not reported,reported,INTERACTION; Shifts,accuracy/AUROC,NA:no calibration metrics,collision,efficiency/travel-time,contextual
REC-FFB267C0CAA5,Learning-Based Risk-Perception Strategies for Intelligent Co-Control of Energy Efficiency and Safety in Autonomous Driving: A Survey,"Rui, Yingxu; Zhuge, Yi; Shi, Junqing; Liao, Peng; Skruch, Paweł; Xu, Yang; Mei, Peng; Lu, Xiaoshu; Karimi, Hamid Reza",2026,Journal of Artificial Intelligence and Soft Computing Research,10.2478/jaiscr-2026-0018,Article,yes,contextual,vehicle-pedestrian; traffic-system; road-autonomous-driving,perception-interface; behavior-prediction; planning; control-interface; policy-learning,policy,highway; urban; intersection,vehicle; pedestrian; cyclist; robot; heterogeneous,image; radar; V2X,risk-score,weather_or_visibility; sensor_or_perception_error,NA:no explicit distribution-shift construction,NA:no explicit distribution-shift evaluation,no,collision; constraint-violation,qualitative-narrative,reported,constraint-violation; reward-or-cost,mc_dropout; bayesian_neural_network,probability,unspecified,model-output-score,"The paper surveys multiple risk/uncertainty signals used in autonomous driving, including risk-aware reward functions in DRL that embed collision probability and safety margins, uncertainty quantification via Bayesian Neural Networks with Monte Carlo Dropout for object detection, Risk Potential Field (RPF) modeling for collision probability estimation, and dynamic risk field models for VRU protection built on UWB sensing and heterogeneous graph neural networks",reported,collision,none,cost-or-objective; filter-or-revision,reported,delayed observed outcome,collision-risk,none,G0,none,NA:no statistical guarantee,NA:no statistical guarantee,NA:no statistical guarantee,not-applicable,no_intervention,none,NA:no runtime intervention,NA:no runtime intervention,reported,"reported at PDF p. 3: latency. For example, GroupNet reports an A critical yet often underexplored domain inference time of 41.6 ms",NR:transportation-system impact not reported,INTERACTION; NGSIM,accuracy/AUROC,NA:no calibration metrics,NR:safety metrics not extracted,efficiency/travel-time; comfort; reward/return,contextual
REC-FFEADFB89C64,A Possibilistic Risk Assessment Framework for Unmanned Electric Vehicles With Predict of Uncertainty Traffic,"hu, wen; kang, longyun; yu, zongguang",2022,FRONTIERS IN ENERGY RESEARCH,10.3389/fenrg.2022.888298,Article,yes,contextual,traffic-system; road-autonomous-driving,perception-interface; motion-forecasting; planning; control-interface; policy-learning,policy,intersection,vehicle,image,risk-score; action,weather_or_visibility,NA:no explicit distribution-shift construction,NA:no explicit distribution-shift evaluation,no,collision,empirical-validated,NR:actionable monitoring horizon not reported,collision; TTC; reward-or-cost,mixture_model; selective_prediction; probabilistic_model,distribution; probability,unspecified,model-output-score,"The paper proposes a collision risk assessment framework that computes collision probability from uncertain trajectory predictions using Gaussian mixture models at intersections. The signal is a collision probability per position/time derived from modeling three uncertainties: driving intention, driving process, and trajectory intrusion. The paper repeatedly states ""this result can be input to the decision control module for correcting or changing the motion planning of the own vehicle""",NR:risk or safety loss not explicitly reported,trajectory; collision,monitoring-only,none,NR:operational threshold not reported,NR:feedback timing not reported,collision-risk,none,G0,none,NA:no statistical guarantee,NA:no statistical guarantee,NA:no statistical guarantee,not-applicable,monitoring_only,abstention_or_rejection,continuous constraint-or-cost,replanning,NR:intervention cost not reported,NR:end-to-end online latency not reported,NR:transportation-system impact not reported,NR:dataset or simulator not extracted,accuracy/AUROC,NA:no calibration metrics,collision; TTC/min-distance,reward/return,contextual
SNOW-00540B82BF4A,Decision-making in driver-automation shared control: A review and perspectives,Wenshuo Wang; Xiaoxiang Na; Dongpu Cao; Jianwei Gong; Junqiang Xi; Yang Xing; Fei–Yue Wang,2020,arXiv (Cornell University),10.1109/jas.2020.1003294,article,yes,contextual,road-autonomous-driving,perception-interface; control-interface,NA:no learned component clearly identified,highway,vehicle; robot; heterogeneous,image,action,model_misspecification,NA:no explicit distribution-shift construction,NA:no explicit distribution-shift evaluation,no,NR:safety consequence not explicitly operationalized,qualitative-narrative,NR:actionable monitoring horizon not reported,NR:risk label source not explicitly reported,probabilistic_model,distribution,unspecified,model-output-score,信号是被综述共享控制研究中的驾驶员意图/状态、转向力矩、信任/能力和风险指标；既有方案可据此分配人机控制权并混合转向或纵向输入，但本文只分类架构、驾驶员模型和交互策略，不实现自己的在线动作机制；性能证据来自所综述文献的路径误差、安全和人因指标，没有本文的闭环安全/任务实验，因此属于既有综述。,NR:risk or safety loss not explicitly reported,NA:no explicit calibration target,none,none,NA:no runtime intervention,delayed observed outcome,NA:no explicit guarantee target,none,G0,none,NA:no statistical guarantee,NA:no statistical guarantee,NA:no statistical guarantee,not-applicable,no_intervention,none,NA:no runtime intervention,NA:no runtime intervention,reported,NR:end-to-end online latency not reported,NR:transportation-system impact not reported,INTERACTION,accuracy/AUROC,NA:no calibration metrics,NR:safety metrics not extracted,efficiency/travel-time,contextual
SNOW-046DF2FE5D0B,Behavioral event detection and rate estimation for autonomous vehicle evaluation,Maria A. Terres; Aiyou Chen; Rachel Zhou; Claire M. McLeod,2023,arXiv (Cornell University),10.1002/asmb.2769,article,yes,contextual,road-autonomous-driving,risk-monitoring,NA:no learned component clearly identified,NR:road context not specified,vehicle,NR:input modality not reported in extracted evidence,NR:output object not explicit,weather_or_visibility; long_tail_scenario,NA:no explicit distribution-shift construction,NA:no explicit distribution-shift evaluation,no,collision,qualitative-narrative,NR:actionable monitoring horizon not reported,NR:risk label source not explicitly reported,deterministic_confidence,interval,unspecified,model-output-score,从驾驶日志的算法检测与分层人工复核估计不良驾驶行为事件率及置信区间；,NR:risk or safety loss not explicitly reported,NA:no explicit calibration target,monitoring-only,none,NR:operational threshold not reported,NR:feedback timing not reported,NA:no explicit guarantee target,none,G0,none,NA:no statistical guarantee,NA:no statistical guarantee,NA:no statistical guarantee,not-applicable,monitoring_only,warning_only,NR:trigger rule not explicitly reported,NR:fallback policy not reported,reported,NR:end-to-end online latency not reported,NR:transportation-system impact not reported,Waymo,accuracy/AUROC,coverage; sharpness/set-size,NR:safety metrics not extracted,efficiency/travel-time,contextual
SNOW-07AF619A2B26,Enhancing Safety and Efficiency in Automated Container Terminals: Route Planning for Hazardous Material AGV Using LSTM Neural Network and Deep Q-Network,Li Fei; Junchi Cheng; Zhiqi Mao; Yuhao Wang; Pingfa Feng,2024,Journal of Intelligent and Connected Vehicles,10.26599/jicv.2023.9210041,article,yes,contextual,vehicle-pedestrian; traffic-system; road-autonomous-driving,motion-forecasting; planning; control-interface; policy-learning,predictor; policy,highway; intersection,vehicle; pedestrian; vessel; heterogeneous,trajectory,NR:output object not explicit,weather_or_visibility,NA:no explicit distribution-shift construction,NA:no explicit distribution-shift evaluation,no,collision,empirical-validated,reported,prediction-error,deterministic_confidence,NR:uncertainty output not explicitly reported,unspecified,not-applicable,LSTM滚动预测的普通货物AGV未来位置被映射为动态背景状态，DQN同时学习包含邻近重叠惩罚的Q值；,reported,trajectory,constraint-or-cost,none,reported,delayed observed outcome,NA:no explicit guarantee target,none,G0,none,NA:no statistical guarantee,NA:no statistical guarantee,NA:no statistical guarantee,not-applicable,trajectory_modification,none,fixed-or-conditioned-threshold; see intervention evidence,NR:fallback policy not reported,reported,reported at PDF p. 12: real-time 5 decision-making for AGV navigation. It should also be noted that 0 s,reported,INTERACTION; Shifts,accuracy/AUROC,NA:no calibration metrics,NR:safety metrics not extracted,efficiency/travel-time,contextual
SNOW-0967EC66E055,Interactive Multi-Modal Motion Planning With Branch Model Predictive Control,Yuxiao Chen; Ugo Rosolia; Wyatt Ubellacker; Noel Csomay-Shanklin; Aaron D. Ames,2022,CaltechAUTHORS (California Institute of Technology),10.1109/lra.2022.3156648,article,yes,contextual,vehicle-pedestrian; road-autonomous-driving,planning; control-interface; policy-learning,NA:no learned component clearly identified,highway; urban,vehicle; pedestrian; cyclist; robot; heterogeneous,NR:input modality not reported in extracted evidence,NR:output object not explicit,weather_or_visibility,NA:no explicit distribution-shift construction,NA:no explicit distribution-shift evaluation,no,collision,qualitative-narrative,reported,reward-or-cost,generative_or_diffusion; probabilistic_model,variance; distribution,unspecified,model-output-score,"Signal: probabilities over multimodal reactive policies and nested CVaR costs. Planning/action consumption: Branch MPC directly uses these probabilities/CVaR to alter the ego trajectory and applied control in highway overtaking and merging. Safety/task evaluation: simulations qualitatively examine collision avoidance and the liveness-versus-robustness trade-off, but the evaluated predictive model is a hand-designed safety-function model and learned reactive modeling is deferred to future work.",NR:risk or safety loss not explicitly reported,NA:no explicit calibration target,constraint-or-cost,none,NR:operational threshold not reported,delayed observed outcome,NA:no explicit guarantee target,none,G0,none,NA:no statistical guarantee,NA:no statistical guarantee,NA:no statistical guarantee,not-applicable,mpc_filter,none,continuous constraint-or-cost,replanning,reported,NR:end-to-end online latency not reported,reported,INTERACTION,NR:predictive metrics not extracted,NA:no calibration metrics,NR:safety metrics not extracted,NR:utility metrics not extracted,contextual
SNOW-0C8A8132D518,Multimodal Manoeuvre and Trajectory Prediction for Automated Driving on Highways Using Transformer Networks,Sajjad Mozaffari; MReza Alipour Sormoli; Konstantinos Koufos; Mehrdad Dianati,2023,Warwick Research Archive Portal (University of Warwick),10.1109/lra.2023.3301720,article,yes,contextual,vehicle-vehicle; road-autonomous-driving,motion-forecasting; planning; control-interface,predictor,highway; unstructured,vehicle; robot; heterogeneous,NR:input modality not reported in extracted evidence,NR:output object not explicit,weather_or_visibility; behavior_shift,NA:no explicit distribution-shift construction,NA:no explicit distribution-shift evaluation,no,collision; off-road-or-boundary,empirical-validated,reported,collision; prediction-error,generative_or_diffusion; probabilistic_model,distribution,unspecified,model-output-score,"A transformer predicts multiple maneuver-conditioned trajectories and their occurrence probabilities, representing behavioral uncertainty of surrounding vehicles.",reported,trajectory,monitoring-only,none,NR:operational threshold not reported,delayed observed outcome,prediction-error,none,G0,none,NA:no statistical guarantee,NA:no statistical guarantee,NA:no statistical guarantee,not-applicable,monitoring_only,mpc_filter,continuous constraint-or-cost,NR:fallback policy not reported,reported,NR:end-to-end online latency not reported,reported,INTERACTION; NGSIM; HighD,NLL; accuracy/AUROC,Brier/NLL,collision,efficiency/travel-time,contextual
SNOW-0ED708C1CE95,Design of Real-time Pedestrian Trajectory Prediction System based on Jetson Xavier,Quankai Liu; Haifeng Sang,2023,Frontiers in Computing and Intelligent Systems,10.54097/fcis.v4i3.11156,article,yes,contextual,vehicle-pedestrian; traffic-system; road-autonomous-driving,perception-interface; motion-forecasting; control-interface,predictor,urban; intersection,vehicle; pedestrian; heterogeneous,trajectory; image,action; warning-or-alarm,weather_or_visibility,NA:no explicit distribution-shift construction,NA:no explicit distribution-shift evaluation,no,collision,qualitative-narrative,NR:actionable monitoring horizon not reported,prediction-error,deterministic_confidence,probability,unspecified,model-output-score,"Signal: a learned multimodal network predicts pedestrian trajectories, and entry of a predicted future position into a hand-set warning zone acts as the hazard trigger. Planning/action consumption: the Jetson prototype uses that trigger for a voice warning and motor control on a simulated car, so the prediction does affect action. Safety/task evaluation: the study reports displacement error, inference behavior, and qualitative functional tests, but provides no statistically calibrated risk probability or closed-loo",NR:risk or safety loss not explicitly reported,trajectory,constraint-or-cost,discrete-trigger,NR:operational threshold not reported,NR:feedback timing not reported,NA:no explicit guarantee target,none,G0,none,NA:no statistical guarantee,NA:no statistical guarantee,NA:no statistical guarantee,not-applicable,warning_only,none,continuous constraint-or-cost,NR:fallback policy not reported,NR:intervention cost not reported,NR:end-to-end online latency not reported,NR:transportation-system impact not reported,INTERACTION,ADE; FDE; accuracy/AUROC,NA:no calibration metrics,NR:safety metrics not extracted,NR:utility metrics not extracted,contextual
SNOW-122DEA75C8E3,"Safety Engineering and Communication System for Autonomous Vehicles: A Review, Challenges and Solutions",Sehajveer Singh; Abhishek Sharma,2022,International Journal for Research in Applied Science and Engineering Technology,10.22214/ijraset.2022.45457,article,yes,contextual,road-autonomous-driving,perception-interface,NA:no learned component clearly identified,highway; parking,vehicle,V2X,action,weather_or_visibility,NA:no explicit distribution-shift construction,NA:no explicit distribution-shift evaluation,no,collision,qualitative-narrative,NR:actionable monitoring horizon not reported,collision,deterministic_confidence,NR:uncertainty output not explicitly reported,unspecified,not-applicable,综述涵盖驾驶员疲劳、盲区碰撞概率、感知失效、通信约束和自动驾驶伦理风险；,NR:risk or safety loss not explicitly reported,NA:no explicit calibration target,none,none,NA:no runtime intervention,NR:feedback timing not reported,NA:no explicit guarantee target,none,G0,none,NA:no statistical guarantee,NA:no statistical guarantee,NA:no statistical guarantee,not-applicable,no_intervention,none,NA:no runtime intervention,NA:no runtime intervention,reported,NR:end-to-end online latency not reported,reported,NR:dataset or simulator not extracted,NR:predictive metrics not extracted,NA:no calibration metrics,NR:safety metrics not extracted,efficiency/travel-time,contextual
SNOW-14BFAFA28EF6,A Review of Motion Planning Algorithms for Autonomous-driving Vehicles: Advanced Technologies and Future Developments,Jiayi Zhan,2025,Applied and Computational Engineering,10.54254/2755-2721/2025.bj25582,article,yes,contextual,vehicle-pedestrian; road-autonomous-driving,perception-interface; planning; control-interface,NA:no learned component clearly identified,highway; urban; intersection,vehicle; pedestrian; cyclist; robot; heterogeneous,NR:input modality not reported in extracted evidence,NR:output object not explicit,model_misspecification,NA:no explicit distribution-shift construction,NA:no explicit distribution-shift evaluation,no,NR:safety consequence not explicitly operationalized,qualitative-narrative,NR:actionable monitoring horizon not reported,NR:risk label source not explicitly reported,probabilistic_model,NR:uncertainty output not explicitly reported,unspecified,not-applicable,信号是被综述 A*、RRT、人工势场和神经规划方法中的启发式代价、随机采样、危险区斥力及学习策略；这些既有信号可用于生成无碰撞路径和控制车辆，但本文只比较算法原理、优缺点、应用和未来趋势，没有实现自己的风险到动作接口；评价为文献层面的定性比较，没有本文系统的闭环碰撞、任务完成或计算性能实验，因此作为既有规划综述保留。,NR:risk or safety loss not explicitly reported,NA:no explicit calibration target,none,none,NA:no runtime intervention,NR:feedback timing not reported,NA:no explicit guarantee target,none,G0,none,NA:no statistical guarantee,NA:no statistical guarantee,NA:no statistical guarantee,not-applicable,no_intervention,none,NA:no runtime intervention,NA:no runtime intervention,reported,NR:end-to-end online latency not reported,NR:transportation-system impact not reported,NR:dataset or simulator not extracted,accuracy/AUROC,NA:no calibration metrics,NR:safety metrics not extracted,efficiency/travel-time; comfort,contextual
SNOW-15B5961F0294,Scene-Graph Augmented Data-Driven Risk Assessment of Autonomous Vehicle Decisions,Shih-Yuan Yu; Arnav Vaibhav Malawade; Deepan Muthirayan; Pramod P. Khargonekar; Mohammad Abdullah Al Faruque,2020,arXiv (Cornell University),10.48550/arxiv.2009.06435,preprint,no,contextual,vehicle-pedestrian; vehicle-vehicle; road-autonomous-driving,perception-interface; control-interface,NA:no learned component clearly identified,urban; unstructured,vehicle; pedestrian; robot; vessel; heterogeneous,image,action,weather_or_visibility; long_tail_scenario,NA:no explicit distribution-shift construction,NA:no explicit distribution-shift evaluation,no,collision; off-road-or-boundary,qualitative-narrative,NR:actionable monitoring horizon not reported,collision,deterministic_confidence,NR:uncertainty output not explicitly reported,unspecified,not-applicable,信号是场景图序列经 MR-GCN、LSTM 和注意力网络输出的车道变换主观风险二分类；模型只给出 safe/risky 评估与解释性注意力，没有把风险接入轨迹候选、控制权或车辆动作；合成与 Honda 实车视频数据仅评价分类准确率、AUC、跨域迁移和注意力消融，未评价闭环碰撞或任务完成，因此属于监测型风险评估。,NR:risk or safety loss not explicitly reported,NA:no explicit calibration target,monitoring-only,none,NR:operational threshold not reported,delayed observed outcome,NA:no explicit guarantee target,none,G0,none,NA:no statistical guarantee,NA:no statistical guarantee,NA:no statistical guarantee,not-applicable,monitoring_only,warning_only,continuous constraint-or-cost,NR:fallback policy not reported,NR:intervention cost not reported,NR:end-to-end online latency not reported,NR:transportation-system impact not reported,CARLA,accuracy/AUROC,NA:no calibration metrics,NR:safety metrics not extracted,NR:utility metrics not extracted,contextual
SNOW-1AF553C77551,Model-Predictive Policy Learning with Uncertainty Regularization for Driving in Dense Traffic,Mikael Henaff; Alfredo Canziani; Yann LeCun,2019,arXiv (Cornell University),10.48550/arxiv.1901.02705,preprint,no,contextual,road-autonomous-driving,planning; control-interface; policy-learning,predictor; policy; uncertainty-estimator,NR:road context not specified,vehicle,image,NR:output object not explicit,traffic_density_shift; weather_or_visibility,NA:no explicit distribution-shift construction,NA:no explicit distribution-shift evaluation,no,NR:safety consequence not explicitly operationalized,qualitative-narrative,NR:actionable monitoring horizon not reported,NR:risk label source not explicitly reported,deterministic_confidence,variance; distribution,unspecified,model-output-score,信号是通过动力学模型多次 dropout 预测方差迹得到的认知不确定性代价；该代价在离线展开学习模型时与避碰/车道代价共同优化，使策略学会制动、加速和转向，但部署执行的是前馈策略，运行时不再计算该不确定性，也不触发拒绝、切换或安全接管；NGSIM 高速公路回放环境以无碰撞且不驶出道路的成功率和行驶距离评价安全/任务后果，并做了不确定性正则消融，因此缺少运行时干预。,reported,NA:no explicit calibration target,monitoring-only,none,NR:operational threshold not reported,NR:feedback timing not reported,NA:no explicit guarantee target,none,G0,none,NA:no statistical guarantee,NA:no statistical guarantee,NA:no statistical guarantee,not-applicable,monitoring_only,warning_only,continuous constraint-or-cost,NR:fallback policy not reported,NR:intervention cost not reported,NR:end-to-end online latency not reported,NR:transportation-system impact not reported,INTERACTION; NGSIM,NR:predictive metrics not extracted,NA:no calibration metrics,NR:safety metrics not extracted,completion/success,contextual
SNOW-1E57B7758D0B,Verifying Controllers With Vision-Based Perception Using Safe Approximate Abstractions,Chiao Hsieh; Yangge Li; Dawei Sun; Keyur Joshi; Saša Misailovíc; Sayan Mitra,2022,IEEE Transactions on Computer-Aided Design of Integrated Circuits and Systems,10.1109/tcad.2022.3197508,article,yes,contextual,road-autonomous-driving,perception-interface; control-interface,NA:no learned component clearly identified,urban,vehicle; robot; vessel; heterogeneous,state; image,action,weather_or_visibility,NA:no explicit distribution-shift construction,NA:no explicit distribution-shift evaluation,no,constraint-violation,qualitative-narrative,NR:actionable monitoring horizon not reported,constraint-violation,formal_or_reachability_bound,variance,unspecified,model-output-score,从数据和安全性质构造感知模块的分段仿射集合值近似并以精度衡量其与视觉模型的接近程度；,NR:risk or safety loss not explicitly reported,NA:no explicit calibration target,constraint-or-cost,none,reported,delayed observed outcome,NA:no explicit guarantee target,none,G0,none,NA:no statistical guarantee,NA:no statistical guarantee,NA:no statistical guarantee,not-applicable,trajectory_modification,none,fixed-or-conditioned-threshold; see intervention evidence,NR:fallback policy not reported,reported,NR:end-to-end online latency not reported,NR:transportation-system impact not reported,INTERACTION,accuracy/AUROC,NA:no calibration metrics,NR:safety metrics not extracted,reward/return,contextual
SNOW-1EF8AFD894A5,Pedestrian Behavior Prediction Using Deep Learning Methods for Urban Scenarios: A Review,Chi Zhang; Christian Berger,2023,IEEE Transactions on Intelligent Transportation Systems,10.1109/tits.2023.3281393,article,yes,contextual,vehicle-pedestrian; traffic-system; road-autonomous-driving,perception-interface; behavior-prediction; motion-forecasting; planning,predictor,urban; intersection,vehicle; pedestrian; robot; heterogeneous,trajectory; image; LiDAR,NR:output object not explicit,weather_or_visibility,NA:no explicit distribution-shift construction,NA:no explicit distribution-shift evaluation,no,collision,qualitative-narrative,NR:actionable monitoring horizon not reported,collision,generative_or_diffusion,NR:uncertainty output not explicitly reported,unspecified,not-applicable,综述汇总深度模型的行人轨迹分布与过街意图预测而未产生自己的运行时风险信号；,NR:risk or safety loss not explicitly reported,trajectory,none,none,NA:no runtime intervention,NR:feedback timing not reported,NA:no explicit guarantee target,none,G0,none,NA:no statistical guarantee,NA:no statistical guarantee,NA:no statistical guarantee,not-applicable,no_intervention,none,NA:no runtime intervention,NA:no runtime intervention,reported,NR:end-to-end online latency not reported,reported,Waymo; KITTI; INTERACTION,ADE; FDE; accuracy/AUROC,NA:no calibration metrics,collision; TTC/min-distance,comfort,contextual
SNOW-20B231EEF992,Pedestrians and Cyclists’ Intention Estimation for the Purpose of Autonomous Driving,Siméon Capy; Gentiane Venture; Pongsathorn Raksincharoensak,2023,International Journal of Automotive Engineering,10.20485/jsaeijae.14.1_10,article,yes,contextual,vehicle-pedestrian; vehicle-vehicle; traffic-system; road-autonomous-driving,perception-interface; behavior-prediction; motion-forecasting; planning; control-interface,NA:no learned component clearly identified,urban; intersection; parking,vehicle; pedestrian; cyclist; heterogeneous,image,NR:output object not explicit,weather_or_visibility,NA:no explicit distribution-shift construction,NA:no explicit distribution-shift evaluation,no,collision,qualitative-narrative,NR:actionable monitoring horizon not reported,NR:risk label source not explicitly reported,deterministic_confidence,NR:uncertainty output not explicitly reported,unspecified,not-applicable,"Signal: the systematic review catalogs learned pedestrian and cyclist crossing probabilities, intentions, and future trajectories. Planning/action consumption: these predictions are motivated as inputs to risk-predictive motion planning, speed control, and emergency braking, but the review does not itself integrate or execute such a planner. Evaluation: it synthesizes sensors, algorithms, datasets, and open challenges from 20 prior studies and reports no new closed-loop safety or task experiment.",NR:risk or safety loss not explicitly reported,NA:no explicit calibration target,none,discrete-trigger,reported,NR:feedback timing not reported,NA:no explicit guarantee target,none,G0,none,NA:no statistical guarantee,NA:no statistical guarantee,NA:no statistical guarantee,not-applicable,no_intervention,none,NA:no runtime intervention,NA:no runtime intervention,reported,NR:end-to-end online latency not reported,reported,nuScenes; Waymo; INTERACTION; Lyft,accuracy/AUROC,NA:no calibration metrics,NR:safety metrics not extracted,efficiency/travel-time,contextual
SNOW-2778EE93270D,Transformer-based human-motion forecasting coupled with safe reinforcement learning for telepresence robot co-navigation,Heba G. Mohamed; Muhammad Nasir Khan; Fawad Naseer; Muhammad Tahir; Mohsin Jamil,2026,Frontiers in Neurorobotics,10.3389/fnbot.2025.1697518,article,yes,contextual,vehicle-pedestrian; mobile-robot-or-general-robotics,perception-interface; motion-forecasting; planning; control-interface; policy-learning,policy,NR:road context not specified,vehicle; pedestrian; robot; heterogeneous,LiDAR; V2X,NR:output object not explicit,weather_or_visibility; sensor_or_perception_error,online temporal change,natural; synthetic,no,collision; unsafe-control,empirical-validated,reported,NR:risk label source not explicitly reported,formal_or_reachability_bound,variance,unspecified,model-output-score,信号是 transformer 预测的多行人轨迹分布、占用/净空风险特征及预测不确定性；这些信号进入 Safe-RL 状态与 CVaR 式成本，运行时 CBF-QP 还会把不安全名义动作投影为最近安全动作；两类医院布局的 2400 个仿真回合评价成功率、碰撞、最小净空、near miss、到达时间与 CBF 违约并做去预测/去 shield 消融，但没有道路自动驾驶验证。,NR:risk or safety loss not explicitly reported,NA:no explicit calibration target,constraint-or-cost,none,reported,NR:feedback timing not reported,NA:no explicit guarantee target,none,G0,conditional-invariance,NA:no statistical guarantee,NA:no statistical guarantee,NA:no statistical guarantee,not-applicable,cbf_filter,none,fixed-or-conditioned-threshold; see intervention evidence,NR:fallback policy not reported,reported,reported at PDF p. 10: latency. 4.2.5 Design choices and technical rationale 4.3.1 S,NR:transportation-system impact not reported,INTERACTION,NR:predictive metrics not extracted,NA:no calibration metrics,collision; TTC/min-distance; constraint-violation,completion/success; efficiency/travel-time; comfort; reward/return,contextual
SNOW-28F9F805A78A,Coverage based testing for V&amp;V and Safety Assurance of Self-driving Autonomous Vehicles: A Systematic Literature Review,Zaid Tahir; Rob Alexander,2020,arXiv (Cornell University),10.1109/aitest49225.2020.00011,review,yes,contextual,road-autonomous-driving,control-interface; policy-learning,policy,highway,vehicle; robot; heterogeneous,NR:input modality not reported in extracted evidence,NR:output object not explicit,weather_or_visibility,NA:no explicit distribution-shift construction,NA:no explicit distribution-shift evaluation,no,collision,qualitative-narrative,NR:actionable monitoring horizon not reported,collision,deterministic_confidence,NR:uncertainty output not explicitly reported,unspecified,not-applicable,信号是被综述 V&V 方法中的场景、情境和需求覆盖率及测试覆盖最大化指标；这些指标用于选择或生成自动驾驶测试输入而非在车辆运行时被规划器消费，也不直接改变驾驶动作；本文系统综述 26 篇研究并评价覆盖类型、最大化技术、仿真/硬件设置和文献质量，没有自身闭环规划系统的碰撞降低或任务完成实验，因此作为既有综述保留。,NR:risk or safety loss not explicitly reported,NA:no explicit calibration target,none,none,NA:no runtime intervention,NR:feedback timing not reported,set-coverage,none,G0,none,NA:no statistical guarantee,NA:no statistical guarantee,NA:no statistical guarantee,not-applicable,no_intervention,none,NA:no runtime intervention,NA:no runtime intervention,NA:no runtime intervention,NR:end-to-end online latency not reported,reported,Waymo,NR:predictive metrics not extracted,NA:no calibration metrics,NR:safety metrics not extracted,reward/return,contextual
SNOW-2A6C1F68AB45,A Survey of End-to-End Driving: Architectures and Training Methods,Ardi Tampuu; Tambet Matiisen; Maksym Semikin; Dmytro Fishman; Naveed Muhammad,2020,arXiv (Cornell University),10.1109/tnnls.2020.3043505,article,yes,contextual,mobile-robot-or-general-robotics; road-autonomous-driving,perception-interface; control-interface; policy-learning,policy,highway; urban,vehicle; robot; heterogeneous,image; radar,action,weather_or_visibility; long_tail_scenario; malicious_or_untrusted_information,adversarial construction,natural; adversarial,no,collision,qualitative-narrative,NR:actionable monitoring horizon not reported,NR:risk label source not explicitly reported,deterministic_confidence,NR:uncertainty output not explicitly reported,unspecified,not-applicable,综述端到端驾驶的失效检测、模型不确定性、分布偏移和安全模块；,reported,NA:no explicit calibration target,none,none,reported,delayed observed outcome,NA:no explicit guarantee target,none,G0,none,NA:no statistical guarantee,NA:no statistical guarantee,NA:no statistical guarantee,not-applicable,no_intervention,none,NA:no runtime intervention,NA:no runtime intervention,reported,NR:end-to-end online latency not reported,NR:transportation-system impact not reported,CARLA,accuracy/AUROC,NA:no calibration metrics,collision; constraint-violation,completion/success; comfort,contextual
SNOW-2DC964CD1DAA,A review of decision-making frameworks for autonomous vehicles,Zewen Guo,2024,Applied and Computational Engineering,10.54254/2755-2721/79/20241588,article,yes,contextual,road-autonomous-driving,perception-interface; planning; control-interface,NA:no learned component clearly identified,highway; urban,vehicle; robot; heterogeneous,NR:input modality not reported in extracted evidence,NR:output object not explicit,weather_or_visibility,NA:no explicit distribution-shift construction,NA:no explicit distribution-shift evaluation,no,collision,qualitative-narrative,NR:actionable monitoring horizon not reported,NR:risk label source not explicitly reported,deterministic_confidence,NR:uncertainty output not explicitly reported,unspecified,not-applicable,综述讨论交互不确定性、碰撞状态和学习式决策的安全局限；,NR:risk or safety loss not explicitly reported,NA:no explicit calibration target,none,none,NA:no runtime intervention,delayed observed outcome,NA:no explicit guarantee target,none,G0,none,NA:no statistical guarantee,NA:no statistical guarantee,NA:no statistical guarantee,not-applicable,no_intervention,none,NA:no runtime intervention,NA:no runtime intervention,reported,NR:end-to-end online latency not reported,reported,INTERACTION,NR:predictive metrics not extracted,NA:no calibration metrics,NR:safety metrics not extracted,efficiency/travel-time; comfort,contextual
SNOW-2DC99FDA76CE,Toward Human-Centered Design of Automated Vehicles: A Naturalistic Brake Policy,Yalda Rahmati; Arezoo Samimi Abianeh; Mahmood Tabesh; Alireza Talebpour,2021,Frontiers in Future Transportation,10.3389/ffutr.2021.683223,article,yes,contextual,traffic-system; road-autonomous-driving,policy-learning,policy,highway; urban; intersection,vehicle,V2X,action,weather_or_visibility,NA:no explicit distribution-shift construction,NA:no explicit distribution-shift evaluation,no,collision,not-applicable,NR:actionable monitoring horizon not reported,collision,mixture_model,distribution; bound-or-constraint,unspecified,model-output-score,真实驾驶数据估计的人类制动转移概率和安全距离奖励用于构造MDP策略，但没有独立的运行时风险或失败概率信号；,reported,NA:no explicit calibration target,none,none,NA:no runtime intervention,NR:feedback timing not reported,NA:no explicit guarantee target,none,G0,none,NA:no statistical guarantee,NA:no statistical guarantee,NA:no statistical guarantee,not-applicable,no_intervention,none,NA:no runtime intervention,NA:no runtime intervention,reported,NR:end-to-end online latency not reported,NR:transportation-system impact not reported,Waymo; INTERACTION; NGSIM,accuracy/AUROC,NA:no calibration metrics,NR:safety metrics not extracted,comfort; reward/return,contextual
SNOW-30E53555E6C3,Autonomous Vehicle Speed Control for Safe Navigation of Occluded Pedestrian Crosswalk,Sarah M. Thornton,2018,arXiv (Cornell University),10.48550/arxiv.1802.06314,preprint,no,contextual,vehicle-pedestrian; road-autonomous-driving,perception-interface; planning; control-interface; policy-learning,NA:no learned component clearly identified,NR:road context not specified,vehicle; pedestrian; cyclist; robot; heterogeneous,state; image; LiDAR; radar,action,weather_or_visibility; sensor_or_perception_error,NA:no explicit distribution-shift construction,NA:no explicit distribution-shift evaluation,no,collision,qualitative-narrative,reported,reward-or-cost,deterministic_confidence,NR:uncertainty output not explicitly reported,unspecified,oracle-injected,信号是由不可观测占据栅格数量和行人检测更新的行人横穿信念状态；离线 QMDP 策略按该信念选择 0%-100% 速度缩放动作并交给 MPC 转向控制器，运行时改变纵向速度、减速或停车；遮挡/暴露行人仿真比较 oracle、手工 baseline 与 POMDP 的轨迹和速度，观察到 baseline 险些撞行人、POMDP 过度保守或停车，但观测概率与奖励均为手工设定且无学习型风险组件。,reported,NA:no explicit calibration target,constraint-or-cost,none,NR:operational threshold not reported,NR:feedback timing not reported,NA:no explicit guarantee target,none,G0,none,NA:no statistical guarantee,NA:no statistical guarantee,NA:no statistical guarantee,not-applicable,mpc_filter,none,continuous constraint-or-cost,NR:fallback policy not reported,reported,NR:end-to-end online latency not reported,NR:transportation-system impact not reported,NR:dataset or simulator not extracted,NR:predictive metrics not extracted,NA:no calibration metrics,NR:safety metrics not extracted,reward/return,contextual
SNOW-328550739727,A Review of Research on Traffic Conflicts Based on Intelligent Vehicles,Lin Hu; Jian Ou; Jing Huang; Yimin Chen; Dongpu Cao,2020,IEEE Access,10.1109/access.2020.2970164,article,yes,contextual,vehicle-pedestrian; vehicle-vehicle; traffic-system; unmanned-surface-vessel; road-autonomous-driving,perception-interface,NA:no learned component clearly identified,urban; intersection,vehicle; pedestrian; cyclist; vessel; heterogeneous,image; LiDAR; radar; V2X,risk-score; action,model_misspecification,NA:no explicit distribution-shift construction,NA:no explicit distribution-shift evaluation,no,collision,qualitative-narrative,NR:actionable monitoring horizon not reported,TTC,deterministic_confidence,probability,unspecified,model-output-score,信号是被综述研究中的 TTC/距离、碰撞概率、轨迹冲突、雷达视觉检测及 V2X 共享状态；既有系统可据此预警、调整速度、制动或协同规划，但本文只总结感知、通信与融合技术及未来主动安全方向，不实现自己的在线动作机制；证据是对既有交通冲突检测和控制工作的定性比较，没有本文系统的闭环碰撞或任务实验，因此作为相关综述保留。,NR:risk or safety loss not explicitly reported,collision,none,none,reported,NR:feedback timing not reported,NA:no explicit guarantee target,none,G0,none,NA:no statistical guarantee,NA:no statistical guarantee,NA:no statistical guarantee,not-applicable,no_intervention,none,NA:no runtime intervention,NA:no runtime intervention,reported,NR:end-to-end online latency not reported,reported,INTERACTION,accuracy/AUROC,NA:no calibration metrics,TTC/min-distance,efficiency/travel-time; comfort; reward/return,contextual
SNOW-394F124828C7,Method of Improving Machine Learning Model for Speed Decision on Community Roads by Extracting Potentially Dangerous Spots,Yuki Sadanaka; Keita Hori; Takuma Ito,2026,International Journal of Automotive Engineering,10.20485/jsaeijae.17.1_28,article,yes,contextual,vehicle-pedestrian; vehicle-vehicle; traffic-system; road-autonomous-driving,perception-interface; planning; control-interface; policy-learning,policy,urban; intersection,vehicle; pedestrian; cyclist; heterogeneous,image,action,weather_or_visibility; sensor_or_perception_error,NA:no explicit distribution-shift construction,NA:no explicit distribution-shift evaluation,no,collision,not-applicable,NR:actionable monitoring horizon not reported,collision; reward-or-cost,deterministic_confidence,NR:uncertainty output not explicitly reported,unspecified,not-applicable,由谨慎驾驶员实际速度与模型推荐速度的偏差离线提取潜在危险点；,reported,collision,none,none,reported,delayed observed outcome,NA:no explicit guarantee target,none,G0,none,NA:no statistical guarantee,NA:no statistical guarantee,NA:no statistical guarantee,not-applicable,no_intervention,none,NA:no runtime intervention,NA:no runtime intervention,reported,NR:end-to-end online latency not reported,NR:transportation-system impact not reported,NR:dataset or simulator not extracted,NR:predictive metrics not extracted,NA:no calibration metrics,intervention/failure,reward/return,contextual
SNOW-3BB420ECE91E,"Neuroergonomic evaluation of risk-warning eHMI penetration rates in vehicle platoons: effects on pedestrians’ mental workload, situation awareness, and gap acceptance",Fang Yang; Xu Sun; Jing Ma; Siyuan Zhou; Bingjian Liu; Puhong Li; Wei Lyu; Shijiang Wen,2026,Scientific Reports,10.1038/s41598-026-42814-3,article,yes,contextual,vehicle-pedestrian; road-autonomous-driving,risk-monitoring,NA:no learned component clearly identified,NR:road context not specified,vehicle; pedestrian; heterogeneous,image,warning-or-alarm,model_misspecification,NA:no explicit distribution-shift construction,NA:no explicit distribution-shift evaluation,no,NR:safety consequence not explicitly operationalized,qualitative-narrative,NR:actionable monitoring horizon not reported,NR:risk label source not explicitly reported,deterministic_confidence,NR:uncertainty output not explicitly reported,unspecified,not-applicable,eHMI依据预设TTA阈值显示高、中、低过街风险；,NR:risk or safety loss not explicitly reported,NA:no explicit calibration target,monitoring-only,none,reported,NR:feedback timing not reported,NA:no explicit guarantee target,none,G0,none,NA:no statistical guarantee,NA:no statistical guarantee,NA:no statistical guarantee,not-applicable,monitoring_only,warning_only,fixed-or-conditioned-threshold; see intervention evidence,emergency braking/stop,reported,reported at PDF p. 8: real-time risk level based on the TTA of oncoming vehicles into high risk (TTA < 3.7 s,NR:transportation-system impact not reported,INTERACTION,accuracy/AUROC,NA:no calibration metrics,NR:safety metrics not extracted,efficiency/travel-time; comfort,contextual
SNOW-4393A54C62B6,Practical Solutions for Machine Learning Safety in Autonomous Vehicles,Sina Mohseni; Mandar Pitale; Vasu Singh; Zhangyang Wang,2019,arXiv (Cornell University),10.48550/arxiv.1912.09630,preprint,no,contextual,road-autonomous-driving,perception-interface; risk-monitoring; planning; control-interface,NA:no learned component clearly identified,NR:road context not specified,vehicle; robot; heterogeneous,image; LiDAR,action; safety-constraint,weather_or_visibility; malicious_or_untrusted_information,synthetic perturbation; adversarial construction,natural; synthetic; adversarial,no,collision,qualitative-narrative,NR:actionable monitoring horizon not reported,collision; prediction-error,failure_prediction; probabilistic_model,NR:uncertainty output not explicitly reported,unspecified,not-applicable,综述汇总校准、预测不确定性、失效检测、OOD检测和运行时监控等机器学习安全信号；,NR:risk or safety loss not explicitly reported,NA:no explicit calibration target,none,none,NA:no runtime intervention,NR:feedback timing not reported,NA:no explicit guarantee target,none,G0,none,NA:no statistical guarantee,NA:no statistical guarantee,NA:no statistical guarantee,not-applicable,no_intervention,none,NA:no runtime intervention,NA:no runtime intervention,NA:no runtime intervention,NR:end-to-end online latency not reported,NR:transportation-system impact not reported,INTERACTION; Shifts,accuracy/AUROC,NA:no calibration metrics,NR:safety metrics not extracted,NR:utility metrics not extracted,contextual
SNOW-44F9A5E29F57,Probabilistic Safety Guarantees for Markov Decision Processes,Rafał Wiśniewski; Manuela L. Bujorianu,2023,IEEE Transactions on Automatic Control,10.1109/tac.2023.3291952,article,yes,contextual,road-autonomous-driving,control-interface; policy-learning,policy,NR:road context not specified,vehicle; robot; heterogeneous,NR:input modality not reported in extracted evidence,action; safety-constraint,weather_or_visibility,NA:no explicit distribution-shift construction,NA:no explicit distribution-shift evaluation,no,constraint-violation; unsafe-control,qualitative-narrative,NR:actionable monitoring horizon not reported,constraint-violation; reward-or-cost,formal_or_reachability_bound; probabilistic_model,distribution,unspecified,model-output-score,以到达禁忌状态前命中不安全集合的概率定义形式化p安全函数；,NR:risk or safety loss not explicitly reported,NA:no explicit calibration target,constraint-or-cost,none,NR:operational threshold not reported,NR:feedback timing not reported,NA:no explicit guarantee target,none,G0,none,NA:no statistical guarantee,NA:no statistical guarantee,NA:no statistical guarantee,not-applicable,trajectory_modification,none,continuous constraint-or-cost,backup safety controller,NR:intervention cost not reported,NR:end-to-end online latency not reported,NR:transportation-system impact not reported,NR:dataset or simulator not extracted,accuracy/AUROC,NA:no calibration metrics,NR:safety metrics not extracted,reward/return,contextual
SNOW-4AC3A6AE885D,"A systematic review of factors, data sources, and prediction techniques for earlier prediction of traffic collision using AI and machine Learning",Nandkumar Niture; Iheb Abdellatif,2024,Multimedia Tools and Applications,10.1007/s11042-024-19599-6,review,yes,contextual,general-autonomous-system,risk-monitoring,predictor,highway; urban,vehicle; vessel; heterogeneous,NR:input modality not reported in extracted evidence,NR:output object not explicit,model_misspecification,NA:no explicit distribution-shift construction,NA:no explicit distribution-shift evaluation,no,collision,qualitative-narrative,NR:actionable monitoring horizon not reported,collision,deterministic_confidence,NR:uncertainty output not explicitly reported,unspecified,not-applicable,系统综述汇总道路碰撞因素、数据源以及 ML/DL 碰撞概率和严重度预测方法；,NR:risk or safety loss not explicitly reported,NA:no explicit calibration target,none,none,reported,NR:feedback timing not reported,NA:no explicit guarantee target,none,G0,none,NA:no statistical guarantee,NA:no statistical guarantee,NA:no statistical guarantee,not-applicable,no_intervention,none,NA:no runtime intervention,NA:no runtime intervention,NA:no runtime intervention,NR:end-to-end online latency not reported,NR:transportation-system impact not reported,INTERACTION,accuracy/AUROC,NA:no calibration metrics,collision,NR:utility metrics not extracted,contextual
SNOW-4B0D84B66259,A Combined Reinforcement Learning and Model Predictive Control for Car-Following Maneuver of Autonomous Vehicles,Liwen Wang; Shuo Yang; Kang Yuan; Yanjun Huang; Chen Hong,2023,Chinese Journal of Mechanical Engineering,10.1186/s10033-023-00904-7,article,yes,contextual,vehicle-vehicle; road-autonomous-driving,planning; control-interface; policy-learning,policy,NR:road context not specified,vehicle,image,action,weather_or_visibility,NA:no explicit distribution-shift construction,NA:no explicit distribution-shift evaluation,no,collision,not-applicable,reported,reward-or-cost,deterministic_confidence,NR:uncertainty output not explicitly reported,unspecified,not-applicable,规则式风险阈值模型以相对距离和速度划分危机、高风险、低风险和安全场景，但只用于塑造训练奖励，运行时 SAC 策略没有输出显式风险或不确定性；,reported,NA:no explicit calibration target,none,none,reported,NR:feedback timing not reported,NA:no explicit guarantee target,none,G0,none,NA:no statistical guarantee,NA:no statistical guarantee,NA:no statistical guarantee,not-applicable,no_intervention,none,NA:no runtime intervention,NA:no runtime intervention,reported,NR:end-to-end online latency not reported,NR:transportation-system impact not reported,CARLA,accuracy/AUROC,NA:no calibration metrics,NR:safety metrics not extracted,efficiency/travel-time; comfort; reward/return,contextual
SNOW-50CB856E3C15,"Decision-Making Technology for Autonomous Vehicles Learning-Based Methods, Applications and Future Outlook",Qi Liu; Xueyuan Li; Shihua Yuan; Zirui Li,2021,arXiv (Cornell University),10.48550/arxiv.2107.01110,preprint,no,contextual,vehicle-pedestrian; vehicle-vehicle; traffic-system; road-autonomous-driving,perception-interface; motion-forecasting; planning; control-interface; policy-learning,predictor; policy,urban; intersection; parking,vehicle; pedestrian; heterogeneous,map; image; LiDAR; radar,action,weather_or_visibility,NA:no explicit distribution-shift construction,NA:no explicit distribution-shift evaluation,no,collision,qualitative-narrative,NR:actionable monitoring horizon not reported,reward-or-cost,probabilistic_model,NR:uncertainty output not explicitly reported,unspecified,not-applicable,"Signal: the review covers probabilistic beliefs, Bayesian uncertainty, online risk assessment, risk-sensitive value estimates, and learned environmental representations. Planning/action consumption: surveyed decision systems convert those signals into high-level behaviors, trajectories, acceleration, steering, or braking commands. Evaluation: tables summarize simulation, real-vehicle, accuracy, collision-free, and autonomy results from prior studies, while the review contributes no new integrated experiment.",reported,NA:no explicit calibration target,none,none,NA:no runtime intervention,NR:feedback timing not reported,NA:no explicit guarantee target,none,G0,none,NA:no statistical guarantee,NA:no statistical guarantee,NA:no statistical guarantee,not-applicable,no_intervention,none,NA:no runtime intervention,NA:no runtime intervention,reported,reported at PDF p. 4: real-time performance with 0.08s,reported,CARLA; INTERACTION,accuracy/AUROC,NA:no calibration metrics,constraint-violation,completion/success; efficiency/travel-time; comfort; reward/return,contextual
SNOW-50CCE479F2D1,A survey on driving behavior analysis in usage based insurance using big data,Subramanian Arumugam; R. Bhargavi,2019,Journal Of Big Data,10.1186/s40537-019-0249-5,article,yes,contextual,vehicle-pedestrian; road-autonomous-driving,risk-monitoring,NA:no learned component clearly identified,NR:road context not specified,vehicle; pedestrian; cyclist; heterogeneous,NR:input modality not reported in extracted evidence,action,weather_or_visibility,NA:no explicit distribution-shift construction,NA:no explicit distribution-shift evaluation,no,collision,qualitative-narrative,NR:actionable monitoring horizon not reported,collision,deterministic_confidence,NR:uncertainty output not explicitly reported,unspecified,not-applicable,综述利用 GPS、OBD 和驾驶行为数据评估激进驾驶、路怒、疲劳等保险风险并设想实时分类；,NR:risk or safety loss not explicitly reported,NA:no explicit calibration target,none,none,NA:no runtime intervention,NR:feedback timing not reported,NA:no explicit guarantee target,none,G0,none,NA:no statistical guarantee,NA:no statistical guarantee,NA:no statistical guarantee,not-applicable,no_intervention,none,NA:no runtime intervention,NA:no runtime intervention,NA:no runtime intervention,NR:end-to-end online latency not reported,NR:transportation-system impact not reported,NR:dataset or simulator not extracted,NR:predictive metrics not extracted,NA:no calibration metrics,NR:safety metrics not extracted,NR:utility metrics not extracted,contextual
SNOW-520DB79DA5C9,Network-Level Safety Metrics for Overall Traffic Safety Assessment: A Case Study,Xiwen Chen; Hao Wang; Abolfazl Razi; Brendan J. Russo; Jason Pacheco; J. J. Roberts; Jeffrey Wishart; Larry Head; Alonso Granados Baca,2022,IEEE Access,10.1109/access.2022.3223046,article,yes,contextual,traffic-system; road-autonomous-driving,perception-interface; motion-forecasting; planning; control-interface,NA:no learned component clearly identified,highway; intersection,vehicle,image,warning-or-alarm,weather_or_visibility,NA:no explicit distribution-shift construction,NA:no explicit distribution-shift evaluation,no,collision; constraint-violation,empirical-validated,NR:actionable monitoring horizon not reported,collision; TTC; constraint-violation,generative_or_diffusion,NR:uncertainty output not explicitly reported,unspecified,not-applicable,"Signal: learned roadside-video tracking supplies network-level TTC, speed-variation, traffic-composition, and crash-risk metrics. Planning/action consumption: the metrics support online monitoring, warnings, and possible traffic-management decisions, but are not consumed by an autonomous-vehicle planner or controller to change its candidates or actions. Safety/task evaluation: statistical associations with five-year crash counts and SUMO collision outcomes are evaluated on road data.",NR:risk or safety loss not explicitly reported,trajectory,monitoring-only,none,reported,delayed observed outcome,NA:no explicit guarantee target,none,G0,none,NA:no statistical guarantee,NA:no statistical guarantee,NA:no statistical guarantee,not-applicable,monitoring_only,warning_only,fixed-or-conditioned-threshold; see intervention evidence,NR:fallback policy not reported,reported,reported at PDF p. 8: real-time tracking (∼40 FPS,reported,Waymo; SUMO; INTERACTION; HighD,accuracy/AUROC,NA:no calibration metrics,collision; TTC/min-distance; constraint-violation,efficiency/travel-time,contextual
SNOW-559B3C87FEF2,"Safe, efficient, and comfortable velocity control based on reinforcement learning for autonomous driving",Meixin Zhu; Yinhai Wang; Ziyuan Pu; Jingyun Hu; Xuesong Wang; Ruimin Ke,2020,arXiv (Cornell University),10.1016/j.trc.2020.102662,article,yes,contextual,road-autonomous-driving,control-interface; policy-learning,policy,highway,vehicle; vessel; heterogeneous,NR:input modality not reported in extracted evidence,action,weather_or_visibility,NA:no explicit distribution-shift construction,NA:no explicit distribution-shift evaluation,no,collision,not-applicable,NR:actionable monitoring horizon not reported,collision; TTC; reward-or-cost,deterministic_confidence,variance,unspecified,model-output-score,TTC安全特征只与跟车间距和舒适性特征共同构成训练奖励，推理时演员网络输入仅为车速、间距和相对速度；,reported,NA:no explicit calibration target,none,none,reported,NR:feedback timing not reported,NA:no explicit guarantee target,none,G0,none,NA:no statistical guarantee,NA:no statistical guarantee,NA:no statistical guarantee,not-applicable,no_intervention,none,NA:no runtime intervention,NA:no runtime intervention,reported,NR:end-to-end online latency not reported,reported,INTERACTION; NGSIM,NR:predictive metrics not extracted,NA:no calibration metrics,TTC/min-distance,efficiency/travel-time; comfort; reward/return,contextual
SNOW-592F636249A4,Uncertainty-Aware Model-Based Reinforcement Learning: Methodology and Application in Autonomous Driving,Jingda Wu; Zhiyu Huang; Chen Lv,2022,DR-NTU (Nanyang Technological University),10.1109/tiv.2022.3185159,article,yes,contextual,vehicle-vehicle; traffic-system; road-autonomous-driving,perception-interface; control-interface; policy-learning,policy; uncertainty-estimator,NR:road context not specified,vehicle; vessel; heterogeneous,image,NR:output object not explicit,weather_or_visibility; epistemic_uncertainty; aleatoric_uncertainty,NA:no explicit distribution-shift construction,NA:no explicit distribution-shift evaluation,no,NR:safety consequence not explicitly operationalized,qualitative-narrative,reported,reward-or-cost,deep_ensemble,variance,aleatoric; epistemic,ensemble-derived,动作条件集成环境模型的输出方差用于表征认知不确定性；,reported,NA:no explicit calibration target,monitoring-only,none,reported,delayed observed outcome,NA:no explicit guarantee target,none,G0,none,NA:no statistical guarantee,NA:no statistical guarantee,NA:no statistical guarantee,not-applicable,monitoring_only,warning_only,fixed-or-conditioned-threshold; see intervention evidence,NR:fallback policy not reported,reported,NR:end-to-end online latency not reported,reported,Waymo; CARLA; INTERACTION,accuracy/AUROC,NA:no calibration metrics,NR:safety metrics not extracted,efficiency/travel-time; comfort; reward/return,contextual
SNOW-60F4A2869111,Advances in verification of ReLU neural networks,Ansgar Rössig; Milena Petković,2020,Journal of Global Optimization,10.1007/s10898-020-00949-1,article,yes,contextual,road-autonomous-driving,risk-monitoring,NA:no learned component clearly identified,intersection,vehicle,NR:input modality not reported in extracted evidence,NR:output object not explicit,weather_or_visibility,NA:no explicit distribution-shift construction,NA:no explicit distribution-shift evaluation,no,NR:safety consequence not explicitly operationalized,qualitative-narrative,NR:actionable monitoring horizon not reported,NR:risk label source not explicitly reported,deterministic_confidence,NR:uncertainty output not explicitly reported,unspecified,not-applicable,离线检查ReLU网络在输入集合上是否违反线性输出性质并搜索反例；,NR:risk or safety loss not explicitly reported,NA:no explicit calibration target,constraint-or-cost,none,reported,NR:feedback timing not reported,NA:no explicit guarantee target,none,G0,none,NA:no statistical guarantee,NA:no statistical guarantee,NA:no statistical guarantee,not-applicable,trajectory_modification,none,fixed-or-conditioned-threshold; see intervention evidence,NR:fallback policy not reported,NR:intervention cost not reported,"reported at PDF p. 16: runtime on our evaluation set of SAT instances, as mentioned in Sect. 8, drops from 330.1 to 71.7 s",NR:transportation-system impact not reported,NR:dataset or simulator not extracted,accuracy/AUROC,NA:no calibration metrics,NR:safety metrics not extracted,reward/return,contextual
SNOW-6106C339D703,Mean-Variance Policy Iteration for Risk-Averse Reinforcement Learning,Shangtong Zhang; Bo Liu; Shimon Whiteson,2020,arXiv (Cornell University),10.48550/arxiv.2004.10888,preprint,no,contextual,mobile-robot-or-general-robotics; road-autonomous-driving,control-interface; policy-learning,policy,NR:road context not specified,vehicle; robot; heterogeneous,image,NR:output object not explicit,weather_or_visibility; temporal_drift,NA:no explicit distribution-shift construction,NA:no explicit distribution-shift evaluation,no,NR:safety consequence not explicitly operationalized,qualitative-narrative,NR:actionable monitoring horizon not reported,reward-or-cost,deterministic_confidence,variance,unspecified,model-output-score,以回报均值减去方差惩罚构造风险厌恶指标；,reported,NA:no explicit calibration target,constraint-or-cost,none,NR:operational threshold not reported,NR:feedback timing not reported,NA:no explicit guarantee target,none,G0,none,NA:no statistical guarantee,NA:no statistical guarantee,NA:no statistical guarantee,not-applicable,trajectory_modification,none,continuous constraint-or-cost,NR:fallback policy not reported,reported,NR:end-to-end online latency not reported,NR:transportation-system impact not reported,MuJoCo,accuracy/AUROC,NA:no calibration metrics,NR:safety metrics not extracted,efficiency/travel-time; reward/return,contextual
SNOW-67C908C9D061,Decision-making at Unsignalized Intersection for Autonomous Vehicles: Left-turn Maneuver with Deep Reinforcement Learning,"Wang, Feng; Shi, Dongjie; Teng Liu; Xiaolin Tang",2020,arXiv (Cornell University),10.48550/arxiv.2008.06595,preprint,no,contextual,vehicle-pedestrian; vehicle-vehicle; traffic-system; road-autonomous-driving,control-interface; policy-learning,policy,urban; intersection,vehicle; pedestrian; heterogeneous,NR:input modality not reported in extracted evidence,action; warning-or-alarm,weather_or_visibility,NA:no explicit distribution-shift construction,NA:no explicit distribution-shift evaluation,no,collision,not-applicable,NR:actionable monitoring horizon not reported,collision; reward-or-cost,deterministic_confidence,NR:uncertainty output not explicitly reported,unspecified,not-applicable,"Signal: the DDQL policy observes raw vehicle positions, velocities, and headings; collision appears in the offline training reward and as an outcome, but no explicit runtime risk, uncertainty, or failure estimate is produced. Planning/action consumption: the learned policy directly selects longitudinal acceleration while a fixed lateral controller tracks the turn. Evaluation: simulated left-turn tests report collision rate, success, speed, distance, reward, and control actions, including DQL versus DDQL comparison.",reported,NA:no explicit calibration target,none,cost-or-objective; information-gathering,NA:no runtime intervention,NR:feedback timing not reported,NA:no explicit guarantee target,none,G0,none,NA:no statistical guarantee,NA:no statistical guarantee,NA:no statistical guarantee,not-applicable,no_intervention,none,NA:no runtime intervention,NA:no runtime intervention,reported,NR:end-to-end online latency not reported,reported,NR:dataset or simulator not extracted,accuracy/AUROC,NA:no calibration metrics,collision,completion/success; efficiency/travel-time,contextual
SNOW-6A61640E09CF,Machine learning applications in automotive engineering: Enhancing vehicle safety and performance,Surajit Mondal; Shankha Shubhra Goswami,2024,Journal of Process Management New Technologies,10.5937/jpmnt12-50607,article,yes,contextual,vehicle-pedestrian; road-autonomous-driving,perception-interface; control-interface; policy-learning,policy; uncertainty-estimator,parking,vehicle; pedestrian; vessel; heterogeneous,image; LiDAR; radar; V2X,NR:output object not explicit,weather_or_visibility,NA:no explicit distribution-shift construction,NA:no explicit distribution-shift evaluation,no,collision,qualitative-narrative,NR:actionable monitoring horizon not reported,NR:risk label source not explicitly reported,deterministic_confidence,NR:uncertainty output not explicitly reported,unspecified,not-applicable,概述机器学习危险检测、碰撞预测、驾驶员监测和部件故障预测等安全信号；,NR:risk or safety loss not explicitly reported,NA:no explicit calibration target,none,none,NA:no runtime intervention,NR:feedback timing not reported,NA:no explicit guarantee target,none,G0,none,NA:no statistical guarantee,NA:no statistical guarantee,NA:no statistical guarantee,not-applicable,no_intervention,none,NA:no runtime intervention,NA:no runtime intervention,reported,NR:end-to-end online latency not reported,NR:transportation-system impact not reported,INTERACTION,accuracy/AUROC,NA:no calibration metrics,NR:safety metrics not extracted,efficiency/travel-time; comfort,contextual
SNOW-6C0EF25A7DF3,Anomaly Detection in Road Traffic Using Visual Surveillance,K. K. Santhosh; D. P. Dogra; P. P. Roy,2020,arXiv (Cornell University),10.1145/3417989,article,yes,contextual,vehicle-pedestrian; traffic-system; road-autonomous-driving,perception-interface; motion-forecasting; planning; control-interface,uncertainty-estimator,highway; urban; intersection; parking,vehicle; pedestrian; heterogeneous,image; LiDAR; radar,action; warning-or-alarm,weather_or_visibility,NA:no explicit distribution-shift construction,NA:no explicit distribution-shift evaluation,no,off-road-or-boundary,qualitative-narrative,NR:actionable monitoring horizon not reported,NR:risk label source not explicitly reported,mixture_model,NR:uncertainty output not explicitly reported,unspecified,not-applicable,"Signal: the survey catalogs learned visual-surveillance anomaly scores or labels for accidents and abnormal road-user behavior. Planning/action consumption: these monitoring outputs are described for event reporting to stakeholders, not as inputs that change an autonomous vehicle planner or runtime control action. Safety/task evaluation: prior anomaly-detection datasets and metrics are reviewed, but no original autonomous-driving safety or task consequence is evaluated.",NR:risk or safety loss not explicitly reported,NA:no explicit calibration target,none,none,reported,delayed observed outcome,NA:no explicit guarantee target,none,G0,none,NA:no statistical guarantee,NA:no statistical guarantee,NA:no statistical guarantee,not-applicable,no_intervention,none,NA:no runtime intervention,NA:no runtime intervention,reported,NR:end-to-end online latency not reported,reported,INTERACTION; NGSIM,NLL; accuracy/AUROC,Brier/NLL,NR:safety metrics not extracted,efficiency/travel-time,contextual
SNOW-6E9A1F8252FF,Fault-tolerant control strategies for industrial robots: state of the art and future perspective on AI-based fault management,Zeashan Hameed Khan; Ali A. Nasir; Samir Mekid,2025,Artificial Intelligence Review,10.1007/s10462-025-11327-2,article,yes,contextual,general-autonomous-system,perception-interface; control-interface,NA:no learned component clearly identified,NR:road context not specified,vehicle; robot; heterogeneous,V2X,NR:output object not explicit,model_misspecification,NA:no explicit distribution-shift construction,NA:no explicit distribution-shift evaluation,no,NR:safety consequence not explicitly operationalized,qualitative-narrative,NR:actionable monitoring horizon not reported,NR:risk label source not explicitly reported,deterministic_confidence,NR:uncertainty output not explicitly reported,unspecified,not-applicable,"Signal: the review covers fault detection, diagnosis, and AI/ML-based fault classification for industrial robots. Planning/action consumption: surveyed active fault-tolerant methods reconfigure controllers, actuators, or multi-robot task allocation after faults are identified. Evaluation: evidence is synthesized from prior robotic-manipulator and multi-robot studies; the article contributes no new road-system validation or experiment.",NR:risk or safety loss not explicitly reported,NA:no explicit calibration target,none,none,NA:no runtime intervention,delayed observed outcome,NA:no explicit guarantee target,none,G0,none,NA:no statistical guarantee,NA:no statistical guarantee,NA:no statistical guarantee,not-applicable,no_intervention,none,NA:no runtime intervention,NA:no runtime intervention,reported,NR:end-to-end online latency not reported,NR:transportation-system impact not reported,NR:dataset or simulator not extracted,accuracy/AUROC,NA:no calibration metrics,NR:safety metrics not extracted,efficiency/travel-time,contextual
SNOW-71EA82A63135,NeBula: Quest for Robotic Autonomy in Challenging Environments; TEAM CoSTAR at the DARPA Subterranean Challenge,"Ali Agha; Kyohei Otsu; Benjamin Morrell; David D. Fan; Rohan Thakker; Àngel Santamaria‐Navarro; Sung-Kyun Kim; Amanda Bouman; Xianmei Lei; Jeffrey A. Edlund; Muhammad Fadhil Ginting; Kamak Ebadi; Matthew Anderson; Torkom Pailevanian; Edward D. Terry; Michael Wolf; Andrea Tagliabue; Tiago Vaquero; Matteo Palieri; Scott Tepsuporn; Yun Chang; Arash Kalantari; Chavez, Fernando; Brett T. Lopez; Nobuhiro Funabiki; Gregory Miles; Thomas Touma; Alessandro Buscicchio; Jesus Tordesillas; Nikhilesh Alatur; Jeremy Nash; William R. Walsh; Sunggoo Jung; Hanseob Lee; Christoforos Kanellakis; John Mayo; Scott Harper; Marcel Kaufmann; Anushri Dixit; Gustavo J. Correa; Carlyn Lee; Jay Gao; Gene Merewether; Jairo Maldonado-Contreras; Gautam Salhotra; Maíra Saboia da Silva; Benjamin Ramtoula; Y. Kubo; Seyed Fakoorian; Alexander Hatteland; Taeyeon Kim; Tara Bartlett; Alex Stephens; Leon Kim; Chuck Bergh; Eric Heiden; Thomas Lew; Abhishek Cauligi; Tristan Heywood; Andrew Kramer; Henry A. Leopold; Choi, Chris; Shreyansh Daftry; Olivier Toupet; Inhwan Wee; Abhishek Thakur; Micah Feras; Giovanni Beltrame; George Nikolakopoulos; David Hyunchul Shim; Luca Carlone; Joel W. Burdick",2021,arXiv (Cornell University),10.48550/arxiv.2103.11470,preprint,no,contextual,general-autonomous-system,perception-interface; planning; control-interface,NA:no learned component clearly identified,urban,vehicle; robot; heterogeneous,LiDAR; V2X,NR:output object not explicit,weather_or_visibility,NA:no explicit distribution-shift construction,NA:no explicit distribution-shift evaluation,no,collision,qualitative-narrative,reported,NR:risk label source not explicitly reported,probabilistic_model,distribution,unspecified,model-output-score,"Signal: uncertainty-aware traversability maps fuse collision, tip-over, traction, and negative-obstacle risks into confidence-weighted CVaR, with learning-based dynamics adaptation. Planning/action consumption: hierarchical A-star/MPC and belief-space planners minimize CVaR, replan when the risk map changes, and send modified velocity/trajectory commands to robots. Safety/task evaluation: hazardous-terrain coverage, failures, autonomous distance, and extensive tunnel/cave field performance are evaluated, but there",reported,NA:no explicit calibration target,constraint-or-cost,none,reported,NR:feedback timing not reported,set-coverage,none,G0,none,NA:no statistical guarantee,NA:no statistical guarantee,NA:no statistical guarantee,not-applicable,replanning,mpc_filter,fixed-or-conditioned-threshold; see intervention evidence,replanning,NR:intervention cost not reported,reported at PDF p. 29: real-time at 20–50 Hz,NR:transportation-system impact not reported,INTERACTION; Shifts,NR:predictive metrics not extracted,coverage,NR:safety metrics not extracted,reward/return,contextual
SNOW-7347CEED60E5,Risk Conditioned Neural Motion Planning,Xin Huang; Meng Feng; Ashkan Jasour; Guy Rosman; Brian C. Williams,2021,arXiv (Cornell University),10.48550/arxiv.2108.01851,preprint,no,contextual,road-autonomous-driving,planning; control-interface; policy-learning,policy,NR:road context not specified,vehicle; robot; heterogeneous,NR:input modality not reported in extracted evidence,trajectory-distribution; safety-constraint,weather_or_visibility,NA:no explicit distribution-shift construction,NA:no explicit distribution-shift evaluation,no,collision; infeasible-planning,learned-correlation,NR:actionable monitoring horizon not reported,planning-infeasibility; reward-or-cost,formal_or_reachability_bound; probabilistic_model,bound-or-constraint,unspecified,model-output-score,"Signal: a learned risk critic estimates execution/constraint-violation probability together with a user-specified risk bound. Planning/action consumption: the bound and critic penalize the policy loss and change the neural policy's online actions and paths. Safety/task evaluation: Monte Carlo execution risk, path length, runtime, and bound satisfaction are evaluated, but only in maze and Dubins-car/robot-style benchmarks rather than a road-driving scenario.",reported,constraint,constraint-or-cost,none,reported,NR:feedback timing not reported,NA:no explicit guarantee target,none,G0,none,NA:no statistical guarantee,NA:no statistical guarantee,NA:no statistical guarantee,not-applicable,trajectory_modification,none,chance-constraint,NR:fallback policy not reported,reported,reported at PDF p. 5: computational time between our method and IRA. The methods with 500 s,NR:transportation-system impact not reported,NR:dataset or simulator not extracted,NR:predictive metrics not extracted,NA:no calibration metrics,NR:safety metrics not extracted,efficiency/travel-time; reward/return,contextual
SNOW-7587C32F6F01,Formal Certification Methods for Automated Vehicle Safety Assessment,Tong Zhao; Ekim Yurtsever; Joel A. Paulson; Giorgio Rizzoni,2022,arXiv (Cornell University),10.1109/tiv.2022.3170517,article,yes,contextual,road-autonomous-driving,perception-interface; planning; control-interface; policy-learning,NA:no learned component clearly identified,highway,vehicle; robot; heterogeneous,state; image,NR:output object not explicit,model_misspecification,NA:no explicit distribution-shift construction,NA:no explicit distribution-shift evaluation,no,collision; infeasible-planning,qualitative-narrative,NR:actionable monitoring horizon not reported,planning-infeasibility,formal_or_reachability_bound,NR:uncertainty output not explicitly reported,unspecified,not-applicable,信号是被综述形式化方法中的可达集、不可避免碰撞状态、规范满足与场景安全覆盖率；文中说明这些量可用于控制模式仲裁、MPC 可行域和安全轨迹生成，但本文自身只提出统一覆盖定义并综述既有方法，不执行车辆动作；评价为认证/V&V 方法的形式化与样本覆盖比较，没有本文系统的闭环碰撞或任务实验，因此作为既有综述保留。,NR:risk or safety loss not explicitly reported,coverage,none,none,reported,delayed observed outcome,NA:no explicit guarantee target,none,G0,none,NA:no statistical guarantee,NA:no statistical guarantee,NA:no statistical guarantee,not-applicable,no_intervention,none,NA:no runtime intervention,NA:no runtime intervention,reported,"reported at PDF p. 19: real-time performance in receding- Computing Systems (TECS), vol. 18, no. 5s",NR:transportation-system impact not reported,Waymo; INTERACTION,accuracy/AUROC,NA:no calibration metrics,TTC/min-distance,reward/return,contextual
SNOW-85B6EC8640C2,Decision Making in Paths of Autonomous Underwater Vehicles,Ugochi Ukpai Ibem; Thaddeus C. Nwaoha,2024,Preprints.org,10.20944/preprints202408.1835.v1,preprint,no,contextual,unmanned-surface-vessel; road-autonomous-driving,perception-interface; planning; control-interface,NA:no learned component clearly identified,NR:road context not specified,vehicle; robot; vessel; heterogeneous,image; V2X,NR:output object not explicit,model_misspecification,NA:no explicit distribution-shift construction,NA:no explicit distribution-shift evaluation,no,collision,qualitative-narrative,NR:actionable monitoring horizon not reported,NR:risk label source not explicitly reported,deterministic_confidence,NR:uncertainty output not explicitly reported,unspecified,not-applicable,"The article surveys obstacle information, maps, environmental factors, and path costs used by prior AUV planning methods rather than proposing a new learned runtime risk signal.",NR:risk or safety loss not explicitly reported,NA:no explicit calibration target,none,none,NA:no runtime intervention,NR:feedback timing not reported,NA:no explicit guarantee target,none,G0,none,NA:no statistical guarantee,NA:no statistical guarantee,NA:no statistical guarantee,not-applicable,no_intervention,none,NA:no runtime intervention,NA:no runtime intervention,NA:no runtime intervention,NR:end-to-end online latency not reported,NR:transportation-system impact not reported,INTERACTION,NR:predictive metrics not extracted,NA:no calibration metrics,NR:safety metrics not extracted,reward/return,contextual
SNOW-8A3B517905B6,Conformal Prediction Intervals for Markov Decision Process Trajectories,Thomas G. Dietterich; Jesse Hostetler,2022,arXiv (Cornell University),10.48550/arxiv.2206.04860,preprint,no,contextual,general-autonomous-system,control-interface; policy-learning,policy; uncertainty-estimator,NR:road context not specified,robot,NR:input modality not reported in extracted evidence,NR:output object not explicit,weather_or_visibility,NA:no explicit distribution-shift construction,NA:no explicit distribution-shift evaluation,no,NR:safety consequence not explicitly operationalized,qualitative-narrative,NR:actionable monitoring horizon not reported,reward-or-cost,conformal_prediction; probabilistic_model,interval; distribution,unspecified,set-based,信号是由分位数回归与 conformal 校正得到的整条固定策略 MDP 轨迹行为/累计回报预测区间及覆盖保证；人类决策者可在执行前依据上下界决定是否让策略自主运行或改选策略，但信号不在轨迹内连续修改动作；Tamarisk 与 StarCraft MDP 实验评价覆盖率、区间宽度和局部失效聚集，没有道路自动驾驶验证。,NR:risk or safety loss not explicitly reported,coverage,constraint-or-cost,none,NR:operational threshold not reported,NR:feedback timing not reported,NA:no explicit guarantee target,marginal_finite_sample,G3,none,NR:guarantee scope not explicit,NR:not reported,NR:not established,conditional,trajectory_modification,none,continuous constraint-or-cost,NR:fallback policy not reported,NR:intervention cost not reported,NR:end-to-end online latency not reported,NR:transportation-system impact not reported,INTERACTION,NR:predictive metrics not extracted,coverage; sharpness/set-size,intervention/failure,reward/return,contextual
SNOW-8D0910E331FA,Latency-Robust Control of High-Speed Signal-Free Intersections,Yang Liu; Zev Nicolai-Scanio; Zhong‐Ping Jiang; Li Jin,2020,arXiv (Cornell University),10.48550/arxiv.2009.13373,preprint,no,contextual,traffic-system; road-autonomous-driving,planning; control-interface,NA:no learned component clearly identified,urban; intersection,vehicle,V2X,safety-constraint,weather_or_visibility,NA:no explicit distribution-shift construction,NA:no explicit distribution-shift evaluation,no,infeasible-planning,qualitative-narrative,NR:actionable monitoring horizon not reported,planning-infeasibility,deterministic_confidence,NR:uncertainty output not explicitly reported,unspecified,not-applicable,信号是通信延迟与有界速度误差诱导的集合值车辆状态估计和可行安全间距约束；显式分段线性鲁棒控制律消费该不确定状态集合并逐时选择目标速度，直接改变交叉口车辆速度以避免冲突；论文用定理证明从安全初态出发的全时安全并解析评价最坏情况吞吐量与延迟关系，但没有学习型预测、策略或风险模块，因此作为形式控制邻域保留。,NR:risk or safety loss not explicitly reported,NA:no explicit calibration target,constraint-or-cost,none,NR:operational threshold not reported,NR:feedback timing not reported,NA:no explicit guarantee target,none,G0,none,NA:no statistical guarantee,NA:no statistical guarantee,NA:no statistical guarantee,not-applicable,trajectory_modification,none,continuous constraint-or-cost,NR:fallback policy not reported,reported,NR:end-to-end online latency not reported,reported,NR:dataset or simulator not extracted,accuracy/AUROC,NA:no calibration metrics,NR:safety metrics not extracted,efficiency/travel-time,contextual
SNOW-91EA1CCA941A,Penalized Proximal Policy Optimization for Safe Reinforcement Learning,Linrui Zhang; Li Shen; Long Yang; Shixiang Chen; Bo Yuan; Xueqian Wang; Dacheng Tao,2022,arXiv (Cornell University),10.48550/arxiv.2205.11814,preprint,no,contextual,general-autonomous-system,control-interface; policy-learning,policy,NR:road context not specified,robot; vessel; heterogeneous,NR:input modality not reported in extracted evidence,safety-constraint,weather_or_visibility,NA:no explicit distribution-shift construction,NA:no explicit distribution-shift evaluation,no,infeasible-planning,qualitative-narrative,NR:actionable monitoring horizon not reported,planning-infeasibility; reward-or-cost,formal_or_reachability_bound,NR:uncertainty output not explicitly reported,unspecified,not-applicable,CMDP累计成本约束及其违反量构成运行时安全代价；,reported,constraint,constraint-or-cost,none,reported,NR:feedback timing not reported,NA:no explicit guarantee target,none,G0,none,NA:no statistical guarantee,NA:no statistical guarantee,NA:no statistical guarantee,not-applicable,trajectory_modification,none,fixed-or-conditioned-threshold; see intervention evidence,NR:fallback policy not reported,reported,NR:end-to-end online latency not reported,NR:transportation-system impact not reported,INTERACTION,accuracy/AUROC,NA:no calibration metrics,NR:safety metrics not extracted,efficiency/travel-time; reward/return,contextual
SNOW-941181B06BA8,Motion Prediction on Self-driving Cars: A Review,Shahrokh Paravarzar; Belqes Mohammad,2020,arXiv (Cornell University),10.48550/arxiv.2011.03635,preprint,no,contextual,vehicle-pedestrian; vehicle-vehicle; traffic-system; road-autonomous-driving,perception-interface; behavior-prediction; motion-forecasting; control-interface; policy-learning,predictor; policy,highway; intersection; unstructured,vehicle; pedestrian; heterogeneous,map; image; LiDAR; radar,action,weather_or_visibility,NA:no explicit distribution-shift construction,NA:no explicit distribution-shift evaluation,no,NR:safety consequence not explicitly operationalized,qualitative-narrative,NR:actionable monitoring horizon not reported,prediction-error,probabilistic_model,NR:uncertainty output not explicitly reported,unspecified,model-output-score,"Signal: the review describes multimodal trajectory and intention distributions as uncertainty-bearing inputs for risk assessment. Planning/action consumption: it links predictions to downstream planning and surveys reinforcement-learning policies that choose navigation or control actions, but does not evaluate a unified prediction-to-action mechanism. Evaluation: it summarizes prior prediction errors and simulated driving-policy results and identifies benchmark and distribution-shift gaps, without a new experiment.",NR:risk or safety loss not explicitly reported,trajectory,none,none,reported,NR:feedback timing not reported,prediction-error,none,G0,none,NA:no statistical guarantee,NA:no statistical guarantee,NA:no statistical guarantee,not-applicable,no_intervention,none,NA:no runtime intervention,NA:no runtime intervention,NA:no runtime intervention,NR:end-to-end online latency not reported,reported,INTERACTION; NGSIM; Lyft,accuracy/AUROC,NA:no calibration metrics,NR:safety metrics not extracted,reward/return,contextual
SNOW-94DE2B7A585A,Evaluating Uncertainty Quantification in End-to-End Autonomous Driving Control,Rhiannon Michelmore; Marta Kwiatkowska; Yarin Gal,2018,arXiv (Cornell University),10.48550/arxiv.1811.06817,preprint,no,contextual,road-autonomous-driving,perception-interface; control-interface,uncertainty-estimator,highway,vehicle,image; LiDAR,action,weather_or_visibility; sensor_or_perception_error; epistemic_uncertainty; aleatoric_uncertainty,NR:shift construction not detailed,NR:shift realism not stated,no,collision,qualitative-narrative,NR:actionable monitoring horizon not reported,collision,deterministic_confidence,variance,aleatoric; epistemic,model-output-score,MC-dropout 导出的预测方差、熵、变异比和互信息在端到端控制器中实时表征模型不确定性并提前预测崩溃；,reported,NA:no explicit calibration target,monitoring-only,none,reported,delayed observed outcome,NA:no explicit guarantee target,none,G0,none,NA:no statistical guarantee,NA:no statistical guarantee,NA:no statistical guarantee,not-applicable,monitoring_only,warning_only,fixed-or-conditioned-threshold; see intervention evidence,NR:fallback policy not reported,NR:intervention cost not reported,"reported at PDF p. 6: real-time, and a time from highest peak to crash of 3 s",NR:transportation-system impact not reported,NR:dataset or simulator not extracted,accuracy/AUROC,NA:no calibration metrics,NR:safety metrics not extracted,comfort; reward/return,contextual
SNOW-96BCC249CA48,Research on Hierarchical Motion Control of Corner Module Configuration Intelligent Electric Vehicle,Yongjun Yan; Chenshuo Zhang; Pengyu Xue; Hongliang Wang; Dawei Pi; Wenfu Xue; Ye‐Hwa Chen; Xianhui Wang,2025,Chinese Journal of Mechanical Engineering,10.1186/s10033-025-01190-1,article,yes,contextual,road-autonomous-driving,perception-interface; planning; control-interface,predictor,urban,vehicle,image; radar,action,weather_or_visibility,NA:no explicit distribution-shift construction,NA:no explicit distribution-shift evaluation,no,collision,qualitative-narrative,NR:actionable monitoring horizon not reported,NR:risk label source not explicitly reported,deterministic_confidence,NR:uncertainty output not explicitly reported,unspecified,not-applicable,基于车辆与障碍物几何距离、相对速度及道路边界计算显式驾驶风险场值；,NR:risk or safety loss not explicitly reported,collision,constraint-or-cost,none,NR:operational threshold not reported,delayed observed outcome,NA:no explicit guarantee target,none,G0,none,NA:no statistical guarantee,NA:no statistical guarantee,NA:no statistical guarantee,not-applicable,trajectory_modification,none,continuous constraint-or-cost,emergency braking/stop,reported,reported at PDF p. 3: real-time effectiveness of the method. dilemma in traditional methods. Li et al. [27] designed Section 6 s,NR:transportation-system impact not reported,NR:dataset or simulator not extracted,accuracy/AUROC,NA:no calibration metrics,NR:safety metrics not extracted,efficiency/travel-time; comfort,contextual
SNOW-96BD4943E4A5,Perception to Motion: The Role of Multi-Sensor Data Fusion in Realizing the Full Potential of Autonomous Vehicles,Zhengqing Li; Baljit Singh,2025,WSEAS TRANSACTIONS ON ENVIRONMENT AND DEVELOPMENT,10.37394/232015.2025.21.60,article,yes,contextual,traffic-system; road-autonomous-driving,perception-interface; planning,uncertainty-estimator,NR:road context not specified,vehicle; robot; vessel; heterogeneous,state; image; LiDAR; radar,NR:output object not explicit,weather_or_visibility,NA:no explicit distribution-shift construction,NA:no explicit distribution-shift evaluation,no,NR:safety consequence not explicitly operationalized,qualitative-narrative,NR:actionable monitoring horizon not reported,NR:risk label source not explicitly reported,probabilistic_model,distribution,unspecified,model-output-score,"Signal: the review surveys fused camera/LiDAR/radar/GPS information and discusses reliability, cybersecurity, and decision-making concerns. Planning/action consumption: it describes sensor fusion as upstream input to path planning in general, but presents no concrete runtime risk signal consumed by an evaluated planner or controller. Safety/task evaluation: safety benefits and challenges are discussed narratively without an original planning or closed-loop safety/task experiment.",NR:risk or safety loss not explicitly reported,NA:no explicit calibration target,none,none,NA:no runtime intervention,NR:feedback timing not reported,NA:no explicit guarantee target,none,G0,none,NA:no statistical guarantee,NA:no statistical guarantee,NA:no statistical guarantee,not-applicable,no_intervention,none,NA:no runtime intervention,NA:no runtime intervention,reported,NR:end-to-end online latency not reported,reported,INTERACTION,accuracy/AUROC,NA:no calibration metrics,NR:safety metrics not extracted,efficiency/travel-time; reward/return,contextual
SNOW-9723E2C9267D,Humanlike Decision and Motion Planning for Expressway Lane Changing Based on Artificial Potential Field,Ping Wu; Feng Gao; Keqiang Li,2022,IEEE Access,10.1109/access.2022.3141075,article,yes,contextual,vehicle-vehicle; road-autonomous-driving,perception-interface; planning; control-interface; policy-learning,policy; uncertainty-estimator,NR:road context not specified,vehicle; robot; vessel; heterogeneous,state,action,weather_or_visibility,NA:no explicit distribution-shift construction,NA:no explicit distribution-shift evaluation,no,collision,empirical-validated,reported,reward-or-cost,probabilistic_model,NR:uncertainty output not explicitly reported,unspecified,not-applicable,车辆—车辆和车辆—车道线人工势场力及驾驶倾向因子触发换道并描述安全交互；,reported,collision,constraint-or-cost,none,NR:operational threshold not reported,NR:feedback timing not reported,NA:no explicit guarantee target,none,G0,none,NA:no statistical guarantee,NA:no statistical guarantee,NA:no statistical guarantee,not-applicable,trajectory_modification,none,continuous constraint-or-cost,NR:fallback policy not reported,reported,NR:end-to-end online latency not reported,reported,INTERACTION; HighD,accuracy/AUROC,NA:no calibration metrics,NR:safety metrics not extracted,efficiency/travel-time; comfort,contextual
SNOW-A0C0A04EAB59,Emergency collision avoidance strategy for autonomous vehicles based on steering and differential braking,Haiqing Li; Taixiong Zheng; Fuhao Xia; Lina Gao; Qing Ye; Zonghuan Guo,2022,Scientific Reports,10.1038/s41598-022-27296-3,article,yes,contextual,road-autonomous-driving,planning; control-interface,NA:no learned component clearly identified,NR:road context not specified,vehicle,V2X,action; warning-or-alarm,model_misspecification,NA:no explicit distribution-shift construction,NA:no explicit distribution-shift evaluation,no,collision,qualitative-narrative,NR:actionable monitoring horizon not reported,collision,deterministic_confidence,NR:uncertainty output not explicitly reported,unspecified,not-applicable,在线比较横摆角速度偏差与侧翻指数LTR的固定阈值；,NR:risk or safety loss not explicitly reported,NA:no explicit calibration target,constraint-or-cost,discrete-trigger,reported,NR:feedback timing not reported,NA:no explicit guarantee target,none,G0,none,NA:no statistical guarantee,NA:no statistical guarantee,NA:no statistical guarantee,not-applicable,trajectory_modification,none,fixed-or-conditioned-threshold; see intervention evidence,NR:fallback policy not reported,NR:intervention cost not reported,NR:end-to-end online latency not reported,NR:transportation-system impact not reported,NR:dataset or simulator not extracted,accuracy/AUROC,NA:no calibration metrics,NR:safety metrics not extracted,NR:utility metrics not extracted,contextual
SNOW-A147C3D565CD,Lyapunov-based Safe Policy Optimization for Continuous Control,Yinlam Chow; Ofir Nachum; Aleksandra Faust; Edgar A. Duéñez‐Guzmán; Mohammad Ghavamzadeh,2019,arXiv (Cornell University),10.48550/arxiv.1901.10031,preprint,no,contextual,mobile-robot-or-general-robotics,control-interface; policy-learning,policy,NR:road context not specified,vehicle; robot; heterogeneous,NR:input modality not reported in extracted evidence,safety-constraint,weather_or_visibility,NA:no explicit distribution-shift construction,NA:no explicit distribution-shift evaluation,no,collision; constraint-violation,qualitative-narrative,NR:actionable monitoring horizon not reported,constraint-violation; reward-or-cost,probabilistic_model; deterministic_confidence,distribution; score,unspecified,model-output-score,"Signal: learned constraint critics and state-dependent Lyapunov feasibility constraints represent cumulative safety cost. Planning/action consumption: policy-parameter or action projection modifies the continuous-control policy/action at every update and at execution. Safety/task evaluation: return, constraint violations, collision-impact energy, mission success, and real-robot navigation are evaluated, but there is no road or autonomous-driving validation.",reported,constraint,constraint-or-cost,cost-or-objective,reported,NR:feedback timing not reported,NA:no explicit guarantee target,none,G0,none,NA:no statistical guarantee,NA:no statistical guarantee,NA:no statistical guarantee,not-applicable,trajectory_modification,none,fixed-or-conditioned-threshold; see intervention evidence,NR:fallback policy not reported,reported,NR:end-to-end online latency not reported,NR:transportation-system impact not reported,MuJoCo; INTERACTION,NR:predictive metrics not extracted,NA:no calibration metrics,constraint-violation,completion/success; efficiency/travel-time; reward/return,contextual
SNOW-B3DDCDCB667C,IPO: Interior-point Policy Optimization under Constraints,Yongshuai Liu; Jiaxin Ding; Xin Liu,2019,arXiv (Cornell University),10.48550/arxiv.1910.09615,preprint,no,contextual,mobile-robot-or-general-robotics,control-interface; policy-learning,policy,NR:road context not specified,robot,NR:input modality not reported in extracted evidence,NR:output object not explicit,weather_or_visibility,NA:no explicit distribution-shift construction,NA:no explicit distribution-shift evaluation,no,constraint-violation,qualitative-narrative,NR:actionable monitoring horizon not reported,constraint-violation; reward-or-cost,formal_or_reachability_bound; probabilistic_model,distribution,unspecified,model-output-score,CMDP的折扣累计或均值约束成本通过对数障碍函数进入策略优化；,reported,constraint,constraint-or-cost,none,reported,delayed observed outcome,NA:no explicit guarantee target,none,G0,none,NA:no statistical guarantee,NA:no statistical guarantee,NA:no statistical guarantee,not-applicable,trajectory_modification,none,fixed-or-conditioned-threshold; see intervention evidence,NR:fallback policy not reported,reported,NR:end-to-end online latency not reported,reported,MuJoCo,NR:predictive metrics not extracted,NA:no calibration metrics,constraint-violation,efficiency/travel-time; reward/return,contextual
SNOW-B538E9D404F6,On exploration requirements for learning safety constraints,Pierre-François Massiani; Steve Heim; Sebastian Trimpe,2021,arXiv (Cornell University),10.48550/arxiv.2105.08143,preprint,no,contextual,general-autonomous-system,motion-forecasting; control-interface; policy-learning,policy,urban,vehicle; vessel; heterogeneous,NR:input modality not reported in extracted evidence,action; safety-constraint,weather_or_visibility,NA:no explicit distribution-shift construction,NA:no explicit distribution-shift evaluation,no,NR:safety consequence not explicitly operationalized,qualitative-narrative,NR:actionable monitoring horizon not reported,NR:risk label source not explicitly reported,formal_or_reachability_bound,variance,unspecified,model-output-score,"Signal: a Gaussian-process learner estimates admissible state-action safety constraints and excludes critical failure-inducing actions. Planning/action consumption: the learned constraint directly restricts a nominal feedback policy through constrained action optimization and is updated from observed transitions and failures. Evaluation: a one-dimensional hovership proof of concept reports failure visits, viable-set coverage, sample count, and deviation from the optimal safe policy, but no road-driving validation i",NR:risk or safety loss not explicitly reported,trajectory; constraint,constraint-or-cost,continuous-constraint; information-gathering,NR:operational threshold not reported,delayed observed outcome,set-coverage,none,G0,none,NA:no statistical guarantee,NA:no statistical guarantee,NA:no statistical guarantee,not-applicable,trajectory_modification,none,continuous constraint-or-cost,NR:fallback policy not reported,reported,NR:end-to-end online latency not reported,NR:transportation-system impact not reported,NR:dataset or simulator not extracted,NR:predictive metrics not extracted,NA:no calibration metrics,NR:safety metrics not extracted,efficiency/travel-time,contextual
SNOW-B5CB4CFD45C8,POMDP Planning Under Object Composition Uncertainty: Application to Robotic Manipulation,Joni Pajarinen; Jens Lundell; Ville Kyrki,2022,IEEE Transactions on Robotics,10.1109/tro.2022.3188168,article,yes,contextual,road-autonomous-driving,perception-interface; control-interface; policy-learning,world-model,NR:road context not specified,vehicle; robot; heterogeneous,image; LiDAR,NR:output object not explicit,weather_or_visibility; sensor_or_perception_error,NA:no explicit distribution-shift construction,NA:no explicit distribution-shift evaluation,no,NR:safety consequence not explicitly operationalized,qualitative-narrative,NR:actionable monitoring horizon not reported,reward-or-cost,probabilistic_model,distribution,unspecified,model-output-score,信号是由 RGB-D 分割、学习型片段配对先验、MCMC 及抓取成败更新得到的物体组成假设概率分布/信念；在线 POMDP 在该信念上最大化长期任务效用，选择并执行抓取、移除或信息收集动作，后续观测继续改变策略；大规模仿真和两种实体机械臂实验评价累计奖励、任务成功、统计显著性及运行时间，证明概率规划优于最可能假设和贪心决策，但没有道路自动驾驶验证。,reported,NA:no explicit calibration target,constraint-or-cost,none,NR:operational threshold not reported,NR:feedback timing not reported,NA:no explicit guarantee target,none,G0,none,NA:no statistical guarantee,NA:no statistical guarantee,NA:no statistical guarantee,not-applicable,trajectory_modification,none,continuous constraint-or-cost,NR:fallback policy not reported,NR:intervention cost not reported,NR:end-to-end online latency not reported,NR:transportation-system impact not reported,INTERACTION,NR:predictive metrics not extracted,NA:no calibration metrics,NR:safety metrics not extracted,completion/success,contextual
SNOW-B8D7510CA86B,Review of Dynamic Decision Making ForConnected VehiclesIn IotSystem,Miss. Sonal Sanjay Ayare; Suraj V. Pote; Jaydeep B. Patil,2023,Journal for ReAttach Therapy and Developmental Diversities,10.53555/jrtdd.v6i9s.2710,article,yes,contextual,traffic-system; road-autonomous-driving,perception-interface; control-interface,NA:no learned component clearly identified,highway; urban; intersection,vehicle; robot; heterogeneous,image; V2X,action,weather_or_visibility,NA:no explicit distribution-shift construction,NA:no explicit distribution-shift evaluation,no,NR:safety consequence not explicitly operationalized,qualitative-narrative,NR:actionable monitoring horizon not reported,NR:risk label source not explicitly reported,deterministic_confidence,NR:uncertainty output not explicitly reported,unspecified,not-applicable,综述联网车辆的实时交通、IoT、机器学习与群智能决策信息；,NR:risk or safety loss not explicitly reported,NA:no explicit calibration target,none,none,NA:no runtime intervention,NR:feedback timing not reported,NA:no explicit guarantee target,none,G0,none,NA:no statistical guarantee,NA:no statistical guarantee,NA:no statistical guarantee,not-applicable,no_intervention,none,NA:no runtime intervention,NA:no runtime intervention,reported,NR:end-to-end online latency not reported,reported,Waymo; INTERACTION,accuracy/AUROC,NA:no calibration metrics,NR:safety metrics not extracted,efficiency/travel-time; comfort,contextual
SNOW-B9F04F35FC5D,Risk Assessment and Planning with Bidirectional Reachability for Autonomous Driving,Mingyuan Yu; Ram Vasudevan; Matthew Johnson‐Roberson,2019,arXiv (Cornell University),10.48550/arxiv.1909.08059,preprint,no,contextual,vehicle-pedestrian; vehicle-vehicle; traffic-system; unmanned-surface-vessel; road-autonomous-driving,perception-interface; planning; control-interface,NA:no learned component clearly identified,highway; urban; intersection,vehicle; pedestrian; robot; vessel; heterogeneous,image; LiDAR; radar,risk-score; action,sensor_or_perception_error,NA:no explicit distribution-shift construction,NA:no explicit distribution-shift evaluation,no,collision,empirical-validated,NR:actionable monitoring horizon not reported,collision; TTC,formal_or_reachability_bound; probabilistic_model,probability,unspecified,model-output-score,"Signal: particle-based forward and backward reachability yields a probabilistic collision-risk distribution under occlusion. Planning/action consumption: risk weights resample candidate controls, DBSCAN identifies action modes, and the safest acceleration cluster is executed online. Evaluation: simulations over 74 intersections report collision rate, terminal speed, braking, jerk, and efficiency, but the risk estimator and controller are model-based rather than learned from data.",NR:risk or safety loss not explicitly reported,collision,constraint-or-cost,none,NR:operational threshold not reported,NR:feedback timing not reported,NA:no explicit guarantee target,none,G0,reachability,NA:no statistical guarantee,NA:no statistical guarantee,NA:no statistical guarantee,not-applicable,trajectory_modification,none,continuous constraint-or-cost,replanning,reported,NR:end-to-end online latency not reported,NR:transportation-system impact not reported,NR:dataset or simulator not extracted,NR:predictive metrics not extracted,NA:no calibration metrics,collision; TTC/min-distance,efficiency/travel-time; comfort,contextual
SNOW-BB5559F4A816,Potential risk assessment for safe driving of autonomous vehicles under occluded vision,Denggui Wang; Weiping Fu; Qingyuan Song; Jincao Zhou,2022,Scientific Reports,10.1038/s41598-022-08810-z,article,yes,contextual,vehicle-pedestrian; vehicle-vehicle; traffic-system; mobile-robot-or-general-robotics; road-autonomous-driving,perception-interface; motion-forecasting; planning; control-interface,NA:no learned component clearly identified,urban; intersection,vehicle; pedestrian; cyclist; robot; vessel; heterogeneous,image,NR:output object not explicit,weather_or_visibility; long_tail_scenario; sensor_or_perception_error,NA:no explicit distribution-shift construction,NA:no explicit distribution-shift evaluation,no,collision,qualitative-narrative,NR:actionable monitoring horizon not reported,minimum-distance,formal_or_reachability_bound; probabilistic_model,probability,unspecified,model-output-score,手工构建的动态贝叶斯网络根据遮挡区环境因素推断碰撞概率；,NR:risk or safety loss not explicitly reported,collision,constraint-or-cost,none,reported,NR:feedback timing not reported,NA:no explicit guarantee target,none,G0,none,NA:no statistical guarantee,NA:no statistical guarantee,NA:no statistical guarantee,not-applicable,trajectory_modification,none,fixed-or-conditioned-threshold; see intervention evidence,emergency braking/stop,reported,reported at PDF p. 8: real-time deceleration aet is: 2 t aet = vet 2s,NR:transportation-system impact not reported,INTERACTION,accuracy/AUROC,NA:no calibration metrics,TTC/min-distance,comfort,contextual
SNOW-BD7619ED5F3B,A Comprehensive Review on Limitations of Autonomous Driving and Its Impact on Accidents and Collisions,Amit Chougule; Vinay Chamola; Aishwarya Sam; F. Richard Yu; Biplab Sikdar,2023,IEEE Open Journal of Vehicular Technology,10.1109/ojvt.2023.3335180,article,yes,contextual,vehicle-pedestrian; road-autonomous-driving,perception-interface; planning; control-interface,NA:no learned component clearly identified,highway; urban,vehicle; pedestrian; heterogeneous,image,NR:output object not explicit,weather_or_visibility,NA:no explicit distribution-shift construction,NA:no explicit distribution-shift evaluation,no,collision,qualitative-narrative,NR:actionable monitoring horizon not reported,collision,deterministic_confidence,NR:uncertainty output not explicitly reported,unspecified,not-applicable,"Signal: the review catalogs AV failure and accident factors including sensing limits, weather, cybersecurity, connectivity, validation, and decision limitations. Planning/action consumption: it discusses collision-avoidance and mitigation approaches broadly but provides no single runtime risk signal that an evaluated planner or controller consumes. Safety/task evaluation: accident and injury statistics plus published limitations are synthesized, without an original closed-loop planning safety/task experiment.",NR:risk or safety loss not explicitly reported,NA:no explicit calibration target,none,none,NA:no runtime intervention,delayed observed outcome,NA:no explicit guarantee target,none,G0,none,NA:no statistical guarantee,NA:no statistical guarantee,NA:no statistical guarantee,not-applicable,no_intervention,none,NA:no runtime intervention,NA:no runtime intervention,reported,NR:end-to-end online latency not reported,reported,Waymo,NR:predictive metrics not extracted,NA:no calibration metrics,NR:safety metrics not extracted,efficiency/travel-time; comfort,contextual
SNOW-C1D7F2B2C3F2,Constrained Update Projection Approach to Safe Policy Optimization,Yang Long; Jiaming Ji; Juntao Dai; Linrui Zhang; Binbin Zhou; Pengfei Li; Yaodong Yang; Gang Pan,2022,arXiv (Cornell University),10.48550/arxiv.2209.07089,preprint,no,contextual,mobile-robot-or-general-robotics,control-interface; policy-learning,policy,NR:road context not specified,vehicle; robot; heterogeneous,NR:input modality not reported in extracted evidence,safety-constraint,weather_or_visibility,NA:no explicit distribution-shift construction,NA:no explicit distribution-shift evaluation,no,constraint-violation,qualitative-narrative,NR:actionable monitoring horizon not reported,constraint-violation; reward-or-cost,probabilistic_model,variance; distribution,unspecified,model-output-score,信号是 CMDP 中学习得到的累计安全 cost、cost advantage 与约束上限；CUP 在每次策略改进后把可能违约的新策略投影回安全可行域，从而改变后续策略分布和连续控制动作；MuJoCo 与 Safety Gym 的 Point/Car、Goal/Button 等任务评价奖励、约束成本、违约情况和收敛速度并给出渐近安全保证，但没有道路自动驾驶场景验证。,reported,constraint,constraint-or-cost,none,NR:operational threshold not reported,NR:feedback timing not reported,NA:no explicit guarantee target,none,G0,none,NA:no statistical guarantee,NA:no statistical guarantee,NA:no statistical guarantee,not-applicable,trajectory_modification,none,continuous constraint-or-cost,NR:fallback policy not reported,reported,NR:end-to-end online latency not reported,NR:transportation-system impact not reported,Safety Gym; MuJoCo,NR:predictive metrics not extracted,NA:no calibration metrics,constraint-violation,completion/success; efficiency/travel-time; reward/return,contextual
SNOW-C31621F37D79,A review on AI Safety in highly automated driving,Moritz Wäschle; Florian Thaler; Axel Berres; Florian Pölzlbauer; Albert Albers,2022,Frontiers in Artificial Intelligence,10.3389/frai.2022.952773,article,yes,contextual,road-autonomous-driving,planning; control-interface,NA:no learned component clearly identified,NR:road context not specified,vehicle,NR:input modality not reported in extracted evidence,NR:output object not explicit,weather_or_visibility,NA:no explicit distribution-shift construction,NA:no explicit distribution-shift evaluation,no,off-road-or-boundary,qualitative-narrative,NR:actionable monitoring horizon not reported,NR:risk label source not explicitly reported,deterministic_confidence,NR:uncertainty output not explicitly reported,unspecified,not-applicable,系统综述高度自动驾驶AI的风险、失效、不确定性及验证测试信号；,reported,NA:no explicit calibration target,none,none,NA:no runtime intervention,NR:feedback timing not reported,NA:no explicit guarantee target,none,G0,none,NA:no statistical guarantee,NA:no statistical guarantee,NA:no statistical guarantee,not-applicable,no_intervention,none,NA:no runtime intervention,NA:no runtime intervention,reported,NR:end-to-end online latency not reported,NR:transportation-system impact not reported,Waymo; INTERACTION,accuracy/AUROC,NA:no calibration metrics,NR:safety metrics not extracted,completion/success; efficiency/travel-time; comfort,contextual
SNOW-C416E6EB85FF,Autonomous Vehicle Decision Making with Policy Prediction for Handling a Round Intersection,Xinchen Li; Levent Güvenç; Bilin Aksun Güvenç,2023,Preprints.org,10.20944/preprints202310.1451.v1,preprint,no,contextual,vehicle-pedestrian; traffic-system; road-autonomous-driving,perception-interface; planning; control-interface; policy-learning,NA:no learned component clearly identified,highway; urban; intersection; unstructured,vehicle; pedestrian; cyclist; heterogeneous,V2X,action,weather_or_visibility,NA:no explicit distribution-shift construction,NA:no explicit distribution-shift evaluation,no,collision; off-road-or-boundary,qualitative-narrative,NR:actionable monitoring horizon not reported,reward-or-cost,deterministic_confidence,NR:uncertainty output not explicitly reported,unspecified,not-applicable,"The method infers the most likely other-vehicle policy from observation history using a change-point procedure over a predetermined abstract policy set, while collision and gap safety are encoded by hand-designed penalties; sensing uncertainty is explicitly outside scope.",reported,NA:no explicit calibration target,constraint-or-cost,cost-or-objective; discrete-trigger,reported,NR:feedback timing not reported,NA:no explicit guarantee target,none,G0,none,NA:no statistical guarantee,NA:no statistical guarantee,NA:no statistical guarantee,not-applicable,emergency_braking,uncertainty_conditioned_policy,fixed-or-conditioned-threshold; see intervention evidence,emergency braking/stop,reported,NR:end-to-end online latency not reported,reported,SUMO; INTERACTION,accuracy/AUROC,NA:no calibration metrics,NR:safety metrics not extracted,efficiency/travel-time; comfort,contextual
SNOW-C524FCAF4962,Data-Driven Strategy Decision Integrating Convolution Neural Network With Threat Assessment and Motion Prediction for Automatic Evasive Steering,Ji-Min Lee; Bongsob Song,2023,IEEE Access,10.1109/access.2023.3341925,article,yes,contextual,vehicle-vehicle; traffic-system,perception-interface; motion-forecasting; planning; control-interface; policy-learning,planner; policy,highway; intersection,vehicle,trajectory; image; LiDAR; radar,action; warning-or-alarm,weather_or_visibility,NA:no explicit distribution-shift construction,NA:no explicit distribution-shift evaluation,no,collision,qualitative-narrative,reported,collision; TTC,probabilistic_model,NR:uncertainty output not explicitly reported,unspecified,not-applicable,"Signal: TTC, TLC, collision index, and predicted surrounding-vehicle trajectories are encoded as predicted semantic threat maps. Consumption: A CNN consumes those maps to select among deceleration, emergency steering, lane change, or shoulder-stop strategy labels, but the selected label is not executed by a trajectory planner or controller. Evaluation: Simulation and real-highway logs assess decision lead time, accuracy, false-alarm rate, and weighted F1 rather than post-action collision or task outcomes.",reported,trajectory,monitoring-only,discrete-trigger,NR:operational threshold not reported,NR:feedback timing not reported,detection-alarm,none,G0,none,NA:no statistical guarantee,NA:no statistical guarantee,NA:no statistical guarantee,not-applicable,monitoring_only,speed_reduction; warning_only,continuous constraint-or-cost,emergency braking/stop,NR:intervention cost not reported,NR:end-to-end online latency not reported,NR:transportation-system impact not reported,INTERACTION,accuracy/AUROC,NA:no calibration metrics,TTC/min-distance,comfort,contextual
SNOW-C93315051D41,Benchmarking Safe Reinforcement Learning Algorithms for Autonomous Driving: A Comparative Evaluation in Simulated Environments,Md Minhajul Islam; Md Asraful Islam,2026,European Journal of Applied Science Engineering and Technology,10.59324/ejaset.2026.4(2).10,article,yes,contextual,vehicle-pedestrian; vehicle-vehicle; traffic-system; road-autonomous-driving,perception-interface; control-interface; policy-learning,policy,highway; urban; intersection,vehicle; pedestrian; heterogeneous,NR:input modality not reported in extracted evidence,safety-constraint,weather_or_visibility,online temporal change,synthetic,no,collision; constraint-violation; off-road-or-boundary,qualitative-narrative,NR:actionable monitoring horizon not reported,TTC; constraint-violation; reward-or-cost,deterministic_confidence,NR:uncertainty output not explicitly reported,unspecified,not-applicable,综述碰撞、越线、TTC、成本约束及分布偏移等安全信号；,reported,NA:no explicit calibration target,none,none,reported,NR:feedback timing not reported,NA:no explicit guarantee target,none,G0,none,NA:no statistical guarantee,NA:no statistical guarantee,NA:no statistical guarantee,not-applicable,no_intervention,none,NA:no runtime intervention,NA:no runtime intervention,reported,NR:end-to-end online latency not reported,NR:transportation-system impact not reported,CARLA; INTERACTION,accuracy/AUROC,NA:no calibration metrics,collision; TTC/min-distance; constraint-violation,completion/success; efficiency/travel-time; comfort; reward/return,contextual
SNOW-C964BBC5CAE3,Safe Reinforcement Learning in Constrained Markov Decision Processes,Akifumi Wachi; Yanan Sui,2020,arXiv (Cornell University),10.48550/arxiv.2008.06626,preprint,no,contextual,traffic-system,control-interface; policy-learning,policy,intersection,robot,image,safety-constraint,weather_or_visibility,NA:no explicit distribution-shift construction,NA:no explicit distribution-shift evaluation,no,unsafe-control,qualitative-narrative,NR:actionable monitoring horizon not reported,reward-or-cost,formal_or_reachability_bound; probabilistic_model,interval; variance,unspecified,model-output-score,高斯过程后验均值与方差形成未知安全函数的置信下界及状态安全概率；,reported,constraint,constraint-or-cost,none,reported,NR:feedback timing not reported,NA:no explicit guarantee target,none,G0,none,NA:no statistical guarantee,NA:no statistical guarantee,NA:no statistical guarantee,not-applicable,trajectory_modification,none,fixed-or-conditioned-threshold; see intervention evidence,NR:fallback policy not reported,reported,NR:end-to-end online latency not reported,NR:transportation-system impact not reported,NR:dataset or simulator not extracted,accuracy/AUROC,NA:no calibration metrics,NR:safety metrics not extracted,efficiency/travel-time; reward/return,contextual
SNOW-CA1A26653EB5,Safe Policy Optimization with Local Generalized Linear Function\n Approximations,Akifumi Wachi; Yunyue Wei; Yanan Sui,2021,ArXiv.org,10.48550/arxiv.2111.04894,preprint,no,contextual,vehicle-pedestrian; road-autonomous-driving,perception-interface; policy-learning,policy,NR:road context not specified,vehicle; pedestrian; robot; heterogeneous,NR:input modality not reported in extracted evidence,safety-constraint,weather_or_visibility,NA:no explicit distribution-shift construction,NA:no explicit distribution-shift evaluation,no,constraint-violation; unsafe-control,qualitative-narrative,NR:actionable monitoring horizon not reported,constraint-violation; reward-or-cost,deterministic_confidence,NR:uncertainty output not explicitly reported,unspecified,not-applicable,由局部传感特征经广义线性模型估计的奖励/安全函数置信上下界和悲观安全集合；,NR:risk or safety loss not explicitly reported,NA:no explicit calibration target,constraint-or-cost,none,reported,NR:feedback timing not reported,NA:no explicit guarantee target,none,G0,none,NA:no statistical guarantee,NA:no statistical guarantee,NA:no statistical guarantee,not-applicable,trajectory_modification,none,fixed-or-conditioned-threshold; see intervention evidence,NR:fallback policy not reported,reported,NR:end-to-end online latency not reported,NR:transportation-system impact not reported,NR:dataset or simulator not extracted,accuracy/AUROC,NA:no calibration metrics,constraint-violation,efficiency/travel-time; reward/return,contextual
SNOW-CBF48BD0CEAA,Stochastic Models for Autonomous Systems and Robotics,Shankha Shubhra Goswami; Surajit Mondal,2025,Spectrum of Operational Research.,10.31181/sor31202647,article,yes,contextual,road-autonomous-driving,perception-interface; planning; control-interface,NA:no learned component clearly identified,urban,vehicle; robot; heterogeneous,state; image; LiDAR,NR:output object not explicit,weather_or_visibility,NA:no explicit distribution-shift construction,NA:no explicit distribution-shift evaluation,no,NR:safety consequence not explicitly operationalized,qualitative-narrative,NR:actionable monitoring horizon not reported,NR:risk label source not explicitly reported,probabilistic_model,NR:uncertainty output not explicitly reported,unspecified,not-applicable,MDP转移概率、Kalman协方差与MCL粒子权重表示交通和传感器不确定性；,reported,NA:no explicit calibration target,constraint-or-cost,none,NR:operational threshold not reported,NR:feedback timing not reported,NA:no explicit guarantee target,none,G0,none,NA:no statistical guarantee,NA:no statistical guarantee,NA:no statistical guarantee,not-applicable,trajectory_modification,none,NR:trigger rule not explicitly reported,NR:fallback policy not reported,reported,NR:end-to-end online latency not reported,reported,INTERACTION,accuracy/AUROC,NA:no calibration metrics,NR:safety metrics not extracted,efficiency/travel-time; reward/return,contextual
SNOW-CDE658D2744A,An Empirical Study of DDPG and PPO-Based Reinforcement Learning Algorithms for Autonomous Driving,Sanjna Siboo; A. Bhattacharyya; Rashmi Naveen Raj; S. H. Ashwin,2023,IEEE Access,10.1109/access.2023.3330665,article,yes,contextual,traffic-system; road-autonomous-driving,perception-interface; planning; control-interface; policy-learning,policy,highway,vehicle; vessel; heterogeneous,image; LiDAR; V2X,action,weather_or_visibility,NA:no explicit distribution-shift construction,NA:no explicit distribution-shift evaluation,no,collision,not-applicable,NR:actionable monitoring horizon not reported,reward-or-cost,deterministic_confidence,NR:uncertainty output not explicitly reported,unspecified,not-applicable,信号主要是 TORCS 传感器状态、训练奖励、碰撞后 damage penalty 及规则式障碍距离阈值，而不是执行前的不确定性或风险估计；DDPG/PPO 学习策略直接输出加速、制动和转向，另有距离阈值触发的手工制动，但运行时没有独立风险信号供规划器消费；单车道保持和多车避碰实验只比较累计奖励、收敛速度及碰撞训练表现，未检验风险校准或风险驱动干预，因此缺少运行时风险信号。,reported,NA:no explicit calibration target,none,none,NA:no runtime intervention,delayed observed outcome,NA:no explicit guarantee target,none,G0,none,NA:no statistical guarantee,NA:no statistical guarantee,NA:no statistical guarantee,not-applicable,no_intervention,none,NA:no runtime intervention,NA:no runtime intervention,reported,NR:end-to-end online latency not reported,reported,Waymo; CARLA; SUMO; INTERACTION,accuracy/AUROC,NA:no calibration metrics,NR:safety metrics not extracted,efficiency/travel-time; comfort; reward/return,contextual
SNOW-D43000E98F0D,A Comparison of Uncertainty Estimation Approaches in Deep Learning Components for Autonomous Vehicle Applications,Fabio Arnéz; Huáscar Espinoza; Ansgar Radermacher; François Terrier,2020,arXiv (Cornell University),10.48550/arxiv.2006.15172,preprint,no,contextual,road-autonomous-driving,perception-interface; control-interface,uncertainty-estimator,NR:road context not specified,vehicle,NR:input modality not reported in extracted evidence,NR:output object not explicit,cross_city_or_domain; weather_or_visibility; epistemic_uncertainty; aleatoric_uncertainty,synthetic perturbation,natural; synthetic,no,NR:safety consequence not explicitly operationalized,qualitative-narrative,NR:actionable monitoring horizon not reported,NR:risk label source not explicitly reported,post_hoc_calibration; mc_dropout; bayesian_neural_network; probabilistic_model,interval; variance; distribution,aleatoric; epistemic,model-output-score,文章比较DNN的偶然/认知不确定性、OOD检测与校准指标，覆盖感知和端到端转向组件；,NR:risk or safety loss not explicitly reported,NA:no explicit calibration target,none,none,reported,NR:feedback timing not reported,NA:no explicit guarantee target,none,G0,none,NA:no statistical guarantee,NA:no statistical guarantee,NA:no statistical guarantee,not-applicable,no_intervention,none,NA:no runtime intervention,NA:no runtime intervention,NA:no runtime intervention,NR:end-to-end online latency not reported,NR:transportation-system impact not reported,NR:dataset or simulator not extracted,accuracy/AUROC,ECE,NR:safety metrics not extracted,NR:utility metrics not extracted,contextual
SNOW-D9D7D634D0C0,COLREGs-Compliant Unmanned Surface Vehicles Collision Avoidance Based on Multi-Objective Genetic Algorithm,Jun Ning; Hanmin Chen; Tieshan Li; Wei Li; Chunze Li,2020,IEEE Access,10.1109/access.2020.3030262,article,yes,contextual,unmanned-surface-vessel,planning; control-interface,NA:no learned component clearly identified,NR:road context not specified,vehicle; vessel; heterogeneous,image,action,weather_or_visibility,NA:no explicit distribution-shift construction,NA:no explicit distribution-shift evaluation,no,collision,qualitative-narrative,NR:actionable monitoring horizon not reported,NR:risk label source not explicitly reported,deterministic_confidence,NR:uncertainty output not explicitly reported,unspecified,not-applicable,基于时间和空间指标形成模糊动态船舶碰撞风险及安全阈值；,NR:risk or safety loss not explicitly reported,collision,constraint-or-cost,none,reported,NR:feedback timing not reported,NA:no explicit guarantee target,none,G0,none,NA:no statistical guarantee,NA:no statistical guarantee,NA:no statistical guarantee,not-applicable,trajectory_modification,none,fixed-or-conditioned-threshold; see intervention evidence,NR:fallback policy not reported,NR:intervention cost not reported,NR:end-to-end online latency not reported,NR:transportation-system impact not reported,NR:dataset or simulator not extracted,accuracy/AUROC,NA:no calibration metrics,TTC/min-distance,NR:utility metrics not extracted,contextual
SNOW-DA8E87CDC03F,Bi-directional Value Learning for Risk-aware Planning Under Uncertainty: Extended Version,"Kim, Sung-Kyun; Thakker, Rohan; Agha-mohammadi, Ali-akbar",2019,arXiv (Cornell University),10.1109/lra.2019.2903259,preprint,no,contextual,mobile-robot-or-general-robotics,perception-interface; planning; policy-learning,NA:no learned component clearly identified,NR:road context not specified,vehicle; robot; heterogeneous,state,NR:output object not explicit,weather_or_visibility,NA:no explicit distribution-shift construction,NA:no explicit distribution-shift evaluation,no,collision,empirical-validated,reported,NR:risk label source not explicitly reported,probabilistic_model,NR:uncertainty output not explicitly reported,unspecified,not-applicable,POMDP信念状态中的运动/观测不确定性、整条策略的累积碰撞失败概率及双向学习的风险感知价值函数；,NR:risk or safety loss not explicitly reported,NA:no explicit calibration target,constraint-or-cost,none,NR:operational threshold not reported,delayed observed outcome,NA:no explicit guarantee target,none,G0,none,NA:no statistical guarantee,NA:no statistical guarantee,NA:no statistical guarantee,not-applicable,trajectory_modification,none,continuous constraint-or-cost,replanning,NR:intervention cost not reported,NR:end-to-end online latency not reported,NR:transportation-system impact not reported,NR:dataset or simulator not extracted,accuracy/AUROC,NA:no calibration metrics,NR:safety metrics not extracted,NR:utility metrics not extracted,contextual
SNOW-DB287DFEE5E1,Driver Behavior Modeling Toward Autonomous Vehicles: Comprehensive Review,Natnael M. Negash; James Yang,2023,IEEE Access,10.1109/access.2023.3249144,article,yes,contextual,vehicle-pedestrian; traffic-system; road-autonomous-driving,perception-interface; planning; control-interface,NA:no learned component clearly identified,parking; mixed,vehicle; pedestrian; robot; vessel; heterogeneous,V2X,NR:output object not explicit,weather_or_visibility,NA:no explicit distribution-shift construction,NA:no explicit distribution-shift evaluation,no,collision,qualitative-narrative,NR:actionable monitoring horizon not reported,collision,deterministic_confidence,NR:uncertainty output not explicitly reported,unspecified,not-applicable,综述汇总驾驶意图、行为类别、风险场和概率式驾驶员模型；,reported,NA:no explicit calibration target,none,none,reported,NR:feedback timing not reported,NA:no explicit guarantee target,none,G0,none,NA:no statistical guarantee,NA:no statistical guarantee,NA:no statistical guarantee,not-applicable,no_intervention,none,NA:no runtime intervention,NA:no runtime intervention,reported,NR:end-to-end online latency not reported,NR:transportation-system impact not reported,Waymo; INTERACTION; NGSIM,accuracy/AUROC,NA:no calibration metrics,NR:safety metrics not extracted,efficiency/travel-time; reward/return,contextual
SNOW-E14EBC526A79,"A comprehensive review of embedded systems in autonomous vehicles: Trends, challenges, and future directions",Sedat Sonko; Emmanuel Augustine Etukudoh; Kenneth Ifeanyi Ibekwe; Valentine Ikenna Ilojianya; Cosmas Dominic Daudu,2024,World Journal of Advanced Research and Reviews,10.30574/wjarr.2024.21.1.0258,article,yes,contextual,vehicle-pedestrian; road-autonomous-driving,perception-interface; control-interface,NA:no learned component clearly identified,parking,vehicle; pedestrian; vessel; heterogeneous,image; LiDAR; radar; V2X,action,weather_or_visibility,NA:no explicit distribution-shift construction,NA:no explicit distribution-shift evaluation,no,NR:safety consequence not explicitly operationalized,qualitative-narrative,NR:actionable monitoring horizon not reported,NR:risk label source not explicitly reported,deterministic_confidence,NR:uncertainty output not explicitly reported,unspecified,not-applicable,综述汇总感知不确定性、故障、网络攻击及安全风险等多类信号；,NR:risk or safety loss not explicitly reported,NA:no explicit calibration target,none,none,NA:no runtime intervention,delayed observed outcome,NA:no explicit guarantee target,none,G0,none,NA:no statistical guarantee,NA:no statistical guarantee,NA:no statistical guarantee,not-applicable,no_intervention,none,NA:no runtime intervention,NA:no runtime intervention,reported,NR:end-to-end online latency not reported,reported,INTERACTION,accuracy/AUROC,NA:no calibration metrics,NR:safety metrics not extracted,efficiency/travel-time; comfort,contextual
SNOW-E66F5A9C5E98,System risk quantification and decision making support using functional modeling and dynamic Bayesian network,Junyung Kim; Xingang Zhao; Asad Ullah Amin Shah; Hyun Gook Kang,2021,OSTI OAI (U.S. Department of Energy Office of Scientific and Technical Information),10.1016/j.ress.2021.107880,article,yes,contextual,general-autonomous-system,control-interface,NA:no learned component clearly identified,urban,vehicle; vessel; heterogeneous,state,risk-score; action,epistemic_uncertainty,NA:no explicit distribution-shift construction,NA:no explicit distribution-shift evaluation,no,NR:safety consequence not explicitly operationalized,qualitative-narrative,NR:actionable monitoring horizon not reported,NR:risk label source not explicitly reported,probabilistic_model,probability,epistemic,model-output-score,信号是 MFM-DBN 根据当前系统状态和候选操作计算的时变条件系统失效概率与累计风险曲线；该风险曲线用于比较并推荐开启应急泵、关闭加热器或部署 FLEX 设备等操作策略，因而会改变操作者动作，但没有道路车辆规划或自动驾驶验证；加热系统及核电站全厂断电仿真以系统失效/堆芯损伤概率评价安全后果，方法可迁移但缺少道路场景验证。,NR:risk or safety loss not explicitly reported,NA:no explicit calibration target,constraint-or-cost,none,reported,delayed observed outcome,NA:no explicit guarantee target,none,G0,none,NA:no statistical guarantee,NA:no statistical guarantee,NA:no statistical guarantee,not-applicable,trajectory_modification,none,fixed-or-conditioned-threshold; see intervention evidence,NR:fallback policy not reported,NR:intervention cost not reported,NR:end-to-end online latency not reported,NR:transportation-system impact not reported,INTERACTION,NR:predictive metrics not extracted,NA:no calibration metrics,NR:safety metrics not extracted,NR:utility metrics not extracted,contextual
SNOW-E9E7E21B876B,Deep Learning for Safe Autonomous Driving: Current Challenges and Future Directions,Khan Muhammad; Amin Ullah; Jaime Lloret; Javier Del Ser; Victor Hugo C. de Albuquerque,2020,IEEE Transactions on Intelligent Transportation Systems,10.1109/tits.2020.3032227,article,yes,contextual,vehicle-pedestrian; road-autonomous-driving,perception-interface; control-interface; policy-learning,NA:no learned component clearly identified,urban,vehicle; pedestrian; heterogeneous,image; radar; V2X,action; warning-or-alarm,weather_or_visibility; sensor_or_perception_error,NA:no explicit distribution-shift construction,NA:no explicit distribution-shift evaluation,no,collision; off-road-or-boundary,qualitative-narrative,NR:actionable monitoring horizon not reported,collision,deterministic_confidence,NR:uncertainty output not explicitly reported,unspecified,not-applicable,综述讨论深度学习感知、碰撞规避、Bayesian/Monte-Carlo dropout 不确定性与风险评估；,NR:risk or safety loss not explicitly reported,NA:no explicit calibration target,none,none,NA:no runtime intervention,delayed observed outcome,NA:no explicit guarantee target,none,G0,none,NA:no statistical guarantee,NA:no statistical guarantee,NA:no statistical guarantee,not-applicable,no_intervention,none,NA:no runtime intervention,NA:no runtime intervention,NA:no runtime intervention,reported at PDF p. 10: real time processing been performed using the AUC. The mainstream methods because it requires 0.115 s,NR:transportation-system impact not reported,Waymo; KITTI,accuracy/AUROC,NA:no calibration metrics,NR:safety metrics not extracted,NR:utility metrics not extracted,contextual
SNOW-E9F89C34154A,End-to-end Autonomous Driving using Deep Learning: A Systematic Review,Apoorv Singh,2023,arXiv (Cornell University),10.48550/arxiv.2311.18636,preprint,no,contextual,vehicle-pedestrian; traffic-system; road-autonomous-driving,perception-interface; behavior-prediction; motion-forecasting; planning; control-interface; policy-learning,policy,intersection,vehicle; pedestrian; cyclist; robot; heterogeneous,state; map; image; LiDAR; radar,action,weather_or_visibility,NA:no explicit distribution-shift construction,NA:no explicit distribution-shift evaluation,yes,collision,qualitative-narrative,NR:actionable monitoring horizon not reported,NR:risk label source not explicitly reported,deterministic_confidence,NR:uncertainty output not explicitly reported,unspecified,model-output-score,文中信号是被综述端到端驾驶工作各自使用的传感、预测、代价、碰撞风险或不确定性信息，而非本文提出并在线计算的统一风险信号；所述既有模型可把这些输入映射为轨迹或控制，但本文自身不改变任何规划候选或车辆动作；证据仅为方法分类、基准与开放挑战的文献综合，没有本文方法的闭环安全或任务后果实验，因此作为既有系统综述保留。,reported,trajectory; collision,none,none,NA:no runtime intervention,delayed observed outcome,NA:no explicit guarantee target,none,G0,none,NA:no statistical guarantee,NA:no statistical guarantee,NA:no statistical guarantee,not-applicable,no_intervention,none,NA:no runtime intervention,NA:no runtime intervention,reported,NR:end-to-end online latency not reported,reported,CARLA; INTERACTION,accuracy/AUROC,NA:no calibration metrics,NR:safety metrics not extracted,efficiency/travel-time; comfort,contextual
SNOW-EA5921015DA3,Bridging the Gap: Regularized Reinforcement Learning for Improved Classical Motion Planning with Safety Modules,Elias Goldsztejn; Ronen I. Brafman,2024,arXiv (Cornell University),10.48550/arxiv.2403.18524,preprint,no,contextual,mobile-robot-or-general-robotics; road-autonomous-driving,planning; control-interface; policy-learning,policy,urban,vehicle; robot; heterogeneous,NR:input modality not reported in extracted evidence,NR:output object not explicit,weather_or_visibility,NA:no explicit distribution-shift construction,NA:no explicit distribution-shift evaluation,no,collision,qualitative-narrative,NR:actionable monitoring horizon not reported,reward-or-cost,deterministic_confidence,NR:uncertainty output not explicitly reported,unspecified,not-applicable,"Signal: a learned fuzzy supervisor identifies critical proximity from obstacle distance, robot velocity, and safety radius. Planning/action consumption: the supervisor switches execution from the RL policy to the safer DWA planner. Evaluation: hospital-like simulation and physical mobile-robot trials report critical situations, collisions, dissatisfaction, and interventions, but there is no road-driving validation.",reported,NA:no explicit calibration target,constraint-or-cost,discrete-trigger,reported,delayed observed outcome,NA:no explicit guarantee target,none,G0,none,NA:no statistical guarantee,NA:no statistical guarantee,NA:no statistical guarantee,not-applicable,trajectory_modification,none,fixed-or-conditioned-threshold; see intervention evidence,NR:fallback policy not reported,reported,NR:end-to-end online latency not reported,NR:transportation-system impact not reported,INTERACTION; Shifts,NR:predictive metrics not extracted,NA:no calibration metrics,NR:safety metrics not extracted,efficiency/travel-time; reward/return,contextual
SNOW-F179A0443D17,HAIM-DRL: Enhanced Human-in-the-loop Reinforcement Learning for Safe and Efficient Autonomous Driving,Zilin Huang; Zihao Sheng; Chengyuan Ma; Sikai Chen,2024,arXiv (Cornell University),10.48550/arxiv.2401.03160,preprint,no,contextual,traffic-system; road-autonomous-driving,perception-interface; control-interface; policy-learning,policy,urban; intersection; mixed,vehicle; robot; heterogeneous,image,risk-score,weather_or_visibility,online temporal change; adversarial construction,natural; adversarial,no,collision,qualitative-narrative,NR:actionable monitoring horizon not reported,reward-or-cost,deterministic_confidence,probability,unspecified,model-output-score,训练阶段由人类专家识别危险并产生接管指示与接管代价；,reported,NA:no explicit calibration target,monitoring-only,none,reported,NR:feedback timing not reported,NA:no explicit guarantee target,none,G0,none,NA:no statistical guarantee,NA:no statistical guarantee,NA:no statistical guarantee,not-applicable,monitoring_only,warning_only,fixed-or-conditioned-threshold; see intervention evidence,human takeover,reported,NR:end-to-end online latency not reported,reported,CARLA; INTERACTION,NR:predictive metrics not extracted,NA:no calibration metrics,constraint-violation,completion/success; efficiency/travel-time; comfort; reward/return,contextual
SNOW-F89445419048,"A Review of Tracking, Prediction and Decision Making Methods for Autonomous Driving",Florin Leon; Marius Gavrilescu,2019,arXiv (Cornell University),10.48550/arxiv.1909.07707,preprint,no,contextual,vehicle-pedestrian; vehicle-vehicle; road-autonomous-driving,perception-interface; planning; control-interface; policy-learning,policy,urban; intersection,vehicle; pedestrian; robot; heterogeneous,image; LiDAR,NR:output object not explicit,weather_or_visibility; sensor_or_perception_error,NA:no explicit distribution-shift construction,NA:no explicit distribution-shift evaluation,no,NR:safety consequence not explicitly operationalized,qualitative-narrative,reported,NR:risk label source not explicitly reported,deterministic_confidence,NR:uncertainty output not explicitly reported,unspecified,not-applicable,综述覆盖跟踪置信、概率轨迹、碰撞概率和风险评估等道路环境信号；,reported,NA:no explicit calibration target,none,none,NA:no runtime intervention,NR:feedback timing not reported,NA:no explicit guarantee target,none,G0,none,NA:no statistical guarantee,NA:no statistical guarantee,NA:no statistical guarantee,not-applicable,no_intervention,none,NA:no runtime intervention,NA:no runtime intervention,NA:no runtime intervention,NR:end-to-end online latency not reported,NR:transportation-system impact not reported,INTERACTION,accuracy/AUROC,NA:no calibration metrics,NR:safety metrics not extracted,reward/return,contextual
SNOW-F9222D3F7AA6,Reinforcement learning in autonomous driving,Dantong Xiang,2024,Applied and Computational Engineering,10.54254/2755-2721/48/20241072,article,yes,contextual,vehicle-pedestrian; vehicle-vehicle; traffic-system; road-autonomous-driving,perception-interface; planning; control-interface; policy-learning,policy; uncertainty-estimator,highway; urban; intersection,vehicle; pedestrian; heterogeneous,image; LiDAR; V2X,action,weather_or_visibility,NA:no explicit distribution-shift construction,NA:no explicit distribution-shift evaluation,no,collision,qualitative-narrative,NR:actionable monitoring horizon not reported,reward-or-cost,mc_dropout; bayesian_neural_network,NR:uncertainty output not explicitly reported,unspecified,not-applicable,文章综述RL奖励、贝叶斯不确定性及自动驾驶感知、规划和控制方法，并未实现自己的运行时风险信号；,reported,NA:no explicit calibration target,none,none,NA:no runtime intervention,NR:feedback timing not reported,NA:no explicit guarantee target,none,G0,none,NA:no statistical guarantee,NA:no statistical guarantee,NA:no statistical guarantee,not-applicable,no_intervention,none,NA:no runtime intervention,NA:no runtime intervention,reported,NR:end-to-end online latency not reported,reported,INTERACTION,accuracy/AUROC,NA:no calibration metrics,NR:safety metrics not extracted,efficiency/travel-time; comfort,contextual
SNOW-F96F6B9DE5A5,Emerging Threats in Deep Learning-Based Autonomous Driving: A Comprehensive Survey,Hui Cao; Wenlong Zou; Yinkun Wang; Ting Song; Mengjun Liu,2022,arXiv (Cornell University),10.48550/arxiv.2210.11237,preprint,no,contextual,traffic-system; road-autonomous-driving,perception-interface; motion-forecasting; control-interface,NA:no learned component clearly identified,NR:road context not specified,vehicle; vessel; heterogeneous,image; LiDAR; radar; V2X,action; warning-or-alarm,weather_or_visibility,NA:no explicit distribution-shift construction,NA:no explicit distribution-shift evaluation,no,NR:safety consequence not explicitly operationalized,qualitative-narrative,NR:actionable monitoring horizon not reported,NR:risk label source not explicitly reported,generative_or_diffusion,NR:uncertainty output not explicitly reported,unspecified,not-applicable,综述传感、感知、轨迹预测、模仿学习、强化学习与车联网中的攻击和安全风险；,reported,trajectory,none,none,reported,NR:feedback timing not reported,NA:no explicit guarantee target,none,G0,none,NA:no statistical guarantee,NA:no statistical guarantee,NA:no statistical guarantee,not-applicable,no_intervention,none,NA:no runtime intervention,NA:no runtime intervention,NA:no runtime intervention,NR:end-to-end online latency not reported,NR:transportation-system impact not reported,Waymo; CARLA; INTERACTION,accuracy/AUROC,NA:no calibration metrics,NR:safety metrics not extracted,reward/return,contextual
SNOW-F9A5E35F5BDC,Harnessing Uncertainty in Autonomous Vehicle Safety,Stephen Thomas; Dirk Vandenberg,2019,Journal of System Safety,10.56094/jss.v55i2.46,article,yes,contextual,vehicle-pedestrian; traffic-system; road-autonomous-driving,risk-monitoring,NA:no learned component clearly identified,intersection; parking,vehicle; pedestrian; cyclist; heterogeneous,image,NR:output object not explicit,weather_or_visibility; epistemic_uncertainty,NA:no explicit distribution-shift construction,NA:no explicit distribution-shift evaluation,no,NR:safety consequence not explicitly operationalized,qualitative-narrative,NR:actionable monitoring horizon not reported,NR:risk label source not explicitly reported,probabilistic_model,NR:uncertainty output not explicitly reported,epistemic,not-applicable,综述将自动驾驶安全论证中的不确定性分为域、场景和性能三类，而未给出可执行的运行时风险分数；,NR:risk or safety loss not explicitly reported,NA:no explicit calibration target,none,none,reported,NR:feedback timing not reported,NA:no explicit guarantee target,none,G0,none,NA:no statistical guarantee,NA:no statistical guarantee,NA:no statistical guarantee,not-applicable,no_intervention,none,NA:no runtime intervention,NA:no runtime intervention,NA:no runtime intervention,NR:end-to-end online latency not reported,NR:transportation-system impact not reported,NR:dataset or simulator not extracted,accuracy/AUROC,NA:no calibration metrics,NR:safety metrics not extracted,NR:utility metrics not extracted,contextual
SNOW-FE6FB50AC3D5,Research On Motion Planning for Intelligent Driving,Buwen Zhang,2025,Highlights in Science Engineering and Technology,10.54097/r7sddp83,article,yes,contextual,vehicle-pedestrian; vehicle-vehicle; road-autonomous-driving,perception-interface; planning; control-interface,NA:no learned component clearly identified,urban,vehicle; pedestrian; robot; heterogeneous,image; LiDAR; V2X,action,weather_or_visibility,NA:no explicit distribution-shift construction,NA:no explicit distribution-shift evaluation,no,collision,qualitative-narrative,NR:actionable monitoring horizon not reported,NR:risk label source not explicitly reported,deterministic_confidence,NR:uncertainty output not explicitly reported,unspecified,not-applicable,"Signal: the review discusses obstacle detections, predicted trajectories, safety buffers, critical distance, and generic collision risk as planning inputs. Planning/action consumption: surveyed search, sampling, spline, MPC, and reactive-safety methods turn these inputs into trajectories, control commands, or emergency braking. Evaluation: it is a narrative overview of prior road-motion-planning work and supplies no new learned risk model, integrated experiment, or safety evaluation.",NR:risk or safety loss not explicitly reported,collision,none,discrete-trigger,reported,NR:feedback timing not reported,collision-risk,none,G0,none,NA:no statistical guarantee,NA:no statistical guarantee,NA:no statistical guarantee,not-applicable,no_intervention,none,NA:no runtime intervention,NA:no runtime intervention,reported,"reported at PDF p. 4: computation time, making them well-suited for scenarios with stringent real-time requirements. 3.1.2 S",reported,INTERACTION,NR:predictive metrics not extracted,NA:no calibration metrics,NR:safety metrics not extracted,efficiency/travel-time; comfort,contextual
HAND-T12,Collision Risk Estimation via Loss Prediction in End-to-End Autonomous Driving,Ziliang Xiong; Shipeng Liu; Nathaniel Helgesen; Hongwei Li; Joakim Johnander; Per-Erik Forssen,2025,arXiv preprint,NR:DOI or canonical URL not available,preprint,no,core,vehicle-vehicle; vehicle-pedestrian,planning; runtime monitoring; intervention,RiskMonitor over frozen UniAD/VAD tokens,urban,vehicle; pedestrian,planning token; motion token; state features,collision-loss probability score,cross_city_or_domain; long_tail_scenario; model_misspecification,cross-video sequence generalization; NeuroNCAP collision scenarios,natural; curated synthetic,no,planner collision,empirical-validated,planner candidate horizon; explicit warning lead not separately reported,training collision loss > 0,failure_prediction; deterministic_confidence,collision probability-like score,unspecified,model-output-score,probability that planner collision loss is positive,reported,collision classification; not reliability-calibrated,triggered-intervention,risk threshold,predetermined score threshold; selection rationale NR,outcome available after rollout; no online update,planner collision-loss event,empirical_confidence,G1,none,candidate plan/episode collision,yes:cross-sequence degradation and NeuroNCAP transfer,no,not-applicable,emergency_braking,none,score exceeds predetermined threshold,maximum-deceleration braking,false alarms/performance loss not systematically reported,NR,ego collision reduction; no comfort/traffic-flow assessment,nuScenes; NeuroNCAP; UniAD; VAD,AUROC; AP; precision/recall,none,collision rate,NR,core
HAND-T17,"Uncertainty-Aware Prediction and Application in Planning for Autonomous Driving: Definitions, Methods, and Comparison",Wenbo Shao; Jiahui Xu; Zhong Cao; Hong Wang; Jun Li,2025,IEEE Transactions on Intelligent Transportation Systems,NR:DOI or canonical URL not available,journal,yes,core,vehicle-vehicle; heterogeneous traffic,motion forecasting; planning,multi-uncertainty predictor; candidate planner,urban; mixed CommonRoad,vehicle; heterogeneous road users,state; trajectory; map,SAU/LAU/EU distributions; candidate trajectory risk,sensor_or_perception_error; interaction_uncertainty; epistemic_uncertainty; aleatoric_uncertainty,occlusion and Gaussian noise stress tests,synthetic; curated,no,collision probability times harm; route failure,empirical-validated,planning/prediction horizon; exact advance alarm NA,mode probabilities/distributions and collision geometry,mixture_model; deep_ensemble; probabilistic_model,short/long aleatoric and epistemic uncertainty; collision risk,aleatoric; epistemic; total,hybrid:learned-parametric+ensemble-derived,collision probability times injury severity aggregated across agents/modes,reported,none: variance correction is not empirical risk calibration,constraint-or-cost,risk-based candidate scoring,weighted/most-likely/max-risk selection policies; no calibrated budget,no online recalibration,empirical collision-risk model,empirical_confidence,G1,none,candidate trajectories in CommonRoad episodes,yes:noise/occlusion stress tests,no calibrated validity under shift,not-applicable,candidate_reranking,replanning,weighted/most-likely/max risk ranks 241 candidates,emergency candidates included,success/collision trade-off; comfort/efficiency limited,NR,ego success/collision; no traffic flow,CommonRoad; 2000 scenarios,ADE/FDE and distribution metrics,variance correction only; no reliability metric,collision rate,success rate,core
HAND-T19,SafePath: Conformal Prediction for Safe LLM-Based Autonomous Navigation,Achref Doula; Max Muhlhauser; Alejandro Sanchez Guinea,2025,arXiv preprint,NR:DOI or canonical URL not available,preprint,no,core,single vehicle; vehicle-vehicle,trajectory generation; planning; human fallback,two LLMs; split CP selector,urban; highway,vehicle,scene text/state; generated candidate paths,conformal path set; selected path or human handoff,model_misspecification; long_tail_scenario; interaction_uncertainty,nuScenes logs and Highway-env episodes,natural; synthetic,no,path collision; unsafe candidate selection,formal-quantitative,per-decision candidate set; explicit time lead NR,labeled safe/ground-truth path and collision evaluator,conformal_prediction; selective_prediction,prediction set; nonconformity score,total/unspecified,set-based,set contains a labeled safe path with probability at least 1-alpha,NR:risk or safety loss not explicitly reported,candidate-path set coverage,triggered-intervention,set emptiness/disagreement and collision ranking,alpha and set disagreement/emptiness; collision ranking inside nonempty set,offline calibration; no online update,safe-path set coverage,marginal_finite_sample,G3,none,candidate set only; not established for selected path,yes:coverage/collision experiments; logical gap remains,no,conditional,abstention_or_rejection,candidate_reranking; human_handoff,empty/high-disagreement set triggers human; otherwise lowest predicted collision,human takeover assumed safe,handoff frequency/utility incompletely reported,NR,ego collision/success only,nuScenes; Highway-env,path-generation metrics NR,set coverage,collision rate,success rate; handoff NR,core
HAND-T20,Does Knowledge About Perceptual Uncertainty Help an Agent in Automated Driving?,Natalie Grabowsky; Annika Mutze; Joshua Wendland; Nils Jansen; Matthias Rottmann,2025,IEEE IV 2025; CVPRW 2026 related version,NR:DOI or canonical URL not available,conference,yes,core,single vehicle,perception-to-policy interface,PPO driving policy,single 150 m CARLA route,ego vehicle; lead vehicle,semantic BEV; oracle fault one-hot,driving action/policy behavior,sensor_or_perception_error; epistemic_uncertainty,hide lead vehicle in semantic BEV; controlled fault types,synthetic,no,collision; defensive driving; task failure,empirical-validated,current-step fault information; no predictive lead,injected perception-fault type/oracle indicator,deterministic_confidence; uncertainty_conditioned_policy,four-dimensional oracle fault indicator,epistemic/known injected,oracle-injected,known perceptual fault type supplied to policy,reported,none,constraint-or-cost,oracle fault state augmentation,policy learned from state augmentation; no explicit runtime threshold,no online update; fault label supplied immediately,none,none,G0,none,single-route policy behavior,yes:perturbation regimes,no,not-applicable,uncertainty_conditioned_policy,speed_reduction,learned policy conditions continuously on fault one-hot,learned defensive action; no explicit fallback,time/distance/braking trade-off shown,NR,only ego completion/speed/distance,CARLA single 150 m route,RL return NR,none,collision/task failure,completion time; speed; braking; following distance,core
REC-1E3C3FD0433A,"MP3: A Unified Model to Map, Perceive, Predict and Plan","Casas, Sergio; Sadat, Abbas; Urtasun, Raquel",2021,Proceedings of the IEEE Computer Society Conference on Computer Vision and Pattern Recognition,10.1109/cvpr46437.2021.01417,Conference paper,yes,core,vehicle-pedestrian; traffic-system; road-autonomous-driving,perception-interface; motion-forecasting; planning; control-interface,NA:no learned component clearly identified,highway; urban; intersection; unstructured,vehicle; pedestrian; cyclist; robot; heterogeneous,map; image; LiDAR,action,sensor_or_perception_error; localization_or_map_error,NA:no explicit distribution-shift construction,NA:no explicit distribution-shift evaluation,no,collision; off-road-or-boundary,empirical-validated,NR:actionable monitoring horizon not reported,collision,probabilistic_model,variance,unspecified,model-output-score,"The signal is probabilistic uncertainty over both static and dynamic environments: a probabilistic online map (Bernoulli for drivable area/intersection, Laplacian for distance-to-lane-centerline, Von Mises for lane direction) and a probabilistic dynamic occupancy flow (Bernoulli occupancy + categorical motion-mode distribution per grid cell, warped forward to yield probabilistic future occupancy).",NR:risk or safety loss not explicitly reported,NA:no explicit calibration target,constraint-or-cost,none,reported,NR:feedback timing not reported,NA:no explicit guarantee target,none,G0,none,NA:no statistical guarantee,NA:no statistical guarantee,NA:no statistical guarantee,not-applicable,trajectory_modification,none,fixed-or-conditioned-threshold; see intervention evidence,NR:fallback policy not reported,reported,NR:end-to-end online latency not reported,NR:transportation-system impact not reported,INTERACTION,NLL; accuracy/AUROC,Brier/NLL,collision,completion/success; efficiency/travel-time; comfort,core
REC-2BF4FD42D297,Safe Planning in Dynamic Environments Using Conformal Prediction,"Lindemann, Lars; Cleaveland, Matthew; Shim, Gihyun; Pappas, George J.",2023,IEEE ROBOTICS AND AUTOMATION LETTERS,10.1109/lra.2023.3292071,Article,yes,core,vehicle-pedestrian; general robot-dynamic agent,motion forecasting; planning,Social LSTM predictor; split CP; MPC,pedestrian crossing; dynamic environment,vehicle; pedestrian; robot agents,trajectory; state,multi-step prediction regions; MPC control,interaction_uncertainty; model_misspecification,held-out calibration trajectories; ORCA and CARLA,natural/simulated,no,collision/safety-constraint violation; infeasible MPC,formal-quantitative,multi-step task horizon; CARLA implementation uses 30-step calibration within 60-step task,realized trajectory errors,conformal_prediction,joint trajectory prediction region,total/unspecified,set-based,dynamic-agent future lies in CP region; task safety conditional on feasibility,NR:risk or safety loss not explicitly reported,trajectory/task coverage,constraint-or-cost,CP region tightens MPC,miscoverage delta; slack added for feasibility,offline calibration; receding observations do not update CP,trajectory-set coverage and task safety,marginal_finite_sample,G3,conditional-invariance,multi-step trajectories/task horizon,yes:coverage and safety violations; CARLA implementation deviates from theorem horizon,no,conditional,mpc_filter,replanning,CP radius/miscoverage delta tightens MPC constraints,slack used to preserve feasibility,planning cost/conservatism reported,NR,ego safety/task cost; no traffic-flow effects,ORCA; CARLA pedestrian crossing,trajectory error,coverage; set size,constraint violation/collision,planning cost,core
REC-305C4C406007,Game-theoretic modeling of vehicle unprotected left turns considering drivers' bounded rationality,"Lian, Yuansheng; Zhang, Ke; Li, Shen; Li, Meng",2026,ACCIDENT ANALYSIS AND PREVENTION,10.1016/j.aap.2026.108632,Article,yes,core,vehicle-vehicle; traffic-system; road-autonomous-driving,perception-interface; planning; control-interface; policy-learning,policy,highway; urban; intersection; mixed,vehicle,V2X,action,weather_or_visibility,NA:no explicit distribution-shift construction,NA:no explicit distribution-shift evaluation,no,collision,empirical-validated,NR:actionable monitoring horizon not reported,collision,deterministic_confidence,NR:uncertainty output not explicitly reported,unspecified,not-applicable,"A learned bounded-rationality/QRE action distribution incorporates TTCP/RTTC safety risk, changes go/yield accelerations at runtime, and is calibrated on road trajectories with collision and interaction outcomes evaluated over randomized simulations.",reported,NA:no explicit calibration target,constraint-or-cost,none,reported,delayed observed outcome,NA:no explicit guarantee target,none,G0,none,NA:no statistical guarantee,NA:no statistical guarantee,NA:no statistical guarantee,not-applicable,trajectory_modification,none,fixed-or-conditioned-threshold; see intervention evidence,NR:fallback policy not reported,reported,NR:end-to-end online latency not reported,NR:transportation-system impact not reported,INTERACTION; NGSIM,accuracy/AUROC,NA:no calibration metrics,collision; TTC/min-distance,efficiency/travel-time; comfort,core
REC-36B777B5146F,Probabilistic End-to-End Vehicle Navigation in Complex Dynamic Environments With Multimodal Sensor Fusion,"Cai, Peide; Wang, Sukai; Sun, Yuxiang; Liu, Ming",2020,IEEE ROBOTICS AND AUTOMATION LETTERS,10.1109/lra.2020.2994027,Article,yes,core,vehicle-pedestrian; traffic-system; road-autonomous-driving,perception-interface; planning; control-interface; policy-learning,planner; policy,urban; intersection,vehicle; pedestrian; cyclist; robot; heterogeneous,image; LiDAR; radar,action,traffic_density_shift; weather_or_visibility,online temporal change,natural; synthetic,no,collision,empirical-validated,NR:actionable monitoring horizon not reported,prediction-error,mixture_model; probabilistic_model,variance; distribution,unspecified,model-output-score,"The uncertainty/risk signal is the **variance (σ²) of the planned motion distribution** output by a Gaussian Mixture Model (GMM) over future velocities and yaw angles (3 s horizon). This variance is used in a reliability-aware action fusion mechanism (Eq. 3, PDF_PAGE 4): λ = e^{-c₁·max(0, Σσ² − c₂)} computes a blending weight between a direct end-to-end action a₁ and a PID-derived action a₂ based on the planned motion means.",reported,NA:no explicit calibration target,constraint-or-cost,none,NR:operational threshold not reported,NR:feedback timing not reported,NA:no explicit guarantee target,none,G0,none,NA:no statistical guarantee,NA:no statistical guarantee,NA:no statistical guarantee,not-applicable,trajectory_modification,none,continuous constraint-or-cost,replanning,NR:intervention cost not reported,NR:end-to-end online latency not reported,NR:transportation-system impact not reported,CARLA; INTERACTION,NLL; accuracy/AUROC,Brier/NLL,NR:safety metrics not extracted,completion/success,core
REC-387AC5B4B80D,CCTR: Calibrating Trajectory Prediction for Uncertainty-Aware Motion Planning in Autonomous Driving,"Cao, Chengtai; Chen, Xinhong; Wang, Jianping; Song, Qun; Tan, Rui; Li, Yung-Hui",2024,Proceedings of the Thirty-Eighth AAAI Conference on Artificial Intelligence and Thirty-Sixth Conference on Innovative Applications of Artificial Intelligence and Fourteenth Symposium on Educational Advances in Artificial Intelligence,10.1609/aaai.v38i19.30085,Conference paper,yes,core,vehicle-vehicle; road-autonomous-driving,motion-forecasting; planning,predictor; uncertainty-estimator,NR:road context not specified,vehicle; vessel; heterogeneous,NR:input modality not reported in extracted evidence,action,weather_or_visibility,NA:no explicit distribution-shift construction,NA:no explicit distribution-shift evaluation,no,collision,empirical-validated,NR:actionable monitoring horizon not reported,prediction-error,post_hoc_calibration; probabilistic_model,interval; variance,unspecified,model-output-score,"The signal is the calibrated variance (σ̂) of the trajectory prediction output distribution. CCTR learns a per-prediction temperature scaler from kinematic, social, and spatiotemporal features, then rescales the predicted variance so it better reflects the actual prediction error.",reported,trajectory,constraint-or-cost,none,NR:operational threshold not reported,delayed observed outcome,prediction-error,empirical_calibration,G2,none,trajectory,NR:not reported,NR:not established,conditional,trajectory_modification,none,continuous constraint-or-cost,NR:fallback policy not reported,reported,NR:end-to-end online latency not reported,NR:transportation-system impact not reported,Argoverse,ADE; FDE; NLL; accuracy/AUROC,ECE; Brier/NLL,NR:safety metrics not extracted,efficiency/travel-time,core
REC-476D8EF8B4A1,Autonomous driving system based on dual process theory and deliberate practice theory,"Zhang, Xiao; Hu, Tianyu; Lyu, Juntao; Liu, Qiankun; Zhao, Qianchuan; Li, Mingyi; Li, Kang; Han, Songde; Chen, Jiansheng; Ma, Huimin",2026,NATURE COMMUNICATIONS,10.1038/s41467-026-72030-6,Article,yes,core,road-autonomous-driving,perception-interface; control-interface,uncertainty-estimator,NR:road context not specified,vehicle,image; V2X,NR:output object not explicit,weather_or_visibility; long_tail_scenario,NA:no explicit distribution-shift construction,NA:no explicit distribution-shift evaluation,no,collision,empirical-validated,NR:actionable monitoring horizon not reported,collision; reward-or-cost,deterministic_confidence,NR:uncertainty output not explicitly reported,unspecified,not-applicable,"The runtime signal is a multimodal risk/reflection signal: collision prediction Coll(τt;xt), a binary VLM Evaluator hazard flag Et, and verbal/visual feedback identifying hazards such as missed obstacles and adverse road conditions. These signals are actually consumed by the decision process: I(xt,τt) activates ReflectPlan when collision risk or Et=1, the Critic/Evaluator feedback is appended to the re-planning query, and the Actor generates an optimized trajectory/action. Safety and task consequences are evaluated",NR:risk or safety loss not explicitly reported,collision,constraint-or-cost,none,reported,delayed observed outcome,collision-risk,none,G0,none,NA:no statistical guarantee,NA:no statistical guarantee,NA:no statistical guarantee,not-applicable,replanning,none,fixed-or-conditioned-threshold; see intervention evidence,replanning,reported,NR:end-to-end online latency not reported,NR:transportation-system impact not reported,nuScenes; Waymo; CARLA,accuracy/AUROC,NA:no calibration metrics,collision; TTC/min-distance,completion/success; efficiency/travel-time; comfort,core
REC-5C26D22F6321,UNCAP: Uncertainty-Guided Neurosymbolic Planning Using Natural Language Communication for Cooperative Autonomous Vehicles,"Bhatt, Neel P.; Li, Po-Han; Gupta, Kushagra; Siva, Rohan; Milan, Daniel; Hogue, Alexander T.; Chinchali, Sandeep P.; Fridovich-Keil, David; Wang, Zhangyang; Topcu, Ufuk",2026,AAMAS 2026 - Proceedings of the 25th International Conference on Autonomous Agents and Multiagent Systems,10.65109/whre3513,Conference paper,yes,core,traffic-system; road-autonomous-driving,perception-interface; planning,uncertainty-estimator,highway; intersection,vehicle,image; V2X,prediction-set,weather_or_visibility; sensor_or_perception_error,NA:no explicit distribution-shift construction,NA:no explicit distribution-shift evaluation,no,collision,formal-quantitative,NR:actionable monitoring horizon not reported,TTC,conformal_prediction; post_hoc_calibration; probabilistic_model; deterministic_confidence,set; score,unspecified,set-based,"The signal: Multi-level uncertainty signals are computed—perception uncertainty (u_p) via conformal prediction on per-object detections (Section 3.4, PDF pp.4–6), decision uncertainty (u_d) as the negative log-likelihood of the VLM's output plan (Section 3.5, PDF p.6), and pointwise mutual information (PMI/IG) that quantifies how much a neighbor's observation reduces the ego vehicle's uncertainty. These uncertainty scores determine which communicated messages are fused and which are discarded.",NR:risk or safety loss not explicitly reported,coverage,constraint-or-cost,none,reported,delayed observed outcome,NA:no explicit guarantee target,marginal_finite_sample,G3,none,NR:guarantee scope not explicit,NR:not reported,NR:not established,conditional,trajectory_modification,none,fixed-or-conditioned-threshold; see intervention evidence,NR:fallback policy not reported,reported,reported at PDF p. 8: latency that querying the VLM at every tick would vehicle dynamics. incur. Communication with KB-scale messages achieves ∼ 200ms,NR:transportation-system impact not reported,CARLA; INTERACTION,accuracy/AUROC,NA:no calibration metrics,TTC/min-distance,completion/success; efficiency/travel-time; comfort; reward/return,core
REC-61614B333B49,Self-Adaptive Motion Prediction-Based Proactive Motion Planning for Autonomous Driving in Urban Environments,"Jeong, Yonghwan",2021,IEEE ACCESS,10.1109/access.2021.3100590,Article,yes,core,vehicle-pedestrian; vehicle-vehicle; traffic-system; road-autonomous-driving,perception-interface; behavior-prediction; motion-forecasting; planning; control-interface; policy-learning,predictor; planner; policy; uncertainty-estimator,urban; intersection; parking,vehicle; pedestrian; cyclist; heterogeneous,state; image; LiDAR,trajectory-distribution; action; safety-constraint,weather_or_visibility,NA:no explicit distribution-shift construction,NA:no explicit distribution-shift evaluation,no,collision,empirical-validated,reported,prediction-error,mixture_model; probabilistic_model,variance; distribution,unspecified,model-output-score,the uncertainty region (3σ boundary around predicted positions) directly modifies the drivable corridor boundaries;,NR:risk or safety loss not explicitly reported,trajectory; collision,constraint-or-cost,continuous-constraint,NR:operational threshold not reported,NR:feedback timing not reported,NA:no explicit guarantee target,none,G0,none,NA:no statistical guarantee,NA:no statistical guarantee,NA:no statistical guarantee,not-applicable,mpc_filter,speed_reduction,continuous constraint-or-cost,emergency braking/stop,reported,NR:end-to-end online latency not reported,reported,NR:dataset or simulator not extracted,accuracy/AUROC,NA:no calibration metrics,TTC/min-distance,efficiency/travel-time; comfort; reward/return,core
REC-625866873794,Uncertainty-Aware DRL for Autonomous Vehicle Crowd Navigation in Shared Space,"Golchoubian, Mahsa; Ghafurian, Moojan; Dautenhahn, Kerstin; Azad, Nasser Lashgarian",2024,IEEE Transactions on Intelligent Vehicles,10.1109/tiv.2024.3405330,Article,yes,core,vehicle-pedestrian; vehicle-vehicle; traffic-system; mobile-robot-or-general-robotics; road-autonomous-driving,perception-interface; motion-forecasting; planning; control-interface; policy-learning,predictor; policy,urban; intersection,vehicle; pedestrian; robot; heterogeneous,NR:input modality not reported in extracted evidence,risk-score,weather_or_visibility,NA:no explicit distribution-shift construction,NA:no explicit distribution-shift evaluation,no,collision,empirical-validated,reported,collision; reward-or-cost,probabilistic_model,variance; distribution; probability,unspecified,model-output-score,"covariance matrix (Σ̂) of predicted pedestrian future positions — representing prediction uncertainty as a bivariate Gaussian distribution, generated by the UAW-PCG data-driven trajectory predictor.",reported,trajectory; collision,constraint-or-cost,cost-or-objective,reported,delayed observed outcome,collision-risk,none,G0,none,NA:no statistical guarantee,NA:no statistical guarantee,NA:no statistical guarantee,not-applicable,uncertainty_conditioned_policy,none,chance-constraint,NR:fallback policy not reported,reported,NR:end-to-end online latency not reported,NR:transportation-system impact not reported,SUMO; INTERACTION,NLL; accuracy/AUROC,Brier/NLL,collision; TTC/min-distance,completion/success; efficiency/travel-time; comfort; reward/return,core
REC-67C3F9503336,Risk-Constrained Interactive Safety under Behavior Uncertainty for Autonomous Driving,"Bernhard, Julian; Knoll, Alois",2021,"IEEE Intelligent Vehicles Symposium, Proceedings",10.1109/iv48863.2021.9575956,Conference paper,yes,core,vehicle-vehicle; road-autonomous-driving,planning; control-interface; policy-learning,predictor; policy,NR:road context not specified,vehicle; robot; heterogeneous,NR:input modality not reported in extracted evidence,risk-score; action,traffic_density_shift; weather_or_visibility,NA:no explicit distribution-shift construction,NA:no explicit distribution-shift evaluation,no,collision; infeasible-planning,formal-quantitative,NR:actionable monitoring horizon not reported,TTC; planning-infeasibility; reward-or-cost,formal_or_reachability_bound; probabilistic_model,probability,unspecified,model-output-score,"Estimated safety-envelope and collision risks constrain an interactive behavior planner; observed risk is compared with the specified threshold in road-traffic simulations alongside success, collision and efficiency outcomes.",reported,collision,constraint-or-cost,discrete-trigger; information-gathering,reported,delayed observed outcome,collision-risk,none,G0,none,NA:no statistical guarantee,NA:no statistical guarantee,NA:no statistical guarantee,not-applicable,trajectory_modification,none,fixed-or-conditioned-threshold; see intervention evidence,NR:fallback policy not reported,reported,NR:end-to-end online latency not reported,NR:transportation-system impact not reported,INTERACTION,accuracy/AUROC,NA:no calibration metrics,TTC/min-distance,efficiency/travel-time; comfort; reward/return,core
REC-716B44FF3106,From uncertainty data to robust policies for temporal logic planning,"Sessa, Pier Giuseppe; Frick, Damian; Wood, Tony A.; Kamgarpour, Maryam",2018,HSCC 2018 - Proceedings of the 21st International Conference on Hybrid Systems: Computation and Control (part of CPS Week),10.1145/3178126.3178136,Conference paper,yes,core,road-autonomous-driving,control-interface; policy-learning,NA:no learned component clearly identified,urban,vehicle,state,safety-constraint,weather_or_visibility,NA:no explicit distribution-shift construction,NA:no explicit distribution-shift evaluation,no,NR:safety consequence not explicitly operationalized,formal-quantitative,NR:actionable monitoring horizon not reported,NR:risk label source not explicitly reported,formal_or_reachability_bound; probabilistic_model,bound-or-constraint,unspecified,model-output-score,"Scenario-derived disturbance uncertainty has confidence guarantees, is consumed to synthesize causal temporal-logic policies, and changes braking/overtaking actions with autonomous-driving constraint-violation testing on 10,000 trajectories.",NR:risk or safety loss not explicitly reported,constraint,constraint-or-cost,none,reported,delayed observed outcome,NA:no explicit guarantee target,none,G0,none,NA:no statistical guarantee,NA:no statistical guarantee,NA:no statistical guarantee,not-applicable,trajectory_modification,none,chance-constraint,NR:fallback policy not reported,reported,NR:end-to-end online latency not reported,NR:transportation-system impact not reported,NR:dataset or simulator not extracted,accuracy/AUROC,NA:no calibration metrics,constraint-violation,reward/return,core
REC-75C7E53FEEB0,"Ergo, SMIRK is safe: a safety case for a machine learning component in a pedestrian automatic emergency brake system",Markus Borg; Jens Henriksson; Kasper Socha; Olof Lennartsson; Elias Sonnsjö Lönegren; Thanh Bui; Piotr Tomaszewski; Sankar Raman Sathyamoorthy; Sebastian Brink; Mahshid Helali Moghadam,2023,Software Quality Journal,10.1007/s11219-022-09613-1,Journal Article,yes,core,vehicle-pedestrian; road-autonomous-driving,perception-interface,NA:no learned component clearly identified,intersection,vehicle; pedestrian; heterogeneous,image,NR:output object not explicit,weather_or_visibility,synthetic perturbation; online temporal change,synthetic,yes,collision,empirical-validated,NR:actionable monitoring horizon not reported,NR:risk label source not explicitly reported,deterministic_confidence,NR:uncertainty output not explicitly reported,unspecified,not-applicable,"The uncertainty/risk signal is the reconstruction-error-based OOD detection from an autoencoder (Anomaly Detector, component J in Section 7.1), which outputs a verdict on whether a camera input is out-of-distribution relative to training data. This signal is fed to the Uncertainty Manager, the decision-making part of the ""safety cage"" that aggregates OOD status, pedestrian-detection output, and rule-engine heuristics to produce a final confidence.",NR:risk or safety loss not explicitly reported,NA:no explicit calibration target,triggered-intervention,discrete-trigger,reported,delayed observed outcome,NA:no explicit guarantee target,none,G0,none,NA:no statistical guarantee,NA:no statistical guarantee,NA:no statistical guarantee,not-applicable,emergency_braking,abstention_or_rejection,fixed-or-conditioned-threshold; see intervention evidence,emergency braking/stop,NR:intervention cost not reported,"reported at PDF p. 26: real-time characteristics of different YOLOv5 architectures7, we found that YOLOv5s",NR:transportation-system impact not reported,INTERACTION,accuracy/AUROC,NA:no calibration metrics,TTC/min-distance,reward/return,core
REC-773AA6FD59FA,Hybrid Eyes: Design and Evaluation of the Prediction-Level Cooperative Driving with a Real-World Automated Driving System,Chao Wang; Derck Chu; Marieke Martens; Matti KrüGer; Thomas H. Weisswange,2022,Proceedings of the 14th International Conference on Automotive User Interfaces and Interactive Vehicular Applications,10.1145/3543174.3546832,Conference Paper,yes,core,vehicle-pedestrian; vehicle-vehicle; traffic-system; road-autonomous-driving,perception-interface; behavior-prediction; control-interface,NA:no learned component clearly identified,highway,vehicle; pedestrian; cyclist; heterogeneous,V2X,action,weather_or_visibility; long_tail_scenario; malicious_or_untrusted_information,NA:no explicit distribution-shift construction,NA:no explicit distribution-shift evaluation,no,NR:safety consequence not explicitly operationalized,empirical-validated,NR:actionable monitoring horizon not reported,NR:risk label source not explicitly reported,probabilistic_model,NR:uncertainty output not explicitly reported,unspecified,not-applicable,人工注入的未来危险指示与系统的概率交通行为预测及内部风险/代价评估结合；,NR:risk or safety loss not explicitly reported,NA:no explicit calibration target,constraint-or-cost,none,reported,delayed observed outcome,NA:no explicit guarantee target,none,G0,none,NA:no statistical guarantee,NA:no statistical guarantee,NA:no statistical guarantee,not-applicable,trajectory_modification,none,fixed-or-conditioned-threshold; see intervention evidence,NR:fallback policy not reported,reported,NR:end-to-end online latency not reported,reported,INTERACTION,accuracy/AUROC,NA:no calibration metrics,TTC/min-distance; intervention/failure,comfort,core
REC-786700C3DDC0,A Self-Driving Decision Making With Reachable Path Analysis and Interaction-Aware Speed Profiling,"Song, Yuho; Han, Sangwon; Huh, Kunsoo",2023,IEEE ACCESS,10.1109/access.2023.3328628,Article,yes,core,vehicle-vehicle; road-autonomous-driving,perception-interface; motion-forecasting; planning; control-interface,uncertainty-estimator,highway; urban; intersection; parking,vehicle; robot; vessel; heterogeneous,V2X,action,weather_or_visibility; sensor_or_perception_error; malicious_or_untrusted_information,NA:no explicit distribution-shift construction,NA:no explicit distribution-shift evaluation,no,collision,formal-quantitative,reported,collision; reward-or-cost,formal_or_reachability_bound; probabilistic_model,variance,unspecified,model-output-score,"The signal is an uncertainty-aware collision-risk penalty derived from Gaussian longitudinal/lateral perception and traffic-motion error, plus an interaction-aware gap penalty based on uncertain lead/lag gaps and a cut-in probability model. These signals are explicitly summed into the MDP reward and consumed by the path-planning and speed-profiling MDPs, changing selected paths, lane-change choices, and target speed; the planner is re-run when predicted-versus-measured state deviation crosses a confidence boundary.",NR:risk or safety loss not explicitly reported,trajectory; collision,triggered-intervention,cost-or-objective,reported,NR:feedback timing not reported,collision-risk,empirical_confidence,G1,none,NR:guarantee scope not explicit,NR:not reported,NR:not established,conditional,replanning,speed_reduction,fixed-or-conditioned-threshold; see intervention evidence,replanning,reported,NR:end-to-end online latency not reported,NR:transportation-system impact not reported,INTERACTION; NGSIM,accuracy/AUROC,NA:no calibration metrics,NR:safety metrics not extracted,comfort,core
REC-799C6ADBFDE9,Rule-Guidance Reinforcement Learning for Lane Change Decision-making: A Risk Assessment Approach,"Xiong, Lu; Li, Zhuoren; Zhong, Danyang; Xu, Puhang; Tang, Chen",2025,Chinese Journal of Mechanical Engineering (English Edition),10.1186/s10033-024-01160-z,Article,yes,core,vehicle-vehicle; traffic-system; road-autonomous-driving,motion-forecasting; planning; control-interface; policy-learning,policy,highway; intersection,vehicle; robot; heterogeneous,image,risk-score,weather_or_visibility,NA:no explicit distribution-shift construction,NA:no explicit distribution-shift evaluation,no,collision,formal-quantitative,reported,collision; reward-or-cost,deterministic_confidence,probability; score,unspecified,model-output-score,"The uncertainty/risk signal is a collision probability computed from Gaussian-modeled trajectory prediction uncertainty of surrounding vehicles (position/heading noise propagated through fused kinematic and lane-change trajectories). This risk assessment produces three normalized indicators (high-risk trajectory point count CHR, peak collision probability Cp, reciprocal of time-to-peak CTTP) combined into a scalar risk score. The signal is consumed by the planner as a safety filter: wh",reported,trajectory; collision,constraint-or-cost,discrete-trigger; filter-or-revision,reported,delayed observed outcome,collision-risk,none,G0,none,NA:no statistical guarantee,NA:no statistical guarantee,NA:no statistical guarantee,not-applicable,uncertainty_conditioned_policy,none,fixed-or-conditioned-threshold; see intervention evidence,replanning,reported,NR:end-to-end online latency not reported,reported,INTERACTION,accuracy/AUROC,NA:no calibration metrics,collision; TTC/min-distance,completion/success; efficiency/travel-time; reward/return,core
REC-7BDCC12AD237,Enhancing Pedestrian Safety Through Automated Emergency Steering: Design and Experimental Validation of a Risk-Based Architecture,"Tolksdorf, Leon; Sanchez, Manuel Munoz; Loeffler, Christian; Gloger, Timm F.; Fischer, Yannick; Smit, Robin; Van Der Ploeg, Chris",2026,IEEE TRANSACTIONS ON INTELLIGENT TRANSPORTATION SYSTEMS,10.1109/tits.2026.3676623,Article,yes,core,vehicle-pedestrian; vehicle-vehicle,perception-interface; motion-forecasting; planning; control-interface,predictor,urban,vehicle; pedestrian; cyclist; robot; heterogeneous,image; radar; V2X,action,cross_city_or_domain; weather_or_visibility,NA:no explicit distribution-shift construction,NA:no explicit distribution-shift evaluation,no,collision,empirical-validated,reported,NR:risk label source not explicitly reported,probabilistic_model,NR:uncertainty output not explicitly reported,unspecified,not-applicable,"The uncertainty/risk signal is a probabilistic risk measure (Eq. 5) computed via Monte Carlo sampling over the probability density of uncertain pedestrian trajectories produced by a learned LSTM-based prediction model (Sec. IV-B, PDF_PAGE 5). The risk measure captures uncertainty from noisy perception, late detections, and tracking uncertainty (PDF_PAGE 2, Sec. I).",NR:risk or safety loss not explicitly reported,trajectory,triggered-intervention,discrete-trigger,reported,delayed observed outcome,NA:no explicit guarantee target,none,G0,none,NA:no statistical guarantee,NA:no statistical guarantee,NA:no statistical guarantee,not-applicable,emergency_braking,candidate_reranking,fixed-or-conditioned-threshold; see intervention evidence,emergency braking/stop,reported,NR:end-to-end online latency not reported,NR:transportation-system impact not reported,INTERACTION,FDE; accuracy/AUROC,NA:no calibration metrics,TTC/min-distance,comfort; reward/return,core
REC-806F1D9E721B,Robust Predictive Motion Planning by Learning Obstacle Uncertainty,J. Zhou; Y. Gao; O. Johansson; B. Olofsson; E. Frisk,2025,IEEE Transactions on Control Systems Technology,10.1109/tcst.2025.3533378,IEEE Journals,yes,core,vehicle-vehicle; mobile-robot-or-general-robotics; road-autonomous-driving,motion-forecasting; planning; control-interface,NA:no learned component clearly identified,urban,vehicle; robot; heterogeneous,image; V2X,action; safety-constraint,weather_or_visibility,NA:no explicit distribution-shift construction,NA:no explicit distribution-shift evaluation,no,collision; infeasible-planning,formal-quantitative,reported,planning-infeasibility,formal_or_reachability_bound; probabilistic_model,distribution,unspecified,model-output-score,从障碍物历史控制样本在线学习的意图控制集合及其前向可达占用；,NR:risk or safety loss not explicitly reported,NA:no explicit calibration target,constraint-or-cost,none,NR:operational threshold not reported,NR:feedback timing not reported,NA:no explicit guarantee target,none,G0,none,NA:no statistical guarantee,NA:no statistical guarantee,NA:no statistical guarantee,not-applicable,trajectory_modification,none,continuous constraint-or-cost,NR:fallback policy not reported,reported,reported at PDF p. 9: computation time by the proposed method is 0.0340 s,NR:transportation-system impact not reported,INTERACTION; Shifts,accuracy/AUROC,NA:no calibration metrics,TTC/min-distance,efficiency/travel-time,core
REC-828FA7E69189,Using Uncertainty Data in Chance-Constrained Trajectory Planning,"Lefkopoulos, Vasileios; Kamgarpour, Maryam",2019,"2019 18th European Control Conference, ECC 2019",10.23919/ecc.2019.8795823,Conference paper,yes,core,road-autonomous-driving,perception-interface; planning; control-interface,planner,intersection,vehicle; robot; heterogeneous,NR:input modality not reported in extracted evidence,safety-constraint,weather_or_visibility,NA:no explicit distribution-shift construction,NA:no explicit distribution-shift evaluation,no,constraint-violation,formal-quantitative,NR:actionable monitoring horizon not reported,constraint-violation,probabilistic_model,interval; variance; bound-or-constraint,unspecified,model-output-score,"The uncertainty signal consists of estimated moments (sample mean µ̂ and covariance Σ̂) of Gaussian-distributed obstacle face coefficients, together with tight concentration bounds (r₁, r₂) that provide probabilistic guarantees on the estimation error.",NR:risk or safety loss not explicitly reported,constraint,constraint-or-cost,none,reported,delayed observed outcome,NA:no explicit guarantee target,empirical_confidence,G1,none,trajectory,NR:not reported,NR:not established,conditional,trajectory_modification,none,chance-constraint,NR:fallback policy not reported,reported,NR:end-to-end online latency not reported,NR:transportation-system impact not reported,NR:dataset or simulator not extracted,NR:predictive metrics not extracted,NA:no calibration metrics,constraint-violation,NR:utility metrics not extracted,core
REC-87E700E2C229,UncAD: Towards Safe End-to-end Autonomous Driving via Online Map Uncertainty,"Yang, Pengxuan; Zheng, Yupeng; Zhang, Qichao; Zhu, Kefei; Xing, Zebin; Lin, Qiao; Liu, Yun-Fu; Su, Zhiguo; Zhao, Dongbin",2025,Proceedings - IEEE International Conference on Robotics and Automation,10.1109/icra55743.2025.11128148,Conference paper,yes,core,vehicle-pedestrian; road-autonomous-driving,perception-interface; motion-forecasting; planning,uncertainty-estimator,NR:road context not specified,vehicle; pedestrian; robot; heterogeneous,trajectory; map; image,candidate-plan,weather_or_visibility; localization_or_map_error; epistemic_uncertainty; aleatoric_uncertainty,NA:no explicit distribution-shift construction,NA:no explicit distribution-shift evaluation,no,collision,empirical-validated,NR:actionable monitoring horizon not reported,collision,generative_or_diffusion,NR:uncertainty output not explicitly reported,aleatoric; epistemic,not-applicable,"The signal is **online map uncertainty** — the aleatoric uncertainty of each map-element point (boundary, lane divider, pedestrian), modeled via Laplace-distribution parameters (µ, b) estimated by the Map Uncertainty Estimation (MUE) module.",reported,collision,constraint-or-cost,none,reported,delayed observed outcome,NA:no explicit guarantee target,none,G0,none,NA:no statistical guarantee,NA:no statistical guarantee,NA:no statistical guarantee,not-applicable,candidate_reranking,none,fixed-or-conditioned-threshold; see intervention evidence,NR:fallback policy not reported,reported,NR:end-to-end online latency not reported,reported,nuScenes; INTERACTION,ADE; NLL; accuracy/AUROC,Brier/NLL,collision,efficiency/travel-time,core
REC-8E36017378AC,Tactical Decision-Making in Autonomous Driving by Reinforcement Learning with Uncertainty Estimation,"Hoel, Carl-Johan; Wolff, Krister; Laine, Leo",2020,"IEEE Intelligent Vehicles Symposium, Proceedings",10.1109/iv47402.2020.9304614,Conference paper,yes,core,vehicle-vehicle; traffic-system; road-autonomous-driving,perception-interface; planning; policy-learning,policy; uncertainty-estimator,highway; urban; intersection,vehicle,image,action; warning-or-alarm,weather_or_visibility,NR:shift construction not detailed,natural; synthetic,no,collision; infeasible-planning,empirical-validated,NR:actionable monitoring horizon not reported,collision; planning-infeasibility; reward-or-cost,deep_ensemble,variance,unspecified,ensemble-derived,"Core inclusion. The paper presents a Bayesian RL (ensemble RPF) agent for tactical decision-making in autonomous highway driving. The uncertainty signal is the coefficient of variation (cv) of ensemble Q-value estimates. This signal is directly consumed by the policy: actions with cv > csafe_v = 0.02 are prohibited, and a fallback safe action (hard brake, stay in lane) is selected when no action passes the threshold (Eq. 6, Section II-C,). Safety consequences are evaluated via collision rates in out-of",reported,NA:no explicit calibration target,triggered-intervention,discrete-trigger,reported,NR:feedback timing not reported,NA:no explicit guarantee target,none,G0,none,NA:no statistical guarantee,NA:no statistical guarantee,NA:no statistical guarantee,not-applicable,uncertainty_conditioned_policy,none,fixed-or-conditioned-threshold; see intervention evidence,emergency braking/stop,reported,NR:end-to-end online latency not reported,NR:transportation-system impact not reported,SUMO,NR:predictive metrics not extracted,NA:no calibration metrics,collision,efficiency/travel-time; reward/return,core
REC-928AF0A81AEF,Is Anyone There? Learning a Planner Contingent on Perceptual Uncertainty,"Packer, Charles; Rhinehart, Nicholas; McAllister, Rowan; Wright, Matthew A.; Wang, Xin; He, Jeff; Levine, Sergey; Gonzalez, Joseph E.",2023,Proceedings of Machine Learning Research,NR:DOI or canonical URL not available,Conference paper,yes,core,vehicle-vehicle; multiagent,joint prediction-planning; active perception,Active Visual Planning model/planner,blind hill; overtake; occluded intersection,vehicle; multiple hidden agents,history; LiDAR/vision context; partial trajectories,joint belief over existence/location/intent; contingent plan,sensor_or_perception_error; interaction_uncertainty; epistemic_uncertainty,hand-designed partial-observability scenarios,synthetic,no,collision; failure to reach goal,learned-correlation,scenario planning horizon; explicit warning lead NA,simulator latent agent state/behavior,probabilistic_model; mixture_model,joint belief/distribution,aleatoric; epistemic/unspecified,learned-parametric,"uncertainty about hidden-agent existence, position and intent",reported,none,constraint-or-cost,belief-conditioned planning,planner trades information gathering versus progress; no scalar threshold,belief updated from observations; no calibration feedback,none,none,G0,none,scenario-level contingent planning,yes:occlusion cases,no,not-applicable,active_information_gathering,uncertainty_conditioned_policy; contingent_planning,belief-dependent planner may creep/observe before committing,wait/alternative contingent branch,arrival versus collision trade-off reported,NR,ego success only,CARLA; four scenario families,belief/prediction metrics NR,none,collisions,arrival/near-expert success,core
REC-95A62AD7F91C,Prediction Failure Risk-Aware Decision-Making for Autonomous Vehicles on Signalized Intersections,"Yang, Kai; Li, Boqi; Shao, Wenbo; Tang, Xiaolin; Liu, Xiaochuan; Wang, Hong",2023,IEEE TRANSACTIONS ON INTELLIGENT TRANSPORTATION SYSTEMS,10.1109/tits.2023.3288507,Article,yes,core,vehicle-vehicle; vehicle-pedestrian; heterogeneous traffic,motion forecasting; planning,HEAT+ ensemble predictor; NMPC,signalized intersection,vehicle; pedestrian; cyclist/non-motorized,trajectory history; map; signal state,trajectory mean/std; entropy; MPC control,behavior_shift; long_tail_scenario; epistemic_uncertainty,real illegal behaviors plus SUMO test-time violations,natural; synthetic,no,prediction failure and collision,learned-correlation,3 s prediction and planning horizon,ensemble positional dispersion/entropy; collision outcome,deep_ensemble; probabilistic_model,ensemble standard deviation and entropy,epistemic,ensemble-derived,prediction-period entropy called failure risk; planner uses positional spread,NR:risk or safety loss not explicitly reported,none,constraint-or-cost,uncertainty-based obstacle inflation,continuous ellipse inflation coefficients eta/mu; values/risk meaning NR,no online recalibration,none beyond empirical collision reduction,none,G0,none,3 s prediction/MPC horizon,yes:challenge scenarios but not guarantee failure,no,not-applicable,mpc_filter,speed_reduction; trajectory_modification,uncertainty continuously inflates obstacle ellipses via eta/mu,none,average speed quantifies conservatism; comfort NR,10 Hz decision rate; end-to-end compute NR,average speed/red-light rate only; no network flow,SIND; SUMO,ADE/FDE,none,collision rate; red-light violation,average speed,core
REC-9C6B9882FF2E,Multi-agent Uncertainty-Aware Pessimistic Model-Based Reinforcement Learning for Connected Autonomous Vehicles,"Wen, Ruoqi; Li, Rongpeng; Xu, Xing; Mashhadi, Mahdi Boloursaz; Xiao, Pei; Zhao, Zhifeng",2026,IEEE Transactions on Mobile Computing,10.1109/tmc.2026.3683781,Article,yes,core,traffic-system; road-autonomous-driving,control-interface; policy-learning,world-model; policy; uncertainty-estimator,urban; intersection,vehicle,V2X,prediction-set,weather_or_visibility; interaction_uncertainty; model_misspecification; epistemic_uncertainty; aleatoric_uncertainty,synthetic perturbation; adversarial construction,natural; synthetic; adversarial,no,collision,formal-quantitative,NR:actionable monitoring horizon not reported,reward-or-cost,deterministic_confidence,set,aleatoric; epistemic,model-output-score,"The signal is pessimistic model uncertainty: a dataset-constrained set of learned transition/reward models around the MLE is optimized in a max-min formulation, avoiding an explicit subjective uncertainty estimate. The worst-case model is directly consumed during policy optimization, producing CAV actions (target velocity and lane-change decisions), so it changes runtime vehicle decisions. Safety/task evaluation is provided in SMARTS closed-loop urban-intersection simulations: collision-risk/emergency-braking is in",reported,NA:no explicit calibration target,triggered-intervention,cost-or-objective; discrete-trigger,reported,NR:feedback timing not reported,NA:no explicit guarantee target,none,G0,none,NA:no statistical guarantee,NA:no statistical guarantee,NA:no statistical guarantee,not-applicable,uncertainty_conditioned_policy,none,fixed-or-conditioned-threshold; see intervention evidence,emergency braking/stop,reported,NR:end-to-end online latency not reported,reported,INTERACTION; Shifts,NR:predictive metrics not extracted,NA:no calibration metrics,NR:safety metrics not extracted,efficiency/travel-time; reward/return,core
REC-A67D6501E074,C-TRAIL: A Commonsense World Framework for Trajectory Planning in Autonomous Driving,"Cui, Zhihong; Tang, Haoran; Li, Tianyi; Li, Yushuai; Guan, Peiyuan; Taherkordi, Amir; Skeie, Tor",2026,IEEE Transactions on Vehicular Technology,10.1109/tvt.2026.3682668,Article,yes,core,vehicle-vehicle; road-autonomous-driving,perception-interface; planning; policy-learning,uncertainty-estimator,highway,vehicle,state; image,action,weather_or_visibility,NA:no explicit distribution-shift construction,NA:no explicit distribution-shift evaluation,no,infeasible-planning,empirical-validated,NR:actionable monitoring horizon not reported,prediction-error; planning-infeasibility; reward-or-cost,probabilistic_model,distribution,unspecified,model-output-score,"The signal is the per-relation **trust score C_t** (Definition 3,), a dual-uncertainty/reliability metric that combines *commonsense trust* (semantic consistency across multiple LLM queries) and *kinematic trust* (physical feasibility of the LLM-recommended action). This signal quantifies the reliability of LLM-generated commonsense knowledge used for trajectory planning in autonomous driving.",reported,NA:no explicit calibration target,constraint-or-cost,none,reported,delayed observed outcome,NA:no explicit guarantee target,none,G0,none,NA:no statistical guarantee,NA:no statistical guarantee,NA:no statistical guarantee,not-applicable,uncertainty_conditioned_policy,none,fixed-or-conditioned-threshold; see intervention evidence,NR:fallback policy not reported,reported,reported at PDF p. 7: Inference time 14–18 s,NR:transportation-system impact not reported,INTERACTION; HighD; Shifts,ADE; FDE; accuracy/AUROC,NA:no calibration metrics,NR:safety metrics not extracted,completion/success; efficiency/travel-time; comfort; reward/return,core
REC-AC89E8C9CD96,Chance-Constrained Trajectory Planning With Multimodal Environmental Uncertainty,"Ren, Kai; Ahn, Heejin; Kamgarpour, Maryam",2023,IEEE Control Systems Letters,10.1109/lcsys.2022.3186269,Article,yes,core,traffic-system; road-autonomous-driving,perception-interface; motion-forecasting; planning; control-interface,predictor; planner,intersection,vehicle; robot; heterogeneous,NR:input modality not reported in extracted evidence,safety-constraint,weather_or_visibility,NA:no explicit distribution-shift construction,NA:no explicit distribution-shift evaluation,no,collision; constraint-violation; infeasible-planning,formal-quantitative,reported,constraint-violation; planning-infeasibility,post_hoc_calibration; mixture_model; probabilistic_model,distribution; bound-or-constraint,unspecified,model-output-score,"The paper presents a chance-constrained trajectory planner for autonomous driving that consumes a learned GMM-based multimodal uncertainty signal (future positions of other vehicles predicted by Trajectron++) within a mixed-integer second-order cone trajectory optimization problem. The signal directly changes the planned trajectory: the GMM uncertainty distribution determines the tightness of the chance/CVaR constraints in (15)-(16), and different uncertainty modelling choices (GMM vs unimodal Gaussian) produce dif",NR:risk or safety loss not explicitly reported,trajectory; constraint,constraint-or-cost,none,reported,NR:feedback timing not reported,NA:no explicit guarantee target,none,G0,none,NA:no statistical guarantee,yes,NA:no statistical guarantee,not-applicable,trajectory_modification,none,chance-constraint,NR:fallback policy not reported,reported,reported at PDF p. 6: Computational Time: Within 1.5 s,NR:transportation-system impact not reported,nuScenes,NR:predictive metrics not extracted,ECE,constraint-violation,NR:utility metrics not extracted,core
REC-ACCC42AB6620,Uncertainty Quantification with Statistical Guarantees in End-to-End Autonomous Driving Control,"Michelmore, Rhiannon; Wicker, Matthew; Laurenti, Luca; Cardelli, Luca; Gal, Yarin; Kwiatkowska, Marta",2020,Proceedings - IEEE International Conference on Robotics and Automation,10.1109/icra40945.2020.9196844,Conference paper,yes,core,vehicle-pedestrian; traffic-system; road-autonomous-driving,perception-interface; control-interface; policy-learning,uncertainty-estimator,intersection,vehicle; pedestrian; heterogeneous,image; LiDAR,action,weather_or_visibility,NA:no explicit distribution-shift construction,NA:no explicit distribution-shift evaluation,no,collision,formal-quantitative,NR:actionable monitoring horizon not reported,NR:risk label source not explicitly reported,mc_dropout; bayesian_neural_network; probabilistic_model,interval; variance,unspecified,model-output-score,"BNN confidence and mutual information receive Chernoff statistical bounds and trigger slowing, braking or takeover; CARLA experiments evaluate collision avoidance and probabilistic safety.",reported,NA:no explicit calibration target,triggered-intervention,discrete-trigger,reported,NR:feedback timing not reported,NA:no explicit guarantee target,empirical_confidence,G1,none,NR:guarantee scope not explicit,NR:not reported,NR:not established,conditional,simplex_or_fallback,none,fixed-or-conditioned-threshold; see intervention evidence,human takeover,NR:intervention cost not reported,NR:end-to-end online latency not reported,NR:transportation-system impact not reported,CARLA,accuracy/AUROC,NA:no calibration metrics,NR:safety metrics not extracted,reward/return,core
REC-ACFDB6A98E44,Safe Planning and Control Under Uncertainty for Self-Driving,"Khaitan, Shivesh; Lin, Qin; Dolan, John M.",2021,IEEE TRANSACTIONS ON VEHICULAR TECHNOLOGY,10.1109/tvt.2021.3108525,Article,yes,core,vehicle-vehicle; road-autonomous-driving,perception-interface; planning; control-interface,predictor,urban; intersection,vehicle; cyclist; robot; heterogeneous,state,action,weather_or_visibility; model_misspecification,NA:no explicit distribution-shift construction,NA:no explicit distribution-shift evaluation,no,collision,formal-quantitative,reported,NR:risk label source not explicitly reported,formal_or_reachability_bound; probabilistic_model,NR:uncertainty output not explicitly reported,unspecified,not-applicable,两阶段障碍物占用集合表征预测不确定性，在线GPR以残差均值和标准差学习自车模型扰动边界。,NR:risk or safety loss not explicitly reported,NA:no explicit calibration target,constraint-or-cost,none,NR:operational threshold not reported,delayed observed outcome,NA:no explicit guarantee target,none,G0,none,NA:no statistical guarantee,NA:no statistical guarantee,NA:no statistical guarantee,not-applicable,trajectory_modification,none,continuous constraint-or-cost,NR:fallback policy not reported,reported,NR:end-to-end online latency not reported,NR:transportation-system impact not reported,CARLA,NR:predictive metrics not extracted,NA:no calibration metrics,NR:safety metrics not extracted,efficiency/travel-time; comfort; reward/return,core
REC-AFDA15A675EC,Ensemble Bayesian Decision Making with Redundant Deep Perceptual Control Policies,"Lee, Keuntaek; Wang, Ziyi; Vlahov, Bogdan; Brar, Harleen; Theodorou, Evangelos A.",2019,"Proceedings - 18th IEEE International Conference on Machine Learning and Applications, ICMLA 2019",10.1109/icmla.2019.00145,Conference paper,yes,core,road-autonomous-driving,perception-interface; risk-monitoring; control-interface; policy-learning,risk-monitor,parking,vehicle; robot; heterogeneous,image; LiDAR; radar,action,weather_or_visibility; sensor_or_perception_error; epistemic_uncertainty; aleatoric_uncertainty,synthetic perturbation; online temporal change,natural; synthetic,no,collision,empirical-validated,NR:actionable monitoring horizon not reported,collision; reward-or-cost,deep_ensemble; mc_dropout; bayesian_neural_network; probabilistic_model,variance; distribution,aleatoric; epistemic,hybrid:ensemble-derived+oracle-injected,"The predictive uncertainty (total variance combining aleatoric and epistemic components, Eq. 5, PDF_PAGE 4) from each BNN in the ensemble. Each BNN outputs a Gaussian distribution (mean steering command and variance) via Monte Carlo dropout; the total variance per network is computed from sampled outputs. (b) Changes",reported,NA:no explicit calibration target,triggered-intervention,discrete-trigger,NR:operational threshold not reported,NR:feedback timing not reported,NA:no explicit guarantee target,none,G0,none,NA:no statistical guarantee,NA:no statistical guarantee,NA:no statistical guarantee,not-applicable,abstention_or_rejection,none,continuous constraint-or-cost,NR:fallback policy not reported,reported,reported at PDF p. 5: real time (20Hz,NR:transportation-system impact not reported,Shifts,accuracy/AUROC,NA:no calibration metrics,NR:safety metrics not extracted,efficiency/travel-time; reward/return,core
REC-AFDD3B7A93D6,"Safe, learning-based MPC for highway driving under lane-change uncertainty: A distributionally robust approach","Schuurmans, Mathijs; Katriniok, Alexander; Meissen, Christopher; Tseng, H. Eric; Patrinos, Panagiotis",2023,ARTIFICIAL INTELLIGENCE,10.1016/j.artint.2023.103920,Article,yes,core,vehicle-vehicle; road-autonomous-driving,planning; control-interface; policy-learning,NA:no learned component clearly identified,highway; urban,vehicle,state,prediction-set; action; safety-constraint,weather_or_visibility,NA:no explicit distribution-shift construction,NA:no explicit distribution-shift evaluation,no,collision; task-failure,formal-quantitative,reported,NR:risk label source not explicitly reported,probabilistic_model,set; distribution; bound-or-constraint,unspecified,model-output-score,"The signal is statistically calibrated uncertainty in learned Markov-transition probabilities for surrounding vehicles, represented by online-updated total-variation ambiguity sets and distributionally robust/AVaR risk constraints. It is explicitly consumed by a receding-horizon MPC planner: ambiguity sets determine worst-case scenario-tree costs and collision-avoidance constraints, changing the optimized control action and trajectory as observations accumulate. Safety/task consequences are evaluated in highway clo",NR:risk or safety loss not explicitly reported,constraint,constraint-or-cost,none,reported,delayed observed outcome,NA:no explicit guarantee target,none,G0,none,NA:no statistical guarantee,NA:no statistical guarantee,NA:no statistical guarantee,not-applicable,mpc_filter,none,chance-constraint,backup safety controller,reported,NR:end-to-end online latency not reported,NR:transportation-system impact not reported,NR:dataset or simulator not extracted,NR:predictive metrics not extracted,NA:no calibration metrics,constraint-violation; intervention/failure,efficiency/travel-time,core
REC-B114D459CA78,Integrated Decision Making and Trajectory Planning for Autonomous Driving Under Multimodal Uncertainties: A Bayesian Game Approach,"Huang, Zhenmin; Li, Tong; Shen, Shaojie; Ma, Jun",2026,IEEE Transactions on Vehicular Technology,10.1109/tvt.2026.3686368,Article,yes,core,vehicle-vehicle; traffic-system; road-autonomous-driving,planning; policy-learning,NA:no learned component clearly identified,urban; intersection,vehicle; robot; heterogeneous,trajectory,action,weather_or_visibility; behavior_shift,NA:no explicit distribution-shift construction,NA:no explicit distribution-shift evaluation,no,collision,formal-quantitative,NR:actionable monitoring horizon not reported,collision; minimum-distance,probabilistic_model,distribution,unspecified,model-output-score,"The uncertainty/risk signal is the probability distribution (belief) over the driving intentions/types (e.g., aggressive vs. conservative, turning vs. straight-going) of other traffic participants, representing multimodal behavioral uncertainty in the interactive driving setting.",NR:risk or safety loss not explicitly reported,NA:no explicit calibration target,constraint-or-cost,none,NR:operational threshold not reported,NR:feedback timing not reported,NA:no explicit guarantee target,none,G0,none,NA:no statistical guarantee,NA:no statistical guarantee,NA:no statistical guarantee,not-applicable,trajectory_modification,none,continuous constraint-or-cost,NR:fallback policy not reported,reported,NR:end-to-end online latency not reported,NR:transportation-system impact not reported,INTERACTION; Shifts,NR:predictive metrics not extracted,NA:no calibration metrics,collision; TTC/min-distance,efficiency/travel-time; comfort,core
REC-B2426AE57214,Research on Traffic Vehicle Behavior Prediction Method Based on Game Theory and HMM,"Zhang, Sumin; Zhi, Yongshuai; He, Rui; Li, Jianping",2020,IEEE ACCESS,10.1109/access.2020.2971705,Article,yes,core,vehicle-vehicle; road-autonomous-driving,perception-interface; behavior-prediction; motion-forecasting; planning; control-interface,NA:no learned component clearly identified,NR:road context not specified,vehicle; robot; heterogeneous,trajectory,NR:output object not explicit,weather_or_visibility,NA:no explicit distribution-shift construction,NA:no explicit distribution-shift evaluation,no,collision,empirical-validated,NR:actionable monitoring horizon not reported,NR:risk label source not explicitly reported,mixture_model; probabilistic_model,distribution,unspecified,model-output-score,由NGSIM训练的GMM-HMM输出周车LCL/LK/LCR行为概率，训练后的收益函数同时编码碰撞风险、前方可行空间和舒适度。,NR:risk or safety loss not explicitly reported,collision,constraint-or-cost,none,NR:operational threshold not reported,NR:feedback timing not reported,NA:no explicit guarantee target,none,G0,none,NA:no statistical guarantee,NA:no statistical guarantee,NA:no statistical guarantee,not-applicable,trajectory_modification,none,continuous constraint-or-cost,NR:fallback policy not reported,reported,NR:end-to-end online latency not reported,NR:transportation-system impact not reported,INTERACTION; NGSIM,accuracy/AUROC,NA:no calibration metrics,NR:safety metrics not extracted,efficiency/travel-time; comfort,core
REC-B3DF8CF60E3C,Safe Motion Planning Against Multimodal Distributions Based on a Scenario Approach,"Ahn, Heejin; Chen, Colin; Mitchell, Ian M.; Kamgarpour, Maryam",2022,IEEE Control Systems Letters,10.1109/lcsys.2021.3089641,Article,yes,core,vehicle-vehicle; traffic-system; road-autonomous-driving,perception-interface; planning; control-interface,NA:no learned component clearly identified,urban; intersection,vehicle,image; LiDAR,safety-constraint,weather_or_visibility,online temporal change,synthetic,no,collision,formal-quantitative,NR:actionable monitoring horizon not reported,NR:risk label source not explicitly reported,probabilistic_model,distribution; bound-or-constraint,unspecified,model-output-score,"The signal is multimodal predicted obstacle trajectories sampled from a forecasting DNN, with scenario-derived risk level ε and confidence β. These forecasts are explicitly consumed by a chance-constrained mixed-integer motion planner: cluster polytopes become collision-avoidance constraints that determine the ego trajectory/actions. Safety is evaluated through probabilistic guarantees, empirical violation rates in lane-change simulation, and zero violations over 10^5 new predictions for a nuScenes intersection exa",NR:risk or safety loss not explicitly reported,constraint,constraint-or-cost,none,reported,NR:feedback timing not reported,NA:no explicit guarantee target,empirical_confidence,G1,none,trajectory,yes,NR:not established,conditional,trajectory_modification,none,chance-constraint,NR:fallback policy not reported,reported,NR:end-to-end online latency not reported,NR:transportation-system impact not reported,nuScenes; INTERACTION,accuracy/AUROC,NA:no calibration metrics,constraint-violation,NR:utility metrics not extracted,core
REC-D6B6F553C956,Autonomous vehicle path planning by searching with differentiable simulation,Asen Nachkov; Jan-Nico Zaech; Danda Pani Paudel; Xi Wang; Luc Van Gool,2026,Proceedings of the Fortieth AAAI Conference on Artificial Intelligence and Thirty-Eighth Conference on Innovative Applications of Artificial Intelligence and Sixteenth Symposium on Educational Advances in Artificial Intelligence,10.1609/aaai.v40i22.38917,Conference Paper,yes,core,traffic-system; road-autonomous-driving,perception-interface; motion-forecasting; planning; control-interface; policy-learning,world-model; policy,intersection,vehicle; robot; vessel; heterogeneous,image; LiDAR,action,traffic_density_shift; weather_or_visibility,NA:no explicit distribution-shift construction,NA:no explicit distribution-shift evaluation,no,collision,formal-quantitative,NR:actionable monitoring horizon not reported,collision; prediction-error; reward-or-cost,mixture_model; generative_or_diffusion,distribution,unspecified,model-output-score,"The signal is the probability of collision/offroad events predicted by a learned multi-label classifier pϕ, trained on simulated trajectories via binary cross-entropy loss to approximate non-differentiable collision/offroad detection functions.",reported,NA:no explicit calibration target,constraint-or-cost,none,NR:operational threshold not reported,delayed observed outcome,NA:no explicit guarantee target,none,G0,none,NA:no statistical guarantee,NA:no statistical guarantee,NA:no statistical guarantee,not-applicable,trajectory_modification,none,continuous constraint-or-cost,NR:fallback policy not reported,reported,NR:end-to-end online latency not reported,NR:transportation-system impact not reported,Waymo; INTERACTION,ADE; accuracy/AUROC,NA:no calibration metrics,collision,efficiency/travel-time; reward/return,core
REC-D99B6FB84335,Reachability-Based Trajectory Safeguard (RTS): A Safe and Fast Reinforcement Learning Safety Layer for Continuous Control,Y. S. Shao; C. Chen; S. Kousik; R. Vasudevan,2021,IEEE Robotics and Automation Letters,10.1109/lra.2021.3063989,IEEE Journals,yes,core,general-autonomous-system,perception-interface; planning; control-interface; policy-learning,policy,NR:road context not specified,vehicle; robot; heterogeneous,NR:input modality not reported in extracted evidence,safety-constraint,weather_or_visibility; malicious_or_untrusted_information,NA:no explicit distribution-shift construction,NA:no explicit distribution-shift evaluation,no,collision,formal-quantitative,NR:actionable monitoring horizon not reported,reward-or-cost,formal_or_reachability_bound,NR:uncertainty output not explicitly reported,unspecified,not-applicable,前向可达集及跟踪误差/占用集合把候选轨迹参数映射为安全或不安全集合。,reported,constraint,constraint-or-cost,none,NR:operational threshold not reported,NR:feedback timing not reported,NA:no explicit guarantee target,none,G0,reachability,NA:no statistical guarantee,NA:no statistical guarantee,NA:no statistical guarantee,not-applicable,trajectory_modification,none,continuous constraint-or-cost,emergency braking/stop,reported,reported at PDF p. 7: real-time limit 1) Task and Method: This experiment requires a quadrotor tplan = 1 s,NR:transportation-system impact not reported,NR:dataset or simulator not extracted,accuracy/AUROC,NA:no calibration metrics,NR:safety metrics not extracted,completion/success; reward/return,core
REC-DF7F904075A0,Deep Reinforcement Learning-Based Driving Strategy for Avoidance of Chain Collisions and Its Safety Efficiency Analysis in Autonomous Vehicles,"Muzahid, Abu Jafar Md; Kamarulzaman, Syafiq Fauzi; Rahman, Md. Arafatur; Alenezi, Ali H.",2022,IEEE ACCESS,10.1109/access.2022.3167812,Article,yes,core,vehicle-vehicle; traffic-system; road-autonomous-driving,perception-interface; planning; control-interface; policy-learning,policy,highway,vehicle; vessel; heterogeneous,image; LiDAR; V2X,NR:output object not explicit,weather_or_visibility,NA:no explicit distribution-shift construction,NA:no explicit distribution-shift evaluation,no,collision,empirical-validated,NR:actionable monitoring horizon not reported,collision; reward-or-cost,deterministic_confidence,NR:uncertainty output not explicitly reported,unspecified,not-applicable,周车位置与速度、前车尾灯紧急提示、相对距离阈值及碰撞/驶离道路失败反馈共同表征突发减速或换道下的链式碰撞风险。,reported,collision,constraint-or-cost,none,reported,NR:feedback timing not reported,NA:no explicit guarantee target,none,G0,none,NA:no statistical guarantee,NA:no statistical guarantee,NA:no statistical guarantee,not-applicable,trajectory_modification,none,fixed-or-conditioned-threshold; see intervention evidence,emergency braking/stop,reported,NR:end-to-end online latency not reported,reported,INTERACTION; Shifts,accuracy/AUROC,NA:no calibration metrics,collision,completion/success; efficiency/travel-time; comfort; reward/return,core
REC-E1726A0F1F49,Trajectory planning under environmental uncertainty with finite-sample safety guarantees,"Lefkopoulos, Vasileios; Kamgarpour, Maryam",2021,AUTOMATICA,10.1016/j.automatica.2021.109754,Article,yes,core,road-autonomous-driving,perception-interface; planning; control-interface,planner,urban; intersection,vehicle; robot; heterogeneous,image; LiDAR,prediction-set; safety-constraint,weather_or_visibility,NA:no explicit distribution-shift construction,NA:no explicit distribution-shift evaluation,no,constraint-violation,formal-quantitative,NR:actionable monitoring horizon not reported,constraint-violation,formal_or_reachability_bound; probabilistic_model,set; variance; distribution; bound-or-constraint,unspecified,model-output-score,"The signal is finite-sample uncertainty in Gaussian obstacle-location/motion moments, quantified through concentration bounds r1/r2 and incorporated as tightened chance constraints. It directly changes planning/action: the MISOCP trajectory planner selects the ego trajectory and controls subject to these robustified constraints, and the receding-horizon algorithm re-estimates obstacle state/moments at each stage, resolves the plan, and applies the first control input. Safety/task evaluation is provided by probabili",NR:risk or safety loss not explicitly reported,constraint,constraint-or-cost,continuous-constraint,reported,delayed observed outcome,constraint-satisfaction,empirical_confidence,G1,chance-constrained-control,trajectory,NR:not reported,NR:not established,conditional,trajectory_modification,none,chance-constraint,NR:fallback policy not reported,reported,NR:end-to-end online latency not reported,NR:transportation-system impact not reported,NR:dataset or simulator not extracted,NR:predictive metrics not extracted,NA:no calibration metrics,constraint-violation,comfort,core
REC-E4E17460A3C3,Efficient Motion Planning With Minimax Objectives: Synergizing Interval Prediction and Tree-Based Planning,C. P. Vo; P. Jung; T. -H. Kim; J. H. Jeon,2024,IEEE Access,10.1109/access.2024.3376253,IEEE Journals,yes,core,vehicle-pedestrian,planning; control-interface,NA:no learned component clearly identified,highway; urban; intersection,vehicle; pedestrian; robot; vessel; heterogeneous,state,prediction-set,weather_or_visibility,NA:no explicit distribution-shift construction,NA:no explicit distribution-shift evaluation,no,collision; task-failure,formal-quantitative,reported,NR:risk label source not explicitly reported,formal_or_reachability_bound,set,unspecified,model-output-score,"The runtime signal is an online recursive-least-squares set-membership estimate of unknown dynamics, expressed as a shrinking confidence/uncertainty set and interval state predictions. That interval uncertainty is explicitly consumed by the minimax surrogate objective and improved tree-based planner to select action sequences/controllers, including collision-avoidance actions such as stopping or turning. Safety/task evaluation is provided in mobile-robot and autonomous-vehicle simulations: collision/failure rates,",NR:risk or safety loss not explicitly reported,NA:no explicit calibration target,constraint-or-cost,none,NR:operational threshold not reported,NR:feedback timing not reported,NA:no explicit guarantee target,none,G0,none,NA:no statistical guarantee,NA:no statistical guarantee,NA:no statistical guarantee,not-applicable,trajectory_modification,none,continuous constraint-or-cost,NR:fallback policy not reported,reported,NR:end-to-end online latency not reported,NR:transportation-system impact not reported,NR:dataset or simulator not extracted,accuracy/AUROC,NA:no calibration metrics,intervention/failure,efficiency/travel-time; reward/return,core
REC-F4F95DFDAE81,Enhancing Safety in Mixed Traffic: Learning-Based Modeling and Efficient Control of Autonomous and Human-Driven Vehicles,J. Wang; Y. V. Pant; L. Zhao; M. Antkiewicz; K. Czarnecki,2024,IEEE Transactions on Intelligent Transportation Systems,10.1109/tits.2024.3384050,IEEE Journals,yes,core,traffic-system; road-autonomous-driving,control-interface; policy-learning,policy,mixed,vehicle; robot; heterogeneous,V2X,action,weather_or_visibility,NA:no explicit distribution-shift construction,NA:no explicit distribution-shift evaluation,no,collision,formal-quantitative,reported,collision,mixture_model; probabilistic_model,variance; distribution,unspecified,model-output-score,"The learned signal is the Gaussian-process posterior uncertainty/variance for the human-driven vehicle velocity prediction, learned as a GP correction to an ARX car-following model. It is explicitly propagated through the GP-MPC and consumed as an additional probabilistic/adaptive AV–HV safe-distance constraint, so it changes the MPC feasible set and resulting AV actions rather than merely monitoring risk. The work uses a road mixed-traffic platoon setting with field data for HV-model training/validation and evalua",NR:risk or safety loss not explicitly reported,NA:no explicit calibration target,triggered-intervention,discrete-trigger,reported,NR:feedback timing not reported,NA:no explicit guarantee target,none,G0,none,NA:no statistical guarantee,NA:no statistical guarantee,NA:no statistical guarantee,not-applicable,emergency_braking,mpc_filter,chance-constraint,emergency braking/stop,reported,"reported at PDF p. 3: computational time required for each step of the GP- (nominal model) and a GP-based learning component [17], MPC was approximately 19 s",reported,INTERACTION,accuracy/AUROC,NA:no calibration metrics,TTC/min-distance,efficiency/travel-time,core
REC-F8F3547C363E,CogDrive: Cognition-driven multimodal prediction-planning fusion for safe autonomy,"Huang, Heye; Yang, Yibin; Fan, Mingfeng; Wang, Haoran; Zhao, Xiaocong; Wang, Jianqiang",2026,COMMUNICATIONS IN TRANSPORTATION RESEARCH,10.26599/commtr.2026.9640016,Article,yes,core,traffic-system; road-autonomous-driving,perception-interface; motion-forecasting; planning; control-interface; policy-learning,policy; uncertainty-estimator,urban; intersection; mixed,vehicle; robot; vessel; heterogeneous,trajectory; map; image; LiDAR,trajectory-distribution; candidate-plan; action; safety-constraint,traffic_density_shift; weather_or_visibility,NA:no explicit distribution-shift construction,NA:no explicit distribution-shift evaluation,no,collision,formal-quantitative,reported,reward-or-cost,mixture_model; generative_or_diffusion; formal_or_reachability_bound; probabilistic_model,variance; distribution,unspecified,model-output-score,"Multimodal probabilistic trajectory predictions (Gaussian mixture with mode probabilities pk) output by the cognition-driven prediction module, encoding uncertainty over interaction behaviors such as yielding, merging, and overtaking. (b) Changes",reported,trajectory; collision,triggered-intervention,continuous-constraint; discrete-trigger,NR:operational threshold not reported,NR:feedback timing not reported,NA:no explicit guarantee target,none,G0,none,NA:no statistical guarantee,NA:no statistical guarantee,NA:no statistical guarantee,not-applicable,simplex_or_fallback,none,continuous constraint-or-cost,replanning,reported,"reported at PDF p. 10: latency is accelerating. To preserve safety margins, the ego vehicle slightly approximately 40–50 ms",reported,Argoverse; INTERACTION; Shifts,ADE; FDE; accuracy/AUROC,Brier/NLL,NR:safety metrics not extracted,efficiency/travel-time; comfort,core
REC-FCE391AD0A5B,Reinforcement Learning with Uncertainty Estimation for Tactical Decision-Making in Intersections,"Hoel, Carl-Johan; Tram, Tommy; Sjöberg, Jonas",2020,"2020 IEEE 23rd International Conference on Intelligent Transportation Systems, ITSC 2020",10.1109/itsc45102.2020.9294407,Conference paper,yes,core,vehicle-vehicle; traffic-system; road-autonomous-driving,perception-interface; control-interface; policy-learning,policy; uncertainty-estimator,highway; intersection,vehicle,image,action,weather_or_visibility,NA:no explicit distribution-shift construction,NA:no explicit distribution-shift evaluation,no,collision; unsafe-control,empirical-validated,NR:actionable monitoring horizon not reported,collision; reward-or-cost,deep_ensemble,variance,unspecified,ensemble-derived,"the coefficient of variation cv(s,a) of Q-values across an ensemble of neural networks with randomized prior functions, used as a confidence criterion with threshold csafe_v. (b) Changes",reported,NA:no explicit calibration target,triggered-intervention,discrete-trigger; information-gathering,reported,NR:feedback timing not reported,NA:no explicit guarantee target,none,G0,none,NA:no statistical guarantee,NA:no statistical guarantee,NA:no statistical guarantee,not-applicable,candidate_reranking,uncertainty_conditioned_policy,fixed-or-conditioned-threshold; see intervention evidence,NR:fallback policy not reported,reported,NR:end-to-end online latency not reported,reported,NR:dataset or simulator not extracted,NR:predictive metrics not extracted,NA:no calibration metrics,collision,comfort; reward/return,core
SNOW-078DADA4E03E,Motion Planning for Autonomous Driving with Real Traffic Data Validation,Wenbo Chu; Kai Yang; Shen Li; Xiaolin Tang,2024,Chinese Journal of Mechanical Engineering,10.1186/s10033-023-00968-5,article,yes,core,vehicle-pedestrian; vehicle-vehicle; traffic-system; road-autonomous-driving,motion-forecasting; planning; control-interface; policy-learning,predictor; policy,highway; intersection,vehicle; pedestrian; heterogeneous,image,action,weather_or_visibility,NA:no explicit distribution-shift construction,NA:no explicit distribution-shift evaluation,no,collision,empirical-validated,NR:actionable monitoring horizon not reported,NR:risk label source not explicitly reported,deterministic_confidence,NR:uncertainty output not explicitly reported,unspecified,not-applicable,"Signal: a learned GNN predicts surrounding vehicle and pedestrian trajectories that represent future collision exposure. Planning/action consumption: MPC directly converts those predictions into hard collision-avoidance constraints and selects ego acceleration and steering. Safety/task evaluation: reconstructed real-traffic merging and roundabout cases compare GNN-MPC with constant-velocity MPC using feasibility, speed, control, and safe-passage outcomes, reporting reduced risk.",NR:risk or safety loss not explicitly reported,trajectory,constraint-or-cost,none,NR:operational threshold not reported,NR:feedback timing not reported,NA:no explicit guarantee target,none,G0,none,NA:no statistical guarantee,NA:no statistical guarantee,NA:no statistical guarantee,not-applicable,mpc_filter,none,continuous constraint-or-cost,NR:fallback policy not reported,reported,NR:end-to-end online latency not reported,reported,INTERACTION,accuracy/AUROC,NA:no calibration metrics,NR:safety metrics not extracted,efficiency/travel-time,core
SNOW-0B17B7A3D0E5,Scenario-Optimization-Based Velocity Planning of Autonomous Vehicles for Interacting With Pedestrians,Bence Jekl; Zvonimir Dabčević; Balázs Németh; Branimir Škugor; Péter Gáspár,2025,SZTAKI Publication Repository (Hungarian Academy of Sciences),10.1109/tits.2025.3531506,article,yes,core,vehicle-pedestrian; vehicle-vehicle; traffic-system; road-autonomous-driving,behavior-prediction; motion-forecasting; planning; control-interface; policy-learning,policy; uncertainty-estimator,urban; intersection,vehicle; pedestrian; vessel; heterogeneous,image; V2X,action,environmental_shift; weather_or_visibility,NA:no explicit distribution-shift construction,NA:no explicit distribution-shift evaluation,no,collision,formal-quantitative,NR:actionable monitoring horizon not reported,NR:risk label source not explicitly reported,deterministic_confidence,NR:uncertainty output not explicitly reported,unspecified,not-applicable,强化学习给出的候选加速度与基于行人运动统计样本构造的碰撞机会约束；,NR:risk or safety loss not explicitly reported,trajectory,constraint-or-cost,none,reported,NR:feedback timing not reported,NA:no explicit guarantee target,none,G0,none,NA:no statistical guarantee,NA:no statistical guarantee,NA:no statistical guarantee,not-applicable,trajectory_modification,none,chance-constraint,NR:fallback policy not reported,reported,reported at PDF p. 12: computational time is between 0.01s,reported,SUMO; INTERACTION,accuracy/AUROC,NA:no calibration metrics,TTC/min-distance; constraint-violation,efficiency/travel-time,core
SNOW-0E3524E24C47,S$^{\text{4}}$TP: Social-Suitable and Safety-Sensitive Trajectory Planning for Autonomous Vehicles,Xiao Wang; Ke Tang; Xingyuan Dai; Jintao Xu; Quancheng Du; Rui Ai; Yuxiao Wang; Weihao Gu,2023,arXiv (Cornell University),10.1109/tiv.2023.3338483,article,yes,core,vehicle-pedestrian; vehicle-vehicle; traffic-system; road-autonomous-driving,perception-interface; behavior-prediction; motion-forecasting; planning; control-interface; policy-learning,predictor; policy,intersection; mixed,vehicle; pedestrian; heterogeneous,trajectory; V2X,action,weather_or_visibility,NA:no explicit distribution-shift construction,NA:no explicit distribution-shift evaluation,no,collision,empirical-validated,reported,reward-or-cost,deterministic_confidence,NR:uncertainty output not explicitly reported,unspecified,not-applicable,"Signal: Transformer/GRU interaction-aware trajectory predictions feed a dynamic Social-Aware Driving Risk Field that computes future trajectory risk values. Planning/action consumption: the risk field scores sampled trajectories online, and the highest-safety low-risk trajectory is selected for downstream control. Evaluation: SMARTS experiments across left-turn, merging, cruising, and overtaking scenarios report success/non-collision, efficiency, comfort/humanness, and risk-field ablations over 500 traffic flows.",NR:risk or safety loss not explicitly reported,trajectory,constraint-or-cost,none,reported,NR:feedback timing not reported,NA:no explicit guarantee target,none,G0,none,NA:no statistical guarantee,NA:no statistical guarantee,NA:no statistical guarantee,not-applicable,trajectory_modification,none,fixed-or-conditioned-threshold; see intervention evidence,replanning,reported,NR:end-to-end online latency not reported,reported,INTERACTION,accuracy/AUROC,NA:no calibration metrics,NR:safety metrics not extracted,completion/success; efficiency/travel-time; comfort,core
SNOW-11FB9E6D0AD3,Visual-based Autonomous Driving Deployment from a Stochastic and Uncertainty-aware Perspective,Lei Tai; Yun Peng; Yuying Chen; Congcong Liu; Haoyang Ye; Ming Liu,2019,arXiv (Cornell University),10.48550/arxiv.1903.00821,preprint,no,core,vehicle-pedestrian; mobile-robot-or-general-robotics; road-autonomous-driving,perception-interface; planning; control-interface; policy-learning,policy; uncertainty-estimator,NR:road context not specified,vehicle; pedestrian; robot; heterogeneous,image,prediction-set; action,cross_city_or_domain; weather_or_visibility; epistemic_uncertainty; aleatoric_uncertainty,synthetic perturbation; online temporal change; adversarial construction,natural; synthetic; adversarial,no,NR:safety consequence not explicitly operationalized,empirical-validated,NR:actionable monitoring horizon not reported,NR:risk label source not explicitly reported,generative_or_diffusion,set; variance,aleatoric; epistemic,model-output-score,信号是 uncertainty-aware imitation learning 网络针对多幅随机/定向域转换图像同时输出的控制动作与 aleatoric data uncertainty；部署时系统从候选动作中选择不确定性最低者作为最终转向和加速命令，因而实时改变车辆动作并规避高不确定决策；CARLA 动态导航基准评价 25 条路线的完成距离、偏航/碰撞等违规和动态车辆/行人碰撞，结果显示最低不确定性选择提升成功与安全表现。,reported,NA:no explicit calibration target,constraint-or-cost,none,NR:operational threshold not reported,delayed observed outcome,NA:no explicit guarantee target,none,G0,none,NA:no statistical guarantee,NA:no statistical guarantee,NA:no statistical guarantee,not-applicable,trajectory_modification,none,continuous constraint-or-cost,NR:fallback policy not reported,reported,NR:end-to-end online latency not reported,NR:transportation-system impact not reported,CARLA; INTERACTION,accuracy/AUROC,NA:no calibration metrics,NR:safety metrics not extracted,NR:utility metrics not extracted,core
SNOW-25B19D17B63C,A Trajectory Planning Method Considering Uncertainties Based on FSGP-MPC,天宏 许,2025,Operations Research and Fuzziology,10.12677/orf.2025.152110,article,yes,core,road-autonomous-driving,planning; control-interface,NA:no learned component clearly identified,NR:road context not specified,vehicle; robot; heterogeneous,NR:input modality not reported in extracted evidence,safety-constraint,weather_or_visibility,NA:no explicit distribution-shift construction,NA:no explicit distribution-shift evaluation,no,NR:safety consequence not explicitly operationalized,formal-quantitative,NR:actionable monitoring horizon not reported,NR:risk label source not explicitly reported,probabilistic_model,bound-or-constraint,unspecified,model-output-score,有限样本高斯过程输出障碍物轨迹均值与协方差，并实时形成风险分配系数和机会约束；,NR:risk or safety loss not explicitly reported,constraint,constraint-or-cost,none,reported,delayed observed outcome,NA:no explicit guarantee target,none,G0,none,NA:no statistical guarantee,NA:no statistical guarantee,NA:no statistical guarantee,not-applicable,mpc_filter,none,chance-constraint,NR:fallback policy not reported,NR:intervention cost not reported,NR:end-to-end online latency not reported,NR:transportation-system impact not reported,NR:dataset or simulator not extracted,NR:predictive metrics not extracted,NA:no calibration metrics,NR:safety metrics not extracted,NR:utility metrics not extracted,core
SNOW-4F7700CA3A8D,Safe end-to-end imitation learning for model predictive control,Keuntaek Lee; Kamil Saigol; Evangelos A. Theodorou,2018,arXiv (Cornell University),10.48550/arxiv.1803.10231,preprint,no,core,mobile-robot-or-general-robotics; road-autonomous-driving,perception-interface; control-interface; policy-learning,policy; uncertainty-estimator,NR:road context not specified,vehicle; robot; vessel; heterogeneous,image,NR:output object not explicit,weather_or_visibility; aleatoric_uncertainty,NA:no explicit distribution-shift construction,NA:no explicit distribution-shift evaluation,no,collision,empirical-validated,NR:actionable monitoring horizon not reported,NR:risk label source not explicitly reported,bayesian_neural_network; selective_prediction; probabilistic_model,variance,aleatoric,model-output-score,信号是贝叶斯神经网络通过测试时 dropout 与异方差输出得到的认知和偶然预测不确定性；当不确定性超过强化学习自动学得的阈值时，控制权从学习策略切换给 MPC-DDP 专家，从而直接改变转向控制并对新障碍采取接管避碰；AutoRally 视觉驾驶与避障仿真用任务完成奖励、阈值两侧成功/失败结果及未见障碍避碰验证安全和任务后果。,reported,collision,constraint-or-cost,none,reported,delayed observed outcome,NA:no explicit guarantee target,none,G0,none,NA:no statistical guarantee,NA:no statistical guarantee,NA:no statistical guarantee,not-applicable,mpc_filter,none,fixed-or-conditioned-threshold; see intervention evidence,NR:fallback policy not reported,NR:intervention cost not reported,reported at PDF p. 5: real-time MPC controller operating between 40Hz,NR:transportation-system impact not reported,Lyft,NR:predictive metrics not extracted,NA:no calibration metrics,NR:safety metrics not extracted,completion/success; reward/return,core
SNOW-50ABDCC74C4C,Reinforcement Learning with Probabilistic Guarantees for Autonomous Driving,Maxime Bouton; Jesper Karlsson; Alireza Nakhaei; Kikuo Fujimura; Mykel J. Kochenderfer; Jana Tůmová,2019,arXiv (Cornell University),10.48550/arxiv.1904.07189,preprint,no,core,vehicle-pedestrian; vehicle-vehicle; traffic-system; road-autonomous-driving,policy-learning,policy,urban; intersection,vehicle; pedestrian; heterogeneous,NR:input modality not reported in extracted evidence,safety-constraint,weather_or_visibility,NA:no explicit distribution-shift construction,NA:no explicit distribution-shift evaluation,no,collision; unsafe-control,formal-quantitative,NR:actionable monitoring horizon not reported,collision; reward-or-cost,formal_or_reachability_bound; probabilistic_model,NR:uncertainty output not explicitly reported,unspecified,not-applicable,模型检验计算各状态-动作满足LTL无碰撞规范的概率，并以0.9999阈值形成可接受动作集；,reported,NA:no explicit calibration target,constraint-or-cost,none,reported,NR:feedback timing not reported,NA:no explicit guarantee target,empirical_confidence,G1,none,NR:guarantee scope not explicit,NR:not reported,NR:not established,conditional,trajectory_modification,none,fixed-or-conditioned-threshold; see intervention evidence,NR:fallback policy not reported,reported,NR:end-to-end online latency not reported,NR:transportation-system impact not reported,INTERACTION,NR:predictive metrics not extracted,NA:no calibration metrics,collision; TTC/min-distance,efficiency/travel-time; reward/return,core
SNOW-6EA414DCDBC1,Driving in Real Life with Inverse Reinforcement Learning,Tung Phan-Minh; Forbes Howington; Ting-Sheng Chu; Sang Uk Lee; Momchil S. Tomov; Nanxiang Li; Caglayan Dicle; Samuel Findler; Francisco Suárez-Ruiz; Robert Beaudoin; Bo Yang; Sammy Omari; Eric M. Wolff,2022,arXiv (Cornell University),10.48550/arxiv.2206.03004,preprint,no,core,vehicle-pedestrian; road-autonomous-driving,perception-interface; motion-forecasting; planning; control-interface; policy-learning,planner; policy,highway; urban; parking,vehicle; pedestrian; cyclist; heterogeneous,map; image,action,traffic_density_shift; weather_or_visibility,NR:shift construction not detailed,natural; synthetic,no,collision,formal-quantitative,NR:actionable monitoring horizon not reported,TTC; reward-or-cost,deterministic_confidence,NR:uncertainty output not explicitly reported,unspecified,not-applicable,运行时信号包括候选轨迹的 TTC、前车距离/相对速度，以及在假设其他车辆急刹时的递归安全检查；安全过滤器先删除不安全候选，学习得到的 IRL 奖励再对剩余轨迹排序并将最佳轨迹交给底层控制器执行；闭环回放报告 Safety、碰撞、跟车过近、舒适性和进度，实车在拉斯维加斯大道还报告自动驾驶里程与接管，因而满足风险信号实际改变规划和安全/任务后果评价。,reported,NA:no explicit calibration target,constraint-or-cost,none,NR:operational threshold not reported,delayed observed outcome,NA:no explicit guarantee target,none,G0,none,NA:no statistical guarantee,NA:no statistical guarantee,NA:no statistical guarantee,not-applicable,trajectory_modification,none,continuous constraint-or-cost,human takeover,reported,NR:end-to-end online latency not reported,reported,CARLA; INTERACTION,NLL; accuracy/AUROC,Brier/NLL,collision; TTC/min-distance,comfort; reward/return,core
SNOW-734D8279745B,Interaction-Aware Probabilistic Trajectory Prediction of Cut-In Vehicles Using Gaussian Process for Proactive Control of Autonomous Vehicles,Youngmin Yoon; Changhee Kim; Jong‐Min Lee; Kyongsu Yi,2021,IEEE Access,10.1109/access.2021.3075677,article,yes,core,vehicle-vehicle; traffic-system; road-autonomous-driving,perception-interface; motion-forecasting; planning; control-interface,predictor,NR:road context not specified,vehicle,state,trajectory-distribution; action,weather_or_visibility; sensor_or_perception_error,NA:no explicit distribution-shift construction,NA:no explicit distribution-shift evaluation,no,collision,formal-quantitative,reported,NR:risk label source not explicitly reported,mixture_model; probabilistic_model,distribution,unspecified,model-output-score,由真实换道轨迹训练的GPR输出行为参数分布，EKF进一步给出切入车未来状态及位置标准差；,NR:risk or safety loss not explicitly reported,trajectory,constraint-or-cost,none,reported,delayed observed outcome,NA:no explicit guarantee target,none,G0,none,NA:no statistical guarantee,NA:no statistical guarantee,NA:no statistical guarantee,not-applicable,trajectory_modification,none,fixed-or-conditioned-threshold; see intervention evidence,NR:fallback policy not reported,reported,NR:end-to-end online latency not reported,reported,INTERACTION; NGSIM,accuracy/AUROC,NA:no calibration metrics,TTC/min-distance,efficiency/travel-time; comfort,core
SNOW-73A53C65A065,Emergency Pull-Over Algorithm for Level 4 Autonomous Vehicles Based on Model-Free Adaptive Feedback Control With Sensitivity and Learning Approaches,Jong‐Min Lee; Kwangseok Oh; Sechan Oh; Youngmin Yoon; Sangyoon Kim; Taejun Song; Kyongsu Yi,2022,IEEE Access,10.1109/access.2022.3156275,article,yes,core,traffic-system; road-autonomous-driving,perception-interface; planning; control-interface; policy-learning,NA:no learned component clearly identified,highway; urban; intersection; parking,vehicle; robot; vessel; heterogeneous,image; LiDAR; radar; V2X,action,weather_or_visibility,NA:no explicit distribution-shift construction,NA:no explicit distribution-shift evaluation,no,collision,empirical-validated,NR:actionable monitoring horizon not reported,NR:risk label source not explicitly reported,deterministic_confidence,NR:uncertainty output not explicitly reported,unspecified,not-applicable,上位控制器停机或通信断开触发失效标志，并结合末帧安全距离与在线误差/灵敏度估计；,NR:risk or safety loss not explicitly reported,NA:no explicit calibration target,triggered-intervention,discrete-trigger,NR:operational threshold not reported,delayed observed outcome,NA:no explicit guarantee target,none,G0,none,NA:no statistical guarantee,NA:no statistical guarantee,NA:no statistical guarantee,not-applicable,simplex_or_fallback,none,continuous constraint-or-cost,emergency braking/stop,reported,NR:end-to-end online latency not reported,NR:transportation-system impact not reported,Waymo,accuracy/AUROC,NA:no calibration metrics,TTC/min-distance,efficiency/travel-time; comfort,core
SNOW-7432A9EEAE7F,Learning Interaction-aware Guidance Policies for Motion Planning in Dense Traffic Scenarios,Bruno Brito; Achin Agarwal; Javier Alonso–Mora,2021,arXiv (Cornell University),10.48550/arxiv.2107.04538,preprint,no,core,vehicle-vehicle; traffic-system; road-autonomous-driving,perception-interface; planning; control-interface; policy-learning,predictor; policy,highway; intersection,vehicle; robot; heterogeneous,V2X,action; safety-constraint,traffic_density_shift; weather_or_visibility,NA:no explicit distribution-shift construction,NA:no explicit distribution-shift evaluation,no,collision; infeasible-planning; unsafe-control,formal-quantitative,NR:actionable monitoring horizon not reported,planning-infeasibility; reward-or-cost,formal_or_reachability_bound; probabilistic_model,NR:uncertainty output not explicitly reported,unspecified,not-applicable,学习式交互感知策略生成速度参考，MPCC可行性构成显式运行时失败信号；,reported,constraint,constraint-or-cost,none,reported,delayed observed outcome,NA:no explicit guarantee target,none,G0,none,NA:no statistical guarantee,NA:no statistical guarantee,NA:no statistical guarantee,not-applicable,trajectory_modification,none,fixed-or-conditioned-threshold; see intervention evidence,NR:fallback policy not reported,reported,reported at PDF p. 11: computation time of 1.35 ± 0.5 ms,NR:transportation-system impact not reported,Waymo; INTERACTION,NR:predictive metrics not extracted,NA:no calibration metrics,collision; TTC/min-distance,completion/success; efficiency/travel-time; comfort,core
SNOW-8354877E7A15,Deep Multi-agent Reinforcement Learning for Highway On-Ramp Merging in Mixed Traffic,"Dong Chen; Hajidavalloo, Mohammad; Zhaojian Li; Chen, Kaian; Yongqiang Wang; Longsheng Jiang; Yue Wang",2021,arXiv (Cornell University),10.48550/arxiv.2105.05701,preprint,no,core,road-autonomous-driving,control-interface; policy-learning,policy,highway; mixed,vehicle,image; V2X,action,traffic_density_shift; weather_or_visibility,NA:no explicit distribution-shift construction,NA:no explicit distribution-shift evaluation,no,collision; unsafe-control,empirical-validated,reported,collision; reward-or-cost,deterministic_confidence,NR:uncertainty output not explicitly reported,unspecified,not-applicable,安全监督器以车辆动力学和多步轨迹预测检测预测时域内碰撞并计算安全裕度；,reported,NA:no explicit calibration target,constraint-or-cost,none,reported,NR:feedback timing not reported,NA:no explicit guarantee target,none,G0,none,NA:no statistical guarantee,NA:no statistical guarantee,NA:no statistical guarantee,not-applicable,trajectory_modification,none,fixed-or-conditioned-threshold; see intervention evidence,NR:fallback policy not reported,reported,NR:end-to-end online latency not reported,reported,INTERACTION,NR:predictive metrics not extracted,NA:no calibration metrics,collision; TTC/min-distance,efficiency/travel-time; comfort; reward/return,core
SNOW-938E7EE86838,Equivariant Deep Learning of Mixed-Integer Optimal Control Solutions for Vehicle Decision Making and Motion Planning,Rudolf Reiter; Rien Quirynen; Moritz Diehl; Stefano Di Cairano,2024,arXiv (Cornell University),10.1109/tcst.2024.3400571,article,yes,core,vehicle-vehicle; traffic-system; road-autonomous-driving,perception-interface; planning; control-interface; policy-learning,predictor; policy,highway; intersection; unstructured,vehicle,trajectory; V2X,candidate-plan,weather_or_visibility,NA:no explicit distribution-shift construction,NA:no explicit distribution-shift evaluation,no,collision; infeasible-planning,empirical-validated,reported,planning-infeasibility,deep_ensemble; formal_or_reachability_bound; probabilistic_model,variance,unspecified,ensemble-derived,"Signal: A neural ensemble predicts mixed-integer maneuver assignments, and soft-QP slack or infeasibility exposes failed learned predictions. Consumption: Candidate QPs are compared and the feasibility projector repairs infeasible assignments into a collision-free reference trajectory tracked by NMPC. Evaluation: Open-loop infeasibility and suboptimality plus SUMO/CommonRoad closed-loop cost, collisions, and computation time demonstrate road-planning and safety consequences.",NR:risk or safety loss not explicitly reported,NA:no explicit calibration target,constraint-or-cost,none,reported,delayed observed outcome,NA:no explicit guarantee target,none,G0,none,NA:no statistical guarantee,NA:no statistical guarantee,NA:no statistical guarantee,not-applicable,trajectory_modification,none,fixed-or-conditioned-threshold; see intervention evidence,NR:fallback policy not reported,reported,"reported at PDF p. 3: real-time planning period tp , with Features that are modeled without structural symmetries are a target value of tp ≤ 0.2s",reported,CommonRoad; SUMO; INTERACTION,accuracy/AUROC,NA:no calibration metrics,NR:safety metrics not extracted,NR:utility metrics not extracted,core
SNOW-AE0C3B4E241A,Enhancing System-Level Safety in Mixed-Autonomy Platoon via Safe Reinforcement Learning,Jingyuan Zhou; Longhao Yan; Kaidi Yang,2024,arXiv (Cornell University),10.48550/arxiv.2401.11148,preprint,no,core,traffic-system; road-autonomous-driving,control-interface; policy-learning,policy,highway,vehicle,image; V2X,action; safety-constraint,weather_or_visibility,NA:no explicit distribution-shift construction,NA:no explicit distribution-shift evaluation,no,collision,formal-quantitative,NR:actionable monitoring horizon not reported,reward-or-cost,formal_or_reachability_bound,NR:uncertainty output not explicitly reported,unspecified,not-applicable,观测车距与速度并由学习式系统辨识估计周围人驾车辆动力学，CBF刻画车头时距安全裕量；,reported,NA:no explicit calibration target,constraint-or-cost,none,reported,delayed observed outcome,NA:no explicit guarantee target,none,G0,none,NA:no statistical guarantee,NA:no statistical guarantee,NA:no statistical guarantee,not-applicable,trajectory_modification,none,fixed-or-conditioned-threshold; see intervention evidence,NR:fallback policy not reported,reported,NR:end-to-end online latency not reported,reported,INTERACTION,accuracy/AUROC,NA:no calibration metrics,TTC/min-distance,efficiency/travel-time; comfort; reward/return,core
SNOW-CAF5AF34DF5C,Lane-Exchanging Driving Strategy for Autonomous Vehicle via Trajectory Prediction and Model Predictive Control,Yimin Chen; Huilong Yu; Jinwei Zhang; Dongpu Cao,2022,Chinese Journal of Mechanical Engineering,10.1186/s10033-022-00748-7,article,yes,core,vehicle-vehicle; traffic-system; road-autonomous-driving,motion-forecasting; planning; control-interface,NA:no learned component clearly identified,intersection,vehicle; vessel; heterogeneous,state; image,action,weather_or_visibility,NA:no explicit distribution-shift construction,NA:no explicit distribution-shift evaluation,no,collision,empirical-validated,reported,NR:risk label source not explicitly reported,mixture_model; probabilistic_model,distribution,unspecified,model-output-score,由道路数据学习的GMM给出周车未来轨迹条件分布并沿预测轨迹构造碰撞势场；,NR:risk or safety loss not explicitly reported,trajectory,constraint-or-cost,none,NR:operational threshold not reported,delayed observed outcome,NA:no explicit guarantee target,none,G0,none,NA:no statistical guarantee,NA:no statistical guarantee,NA:no statistical guarantee,not-applicable,mpc_filter,none,continuous constraint-or-cost,NR:fallback policy not reported,reported,NR:end-to-end online latency not reported,reported,INTERACTION,accuracy/AUROC,NA:no calibration metrics,NR:safety metrics not extracted,efficiency/travel-time; comfort,core
SNOW-D2B701ED3D7E,Maximum Acceptable Risk as Criterion for Decision-Making in Autonomous Vehicle Trajectory Planning,Maximilian Geisslinger; Rainer Trauth; Gemb Kaljavesi; Markus Lienkamp,2023,IEEE Open Journal of Intelligent Transportation Systems,10.1109/ojits.2023.3298973,article,yes,core,vehicle-vehicle; traffic-system; road-autonomous-driving,perception-interface; planning; control-interface; policy-learning,NA:no learned component clearly identified,NR:road context not specified,vehicle; cyclist; robot; heterogeneous,NR:input modality not reported in extracted evidence,NR:output object not explicit,weather_or_visibility; sensor_or_perception_error,NA:no explicit distribution-shift construction,NA:no explicit distribution-shift evaluation,no,collision; infeasible-planning,formal-quantitative,NR:actionable monitoring horizon not reported,collision; TTC; planning-infeasibility,mixture_model; formal_or_reachability_bound,distribution,unspecified,model-output-score,Wale-Net概率轨迹预测给出碰撞概率，事故数据训练的逻辑回归估计伤害并形成逐轨迹风险；,NR:risk or safety loss not explicitly reported,NA:no explicit calibration target,constraint-or-cost,none,reported,NR:feedback timing not reported,NA:no explicit guarantee target,none,G0,none,NA:no statistical guarantee,NA:no statistical guarantee,NA:no statistical guarantee,not-applicable,trajectory_modification,none,fixed-or-conditioned-threshold; see intervention evidence,NR:fallback policy not reported,reported,NR:end-to-end online latency not reported,reported,CommonRoad; INTERACTION,NR:predictive metrics not extracted,NA:no calibration metrics,TTC/min-distance,efficiency/travel-time; comfort,core
SNOW-D76D45F5D22D,Deep Imitation Learning for Autonomous Driving in Generic Urban Scenarios with Enhanced Safety,Jianyu Chen; Bodi Yuan; Masayoshi Tomizuka,2019,arXiv (Cornell University),10.48550/arxiv.1903.00640,preprint,no,core,vehicle-vehicle; traffic-system; road-autonomous-driving,perception-interface; planning; control-interface; policy-learning,planner; policy,urban; intersection,vehicle; cyclist; robot; heterogeneous,map; image,action,weather_or_visibility,NA:no explicit distribution-shift construction,NA:no explicit distribution-shift evaluation,no,collision; unsafe-control,formal-quantitative,NR:actionable monitoring horizon not reported,prediction-error,formal_or_reachability_bound,NR:uncertainty output not explicitly reported,unspecified,not-applicable,"Signal: a learned imitation trajectory planner produces candidate ego trajectories while an online safe-set index computed from ego/surrounding states detects unsafe control commands. Planning/action consumption: the safety controller projects tracking acceleration and steering into the control-safe set before those modified commands are executed. Safety/task evaluation: CARLA closed-loop intersection, roundabout, collision, out-of-lane, and success-rate comparisons show the safety controller changes outcomes.",reported,NA:no explicit calibration target,constraint-or-cost,none,NR:operational threshold not reported,delayed observed outcome,safe-set-invariance,none,G0,none,NA:no statistical guarantee,NA:no statistical guarantee,NA:no statistical guarantee,not-applicable,trajectory_modification,none,continuous constraint-or-cost,NR:fallback policy not reported,NR:intervention cost not reported,NR:end-to-end online latency not reported,NR:transportation-system impact not reported,Waymo; CARLA; INTERACTION,accuracy/AUROC,NA:no calibration metrics,collision,completion/success,core
